Telemetry_ID,Date_ID,Client_ID,Asset_ID,Power_Consumed_kWh,Avg_CPU_Utilization_Pct,Thermal_Reading_C,System_Alerts
1,20250814,149,5065,705.92,91.2,19.8,0.0
2,20260430,105,5005,1059.11,80.8,33.9,2.0
3,20260416,213,5017,89.0,,34.6,2.0
4,20260222,181,5064,191.39,25.1,34.3,0.0
5,20251115,208,5012,959.45,83.7,27.6,2.0
6,20260401,139,5039,80.97,45.2,22.2,
7,20250919,206,5087,449.12,45.6,34.8,3.0
8,20260116,277,5071,299.5,35.9,29.2,
9,20260123,153,5060,277.58,,25.7,
10,20260725,206,5022,1119.34,51.5,32.9,2.0
11,20260626,229,5058,1112.04,57.6,,0.0
12,20251114,299,5015,333.99,16.0,25.7,
13,20260209,257,5062,353.15,,18.9,0.0
14,20251014,221,5085,242.31,85.8,27.9,1.0
15,20260710,289,5070,718.24,54.7,18.9,
16,20260624,287,5031,1009.41,68.6,27.6,0.0
17,20251127,116,5032,377.16,60.1,32.0,
18,20260331,281,5028,245.05,59.4,33.6,2.0
19,20260320,136,5022,220.92,59.7,23.9,1.0
20,20251004,233,5097,1372.75,43.3,29.3,0.0
21,20260516,154,5085,346.04,93.1,20.7,2.0
22,20260223,244,5090,959.34,24.2,30.6,0.0
23,20260521,184,5012,1326.24,14.0,31.2,0.0
24,20260220,270,5014,484.41,74.9,24.1,0.0
25,20250810,223,5056,1045.8,,28.5,0.0
26,20251206,235,5092,273.2,11.1,25.7,0.0
27,20250817,197,5004,141.74,16.5,31.1,2.0
28,20260716,181,5021,1356.68,94.2,20.7,1.0
29,20260627,145,5042,736.91,39.6,27.3,0.0
30,20260610,218,5050,61.05,77.6,27.1,0.0
31,20251130,237,5099,593.08,69.1,27.0,0.0
32,20250831,188,5036,822.89,19.8,31.0,3.0
33,20260627,240,5029,1042.44,28.9,28.2,0.0
34,20260722,191,5093,1344.71,93.6,19.4,0.0
35,20250910,274,5033,207.36,26.5,29.4,
36,20260203,298,5086,,88.3,32.1,
37,20250904,285,5061,357.09,78.2,28.0,
38,20260515,275,5086,272.92,30.6,34.3,0.0
39,20260517,265,5016,207.24,,32.1,0.0
40,20250925,278,5086,382.42,83.2,24.1,2.0
41,20260130,168,5018,1228.27,,19.4,2.0
42,20260227,257,5069,435.9,59.2,29.5,3.0
43,20251115,224,5082,804.38,74.1,23.7,
44,20260625,150,5093,854.75,13.9,27.9,3.0
45,20260111,164,5063,1031.86,68.6,,2.0
46,20251026,172,5012,1427.45,81.0,29.9,
47,20260223,243,5089,1401.48,30.6,22.7,
48,20260504,177,5043,1353.51,67.2,32.2,0.0
49,20251022,158,5029,1379.85,,24.7,0.0
50,20251202,177,5074,1477.39,73.7,35.0,
51,20260809,298,5099,1335.26,41.6,35.0,3.0
52,20260404,174,5077,278.23,76.0,25.4,0.0
53,20260117,281,5009,1495.97,52.8,31.0,1.0
54,20260215,154,5083,822.63,39.0,20.5,
55,20250923,277,5044,872.58,45.8,32.0,2.0
56,20251031,281,5049,1432.75,92.3,18.1,0.0
57,20251211,226,5092,666.09,83.7,22.4,
58,20260313,182,5096,935.88,67.8,34.5,0.0
59,20251102,223,5095,,88.0,20.9,0.0
60,20251029,190,5093,454.8,56.6,32.8,1.0
61,20250904,244,5049,427.33,80.6,34.6,0.0
62,20260328,285,5084,360.51,23.0,32.9,
63,20251101,171,5083,1113.45,82.3,30.5,0.0
64,20260707,174,5072,1169.12,94.9,24.4,3.0
65,20260620,132,5056,79.04,28.5,27.2,0.0
66,20250904,247,5030,638.43,63.7,23.6,0.0
67,20251105,274,5029,594.51,22.4,26.4,0.0
68,20260411,240,5034,826.4,37.4,18.2,0.0
69,20251027,198,5015,1394.51,91.7,19.2,3.0
70,20250927,202,5038,1318.35,39.1,28.0,
71,20260718,189,5012,217.25,,31.0,
72,20260307,298,5015,1057.05,33.1,28.2,0.0
73,20260129,138,5012,1356.2,,23.9,0.0
74,20260524,175,5044,383.12,69.5,18.8,0.0
75,20260601,111,5095,1065.39,25.7,33.2,3.0
76,20251018,174,5076,1426.87,57.4,23.1,2.0
77,20250914,283,5025,214.09,84.6,25.7,0.0
78,20260114,121,5096,745.02,63.5,18.7,1.0
79,20260112,189,5015,1368.53,81.7,33.9,0.0
80,20260127,214,5074,891.96,86.8,29.5,2.0
81,20260503,268,5048,1119.54,80.7,21.9,
82,20260413,166,5017,246.07,80.7,26.3,
83,20260805,292,5041,801.03,83.7,,
84,20250915,223,5049,831.59,86.3,34.2,2.0
85,20260104,155,5074,386.11,86.9,33.4,0.0
86,20251212,152,5095,233.32,19.0,30.6,3.0
87,20260621,238,5001,1366.6,69.8,33.4,0.0
88,20251109,170,5040,787.2,25.5,29.9,0.0
89,20251018,244,5008,930.01,26.0,19.0,
90,20260121,279,5076,1332.41,78.9,29.8,0.0
91,20260111,170,5069,400.17,20.3,29.3,3.0
92,20251119,136,5025,,56.1,,3.0
93,20251109,128,5050,541.71,29.8,33.3,0.0
94,20260713,258,5055,829.47,60.8,18.6,
95,20260119,290,5041,426.5,40.4,28.8,1.0
96,20260621,251,5099,,18.3,22.1,0.0
97,20260227,162,5047,247.46,27.7,29.9,1.0
98,20250828,163,5087,308.55,75.7,25.2,0.0
99,20260810,113,5017,670.2,31.4,29.4,2.0
100,20260611,272,5067,1282.86,29.9,19.8,
101,20260730,236,5085,347.69,36.7,19.7,2.0
102,20260715,158,5078,1214.16,28.5,29.3,0.0
103,20260616,264,5076,369.74,14.5,18.2,0.0
104,20251009,160,5029,972.56,30.6,26.3,0.0
105,20260203,114,5014,801.03,86.1,28.5,0.0
106,20251027,126,5051,956.02,78.1,31.6,0.0
107,20260103,206,5002,153.58,60.8,30.7,2.0
108,20250831,185,5069,1095.33,,24.6,
109,20251226,284,5059,842.75,72.6,22.6,0.0
110,20260805,221,5041,1119.72,75.9,26.2,2.0
111,20251115,126,5019,516.67,62.8,32.3,0.0
112,20260523,275,5038,,65.3,26.3,0.0
113,20260123,298,5029,450.65,46.4,22.9,0.0
114,20260111,136,5064,1278.48,66.2,21.0,0.0
115,20260726,102,5088,93.44,40.8,26.5,1.0
116,20260809,241,5059,1159.95,77.0,,
117,20260301,141,5019,1181.07,55.8,32.9,0.0
118,20260429,205,5077,1174.19,21.5,32.8,0.0
119,20251005,268,5037,,33.6,30.9,0.0
120,20251126,222,5019,1301.18,72.0,30.8,2.0
121,20260730,223,5096,1098.48,57.8,26.3,0.0
122,20260309,267,5086,171.27,73.7,,
123,20260224,152,5090,289.14,,23.8,0.0
124,20260510,294,5005,1126.19,24.9,19.5,0.0
125,20250830,174,5077,973.71,19.1,24.0,0.0
126,20260311,183,5041,167.54,51.1,18.9,0.0
127,20260210,174,5040,1047.54,76.0,33.4,1.0
128,20260618,266,5065,747.13,26.0,24.7,2.0
129,20251006,116,5089,1217.79,65.3,33.9,2.0
130,20260727,297,5016,686.52,74.6,19.2,
131,20250908,123,5036,1346.73,17.9,24.1,0.0
132,20251017,267,5091,988.94,44.0,26.0,0.0
133,20260315,247,5074,133.01,15.5,29.8,1.0
134,20260414,160,5062,964.73,84.6,24.2,0.0
135,20251104,237,5081,1454.53,28.3,,0.0
136,20250922,290,5028,87.47,62.8,25.1,0.0
137,20260701,286,5064,267.17,26.3,32.6,0.0
138,20251108,110,5038,562.34,46.4,25.0,
139,20260315,145,5091,599.62,12.4,34.8,
140,20260324,207,5049,216.98,68.9,33.2,0.0
141,20260110,146,5008,1375.68,20.3,34.7,0.0
142,20260311,110,5043,986.13,65.8,27.6,0.0
143,20260217,202,5020,1141.17,70.1,25.1,
144,20260718,227,5092,428.17,92.8,30.7,1.0
145,20251023,148,5027,173.31,,24.6,0.0
146,20260429,292,5094,1228.51,25.3,24.9,
147,20251105,175,5029,920.51,21.3,18.2,0.0
148,20260101,110,5090,885.76,24.6,27.7,0.0
149,20260412,103,5095,741.33,24.5,24.3,2.0
150,20251127,177,5007,762.15,82.3,20.0,1.0
151,20251203,246,5100,1369.87,33.0,25.0,2.0
152,20260512,255,5023,161.08,68.5,32.7,0.0
153,20250905,128,5063,304.8,54.6,19.2,0.0
154,20260124,186,5094,1156.68,77.3,21.5,0.0
155,20260810,173,5051,777.05,71.4,23.7,1.0
156,20260809,217,5039,1193.05,78.9,34.7,2.0
157,20250905,265,5085,505.46,15.2,21.2,3.0
158,20251027,240,5021,729.87,67.3,22.4,2.0
159,20251115,235,5003,785.36,30.9,24.3,1.0
160,20260717,227,5071,727.6,72.3,19.3,3.0
161,20260628,135,5051,114.01,46.9,20.5,
162,20260627,230,5044,120.84,36.2,24.7,0.0
163,20251223,220,5055,1009.95,11.2,24.9,0.0
164,20251006,170,5087,1334.4,85.8,28.1,
165,20260611,150,5061,597.95,18.5,19.4,1.0
166,20260424,129,5045,973.17,77.2,20.5,0.0
167,20260321,185,5097,178.6,34.7,30.1,0.0
168,20260806,142,5051,1099.65,,33.4,1.0
169,20260406,288,5051,448.87,74.7,25.7,3.0
170,20250812,218,5010,267.44,57.0,30.6,2.0
171,20260605,266,5068,,82.5,23.3,0.0
172,20251127,166,5094,228.27,23.2,32.3,0.0
173,20260409,284,5037,648.81,93.7,29.9,1.0
174,20260719,148,5037,1206.67,12.6,24.6,2.0
175,20250928,104,5090,791.94,68.9,26.3,
176,20250921,289,5025,1486.47,30.8,23.2,
177,20250918,187,5090,,81.1,26.2,1.0
178,20260228,176,5071,121.05,41.3,30.8,0.0
179,20251117,246,5051,499.68,69.3,26.6,0.0
180,20260319,273,5013,296.84,36.2,28.3,0.0
181,20260429,294,5017,886.4,45.0,24.9,0.0
182,20251023,150,5042,1107.92,69.6,21.4,0.0
183,20260330,145,5097,851.19,89.7,27.7,
184,20251114,257,5075,107.1,20.0,33.8,0.0
185,20260204,264,5007,731.17,72.5,19.0,0.0
186,20260707,204,5091,639.76,,20.8,0.0
187,20260615,210,5039,398.57,15.5,28.7,
188,20250912,232,5059,923.05,38.6,22.4,1.0
189,20260112,184,5084,940.6,,21.5,0.0
190,20251119,123,5021,717.03,,27.7,0.0
191,20250811,203,5074,564.86,78.2,32.1,0.0
192,20260519,272,5018,1498.17,34.2,21.1,0.0
193,20260331,125,5057,1169.93,36.3,31.0,
194,20251113,148,5090,1178.99,39.9,31.8,
195,20260508,136,5062,1432.0,62.8,30.4,3.0
196,20260227,223,5038,1291.43,62.7,25.2,0.0
197,20260113,183,5019,812.44,15.5,20.3,1.0
198,20250813,164,5027,232.36,26.4,18.1,0.0
199,20250906,102,5028,138.03,13.3,20.0,0.0
200,20260629,167,5096,1212.89,36.4,26.2,2.0
201,20260706,199,5026,1395.8,64.1,24.9,0.0
202,20260225,161,5095,1304.61,35.5,33.6,3.0
203,20260611,215,5084,416.58,37.6,31.0,
204,20260311,293,5002,816.43,17.9,19.9,1.0
205,20251003,169,5047,1340.8,,24.6,
206,20250925,185,5093,1377.09,14.7,34.5,3.0
207,20251130,178,5074,1120.83,87.3,30.8,2.0
208,20260705,250,5014,429.33,25.2,19.5,0.0
209,20260528,286,5087,1113.26,83.1,32.0,
210,20260621,247,5019,1445.12,66.7,32.7,0.0
211,20260705,103,5049,983.48,79.9,22.1,
212,20251025,167,5055,843.84,16.0,34.9,0.0
213,20251109,268,5087,736.78,,29.1,1.0
214,20250916,193,5022,1326.66,37.1,32.2,
215,20260522,278,5008,411.07,37.2,24.2,1.0
216,20260629,161,5013,331.09,32.7,23.9,0.0
217,20260105,116,5046,1091.36,73.7,31.8,2.0
218,20260325,271,5061,,60.5,18.1,3.0
219,20251005,131,5023,989.23,24.9,31.4,0.0
220,20260716,220,5007,629.58,63.9,21.0,0.0
221,20260622,179,5016,401.23,24.8,18.2,1.0
222,20260802,141,5066,1025.85,,21.2,0.0
223,20260602,204,5084,255.18,70.4,25.1,
224,20260628,276,5044,630.12,46.8,21.5,0.0
225,20250819,229,5076,1032.96,66.4,30.5,2.0
226,20260506,281,5056,1102.68,94.9,26.3,0.0
227,20251209,298,5020,806.5,61.0,24.4,0.0
228,20260716,180,5081,985.52,75.9,28.5,0.0
229,20260530,277,5093,,58.4,22.9,0.0
230,20260622,131,5052,495.87,29.9,31.0,0.0
231,20260602,264,5032,481.5,55.7,26.9,0.0
232,20251115,176,5005,80.03,17.9,31.6,
233,20260525,195,5016,1325.2,,18.0,1.0
234,20250918,258,5031,1146.9,81.0,23.1,0.0
235,20260625,157,5051,239.24,63.1,18.1,
236,20260620,157,5063,1097.26,56.1,34.6,0.0
237,20251030,135,5039,1275.31,74.1,18.6,
238,20260604,223,5089,674.79,61.8,32.5,1.0
239,20260125,140,5077,200.93,11.4,20.7,0.0
240,20251129,217,5023,1443.12,62.8,21.5,2.0
241,20260528,292,5084,415.18,29.6,21.7,
242,20251101,256,5096,719.85,77.5,20.2,0.0
243,20250818,196,5049,109.13,20.8,31.0,1.0
244,20251019,207,5100,615.77,65.6,21.0,1.0
245,20251208,280,5089,1420.91,83.0,25.6,0.0
246,20260622,241,5086,965.87,35.0,32.7,2.0
247,20260729,221,5085,277.17,42.2,34.8,
248,20251120,294,5012,1421.91,,21.5,0.0
249,20260401,238,5100,591.81,53.6,31.5,0.0
250,20260103,271,5060,471.39,26.0,20.2,1.0
251,20260804,156,5084,1316.53,44.9,30.3,
252,20260222,296,5049,320.55,27.1,31.4,2.0
253,20260719,164,5036,1193.56,,32.3,
254,20250921,275,5081,1095.63,,19.4,
255,20260731,294,5084,,61.4,27.5,0.0
256,20251014,253,5057,838.03,90.9,29.7,0.0
257,20260728,121,5048,321.09,31.9,20.6,3.0
258,20251115,235,5002,327.92,50.2,34.4,0.0
259,20250918,215,5016,1304.93,18.7,32.2,2.0
260,20260116,236,5015,1107.41,91.4,27.2,
261,20260503,281,5011,1019.56,54.8,29.7,
262,20251202,193,5016,731.26,47.1,25.3,
263,20260319,120,5063,496.21,62.0,32.0,
264,20260213,245,5083,1198.54,72.2,30.0,0.0
265,20251228,129,5086,1301.47,53.2,27.9,0.0
266,20260309,116,5066,793.82,76.0,26.6,0.0
267,20251111,241,5029,1441.96,40.8,34.7,2.0
268,20260426,230,5003,,34.5,34.4,0.0
269,20250810,152,5076,1378.6,34.2,29.2,
270,20260714,247,5074,82.61,71.8,27.6,0.0
271,20260223,238,5074,377.51,,21.4,1.0
272,20260430,139,5062,208.0,,29.0,
273,20260508,143,5036,400.09,90.3,29.3,0.0
274,20260412,184,5089,,57.1,19.1,0.0
275,20251221,234,5096,,39.2,19.8,0.0
276,20250904,214,5013,,48.2,29.1,0.0
277,20260410,130,5076,449.38,27.4,20.8,0.0
278,20251208,275,5024,1101.97,79.8,31.0,
279,20251202,153,5050,244.67,11.8,25.9,3.0
280,20260616,284,5062,934.64,83.3,31.5,0.0
281,20260430,250,5083,1060.93,23.9,18.5,0.0
282,20251127,226,5090,1026.83,74.5,34.0,2.0
283,20251201,124,5056,,57.6,28.8,0.0
284,20260106,231,5039,470.06,86.8,25.2,0.0
285,20260104,215,5074,976.67,54.5,24.7,0.0
286,20251126,115,5017,1490.03,62.8,24.7,0.0
287,20250925,217,5013,472.5,41.7,30.2,0.0
288,20260110,134,5042,,33.1,28.5,0.0
289,20260720,232,5009,363.39,93.8,26.2,0.0
290,20260414,207,5092,,50.8,26.6,3.0
291,20260706,217,5069,1244.71,63.7,29.1,0.0
292,20260323,245,5024,331.78,10.7,20.7,
293,20251128,115,5052,813.01,58.4,34.2,0.0
294,20260226,244,5090,901.33,78.6,23.5,0.0
295,20250810,219,5003,,61.4,26.8,0.0
296,20251123,273,5051,227.16,91.6,23.7,0.0
297,20260114,179,5072,1106.25,34.1,21.3,0.0
298,20260310,286,5069,1219.72,27.8,34.6,0.0
299,20260406,106,5068,1218.62,,,0.0
300,20260127,202,5063,180.58,81.4,18.8,0.0
301,20260118,166,5009,1081.39,50.0,20.9,0.0
302,20251027,101,5067,709.38,,29.3,3.0
303,20260130,291,5075,726.35,32.0,22.7,
304,20260705,156,5069,1323.96,20.6,34.9,0.0
305,20260528,249,5092,229.48,56.7,32.2,0.0
306,20251011,119,5084,120.08,27.1,26.3,0.0
307,20250910,112,5016,,13.2,21.7,0.0
308,20260214,209,5097,399.59,60.3,28.8,0.0
309,20260329,189,5097,182.56,60.0,21.4,2.0
310,20251210,280,5027,1034.24,33.3,30.6,0.0
311,20260605,117,5085,764.24,,29.2,1.0
312,20260511,239,5016,245.33,90.7,20.6,2.0
313,20260413,116,5024,983.84,28.0,22.3,3.0
314,20251031,118,5077,1499.19,33.4,23.8,2.0
315,20251021,221,5089,106.86,,32.4,0.0
316,20250818,109,5024,,72.0,25.6,3.0
317,20251107,174,5001,100.4,64.8,29.7,0.0
318,20260130,205,5072,161.42,66.7,25.0,0.0
319,20260617,147,5058,171.6,53.9,32.1,
320,20250905,297,5041,,46.9,27.9,1.0
321,20260108,135,5016,1153.96,48.2,23.8,0.0
322,20260328,297,5006,770.17,55.8,31.8,2.0
323,20251020,265,5017,1444.47,59.2,32.1,0.0
324,20260421,287,5074,1487.56,48.8,30.4,
325,20260206,266,5027,188.2,44.7,18.9,0.0
326,20251107,208,5084,,19.1,24.8,0.0
327,20260407,196,5021,1294.65,69.5,25.7,
328,20250812,198,5012,1179.42,82.7,19.0,0.0
329,20260511,215,5072,1094.41,11.9,31.4,0.0
330,20260518,197,5033,810.49,,20.1,0.0
331,20250918,197,5097,62.15,,32.6,2.0
332,20260112,121,5005,1371.69,59.7,24.8,0.0
333,20251013,275,5011,352.62,17.2,20.6,1.0
334,20260726,270,5016,88.53,32.2,,0.0
335,20260215,239,5065,1225.5,47.4,28.6,0.0
336,20250828,135,5039,899.83,17.0,31.5,
337,20251109,268,5047,535.15,12.2,28.3,2.0
338,20260616,190,5070,651.78,74.5,26.5,0.0
339,20260124,131,5022,847.12,77.9,20.7,1.0
340,20260530,146,5055,1264.52,32.2,30.3,1.0
341,20260411,238,5085,809.61,90.9,34.3,2.0
342,20260806,201,5001,69.02,70.8,22.0,1.0
343,20260315,236,5032,1048.18,90.4,26.5,
344,20260723,133,5039,534.09,18.7,20.9,
345,20260702,287,5006,973.41,43.3,18.1,0.0
346,20260322,158,5067,771.16,80.5,30.1,0.0
347,20260430,101,5038,1107.43,45.6,23.6,0.0
348,20260210,294,5085,1243.41,71.9,22.7,2.0
349,20260609,106,5069,914.3,10.0,25.9,1.0
350,20260226,177,5057,1442.53,,26.4,0.0
351,20260704,219,5018,1366.51,56.1,22.6,2.0
352,20260509,273,5074,1379.17,52.9,19.5,3.0
353,20260130,285,5063,1329.31,90.2,24.8,0.0
354,20251112,240,5089,1036.18,68.3,19.4,0.0
355,20251108,209,5041,618.05,42.7,32.6,0.0
356,20260331,237,5067,934.13,66.3,25.5,0.0
357,20260517,198,5046,,,32.3,0.0
358,20260216,159,5078,,85.4,20.3,
359,20260327,164,5069,160.57,68.1,,
360,20251118,218,5066,,27.4,20.8,0.0
361,20250907,189,5027,1222.34,69.0,20.3,2.0
362,20251122,140,5089,1312.72,92.4,34.1,
363,20251117,171,5013,976.97,41.3,30.8,3.0
364,20251205,149,5085,883.79,85.4,19.8,0.0
365,20260223,286,5006,207.84,93.6,27.6,1.0
366,20250929,296,5031,473.75,58.9,23.6,
367,20251102,129,5005,385.46,,22.6,0.0
368,20260420,109,5025,818.34,85.1,33.8,0.0
369,20260425,270,5019,547.28,94.3,29.3,0.0
370,20250902,208,5039,88.25,33.7,18.4,2.0
371,20260106,258,5028,251.98,74.6,32.6,0.0
372,20260224,297,5018,1495.55,11.4,,2.0
373,20260109,105,5078,332.32,38.5,23.2,0.0
374,20251024,162,5071,1231.67,44.8,32.5,
375,20260110,153,5028,278.63,82.8,27.9,0.0
376,20260707,118,5076,362.6,59.0,23.0,1.0
377,20260311,126,5046,922.85,90.6,29.4,
378,20260421,253,5036,264.43,,30.7,
379,20260619,109,5017,398.21,36.4,22.4,0.0
380,20260517,215,5094,448.78,21.5,32.6,0.0
381,20251227,254,5080,539.66,70.5,25.8,0.0
382,20250812,273,5055,161.28,86.6,32.2,0.0
383,20251216,281,5010,419.96,86.6,34.8,0.0
384,20260512,113,5071,102.9,77.6,32.7,
385,20260618,163,5033,1131.72,46.9,19.3,3.0
386,20260724,290,5034,1109.55,50.1,33.0,
387,20260110,112,5049,,69.8,33.6,0.0
388,20260510,203,5084,827.35,60.0,27.1,0.0
389,20260225,213,5021,1413.97,86.5,25.4,0.0
390,20260318,160,5052,112.14,78.1,28.6,
391,20251029,239,5059,581.91,20.6,18.3,
392,20251029,156,5011,80.82,91.5,30.5,0.0
393,20260116,294,5033,1198.45,,33.0,
394,20250820,299,5087,394.59,38.1,18.6,0.0
395,20251211,115,5055,1406.61,93.3,33.2,0.0
396,20260415,136,5089,671.57,68.0,32.5,0.0
397,20260104,229,5019,1451.12,30.5,29.9,0.0
398,20251009,175,5069,,,28.1,0.0
399,20260128,160,5027,803.04,70.0,30.2,0.0
400,20250925,288,5010,189.18,51.7,30.7,3.0
401,20260325,248,5081,1132.2,73.3,26.8,3.0
402,20250819,182,5094,668.45,74.2,20.4,
403,20260101,248,5035,1277.48,84.3,21.5,0.0
404,20260304,254,5082,1411.33,35.6,29.8,3.0
405,20250819,298,5090,1418.58,94.4,34.5,3.0
406,20260402,273,5083,1318.5,16.1,31.3,
407,20250928,183,5025,130.31,45.0,24.2,2.0
408,20260125,161,5092,1333.16,74.2,33.9,0.0
409,20250828,178,5048,573.92,54.0,28.0,0.0
410,20251226,137,5073,626.85,34.4,21.2,0.0
411,20251026,270,5085,930.77,30.8,31.7,2.0
412,20251207,234,5083,1236.35,73.6,33.7,0.0
413,20260515,157,5066,1155.97,83.1,27.8,1.0
414,20251226,206,5078,610.11,83.8,22.8,
415,20260512,177,5021,1043.12,67.0,20.6,0.0
416,20260610,171,5054,155.39,26.6,25.8,
417,20251110,116,5020,1413.45,53.5,25.1,2.0
418,20250908,243,5041,358.64,28.8,19.8,2.0
419,20250817,252,5056,1431.54,71.2,31.2,0.0
420,20260223,289,5049,1163.01,17.2,29.4,0.0
421,20260810,145,5004,418.34,75.4,25.0,3.0
422,20251216,261,5078,543.77,82.3,30.0,1.0
423,20260404,274,5032,125.48,22.0,26.4,0.0
424,20260522,210,5010,673.2,56.7,18.7,3.0
425,20260405,243,5035,847.92,42.1,33.9,0.0
426,20260513,227,5016,682.55,38.3,20.3,0.0
427,20260723,113,5069,207.72,92.2,29.4,
428,20251021,189,5015,958.25,61.9,18.5,0.0
429,20250817,265,5088,753.64,27.7,32.6,0.0
430,20251004,272,5071,1156.43,74.5,21.8,
431,20250925,198,5053,984.02,64.6,28.8,0.0
432,20260412,235,5009,256.76,52.8,21.6,0.0
433,20260304,182,5043,355.74,41.4,34.0,2.0
434,20251028,279,5082,810.51,87.1,19.7,3.0
435,20260423,207,5012,432.49,86.8,19.1,1.0
436,20260517,205,5047,1137.01,51.6,18.2,2.0
437,20251010,139,5043,108.5,39.8,33.5,0.0
438,20260320,177,5100,401.05,42.0,28.5,0.0
439,20260510,197,5035,1349.72,50.4,24.7,2.0
440,20250920,148,5019,57.19,85.8,26.1,0.0
441,20260605,294,5029,815.32,42.9,34.6,0.0
442,20260729,238,5036,698.77,45.3,25.5,1.0
443,20250918,222,5002,331.4,14.4,34.1,0.0
444,20250819,162,5013,,26.5,21.4,0.0
445,20251202,158,5049,741.49,45.9,25.5,
446,20260414,177,5029,1017.3,31.6,23.0,0.0
447,20260726,282,5049,847.92,,22.3,0.0
448,20260102,137,5014,1345.9,28.0,21.8,1.0
449,20260428,219,5016,247.92,60.6,33.2,1.0
450,20250906,115,5023,116.87,44.3,24.1,3.0
451,20260419,244,5068,388.93,76.4,26.2,2.0
452,20260327,206,5094,592.74,42.1,25.8,1.0
453,20250916,207,5040,1099.59,72.8,19.7,0.0
454,20260519,243,5076,127.43,30.8,28.7,0.0
455,20260617,236,5063,1017.19,18.9,18.0,
456,20260317,135,5013,704.72,16.1,24.9,0.0
457,20250923,200,5068,1056.25,91.9,32.6,0.0
458,20260805,163,5045,928.24,26.7,26.3,0.0
459,20260523,166,5090,118.86,41.5,22.9,
460,20251215,153,5074,583.95,67.8,32.7,1.0
461,20260113,185,5037,868.47,,21.3,0.0
462,20251223,266,5071,1075.94,70.7,24.9,
463,20260211,121,5035,1214.77,,26.1,0.0
464,20251212,216,5078,464.36,14.1,23.4,1.0
465,20260616,195,5013,313.58,85.0,24.6,0.0
466,20260606,124,5007,72.87,81.2,25.7,0.0
467,20250917,238,5022,,,28.2,0.0
468,20260727,286,5041,,35.6,19.3,0.0
469,20260330,149,5097,895.2,83.6,22.3,0.0
470,20260609,114,5050,290.12,49.2,28.1,2.0
471,20260425,169,5024,1146.52,85.3,28.0,0.0
472,20260116,197,5045,1073.93,24.7,30.6,1.0
473,20260505,273,5095,954.47,45.1,23.8,0.0
474,20260729,255,5087,957.65,21.6,34.8,0.0
475,20251116,255,5069,1161.61,30.8,33.2,0.0
476,20260601,111,5071,880.44,43.4,29.1,
477,20260222,119,5077,595.01,55.7,26.4,0.0
478,20260202,149,5052,,69.2,34.4,0.0
479,20260116,295,5062,479.8,53.3,30.2,0.0
480,20260504,251,5076,851.41,86.6,18.9,0.0
481,20251116,286,5017,926.76,57.1,24.0,3.0
482,20260617,272,5034,920.45,85.4,34.5,0.0
483,20260610,244,5002,1108.15,51.5,25.3,2.0
484,20250910,156,5088,1033.5,52.2,20.1,
485,20260628,223,5066,1472.79,76.6,32.4,0.0
486,20251107,154,5092,711.49,92.1,23.6,
487,20260127,186,5020,1339.27,83.0,34.7,3.0
488,20260321,178,5085,478.54,,20.3,1.0
489,20251226,104,5017,826.13,68.2,28.0,1.0
490,20250820,155,5019,,65.3,21.0,
491,20260617,149,5049,606.94,90.0,32.3,
492,20251015,290,5073,1430.31,81.3,25.1,2.0
493,20251026,131,5095,409.89,70.6,23.4,0.0
494,20260529,292,5035,,21.8,34.7,2.0
495,20251212,294,5007,199.27,40.1,31.2,1.0
496,20260628,223,5093,80.85,26.2,33.2,
497,20260423,163,5082,775.64,73.7,29.7,
498,20251119,279,5048,498.91,76.9,27.6,0.0
499,20250813,255,5091,947.24,84.6,26.8,0.0
500,20260722,281,5100,1463.54,83.9,23.2,3.0
501,20250910,153,5032,331.95,91.8,32.4,0.0
502,20260430,202,5087,303.93,76.6,31.3,0.0
503,20260204,162,5078,326.04,50.5,24.6,2.0
504,20260514,242,5054,318.18,49.6,32.1,1.0
505,20260419,183,5091,1181.49,57.4,28.3,
506,20260403,299,5059,1238.08,33.9,,0.0
507,20260205,173,5024,476.93,32.5,30.5,3.0
508,20260527,198,5057,254.87,22.8,18.7,
509,20250913,220,5046,1455.21,,19.2,
510,20251030,237,5060,636.11,50.8,27.9,2.0
511,20260420,267,5065,861.78,49.7,18.9,0.0
512,20251130,192,5037,1409.42,16.8,33.1,0.0
513,20260310,179,5036,641.34,60.7,18.6,
514,20260130,167,5055,1064.53,39.8,21.6,
515,20260220,193,5067,1485.53,35.3,26.6,
516,20260112,232,5092,735.82,,23.4,2.0
517,20260510,228,5030,627.09,74.1,24.7,0.0
518,20251209,220,5040,220.69,75.2,33.6,
519,20260424,126,5082,1157.5,65.4,30.1,3.0
520,20251117,285,5012,1459.9,27.7,28.7,3.0
521,20251110,221,5040,94.25,62.9,30.4,0.0
522,20250923,295,5053,690.88,14.9,22.8,1.0
523,20251019,182,5099,1136.45,12.7,32.4,
524,20250922,153,5041,498.78,71.0,30.8,2.0
525,20260222,195,5012,1417.4,58.5,21.9,0.0
526,20260515,181,5082,1100.38,33.6,27.8,0.0
527,20251016,206,5011,803.99,12.8,34.5,0.0
528,20251028,112,5010,369.58,44.8,27.4,0.0
529,20260203,245,5094,1021.71,43.9,22.7,0.0
530,20260502,157,5031,923.48,71.7,21.6,2.0
531,20260802,290,5012,574.61,22.8,27.8,0.0
532,20260218,138,5022,403.74,73.3,23.4,3.0
533,20251121,105,5074,1427.59,71.4,27.8,0.0
534,20250915,167,5008,250.86,39.2,26.5,3.0
535,20251020,242,5011,1350.75,54.7,26.9,1.0
536,20251101,250,5096,1147.67,91.5,20.4,1.0
537,20251014,249,5037,1262.16,38.4,21.4,0.0
538,20250815,285,5071,1472.36,65.9,18.2,0.0
539,20260221,207,5064,1250.62,41.1,23.0,
540,20251118,176,5002,1351.01,39.1,33.9,0.0
541,20260801,140,5055,1442.03,25.3,27.2,0.0
542,20260228,151,5087,1336.56,27.0,22.3,0.0
543,20260422,185,5066,220.82,67.5,31.5,1.0
544,20250925,159,5094,256.56,90.0,21.0,3.0
545,20260623,198,5018,1057.96,46.5,28.7,
546,20260205,246,5062,934.51,12.7,19.8,
547,20260625,163,5064,544.94,68.1,34.4,0.0
548,20260308,228,5066,846.42,87.8,27.9,0.0
549,20260128,241,5088,1281.01,74.8,18.7,0.0
550,20260118,268,5087,263.5,83.2,30.8,0.0
551,20251016,276,5069,906.24,,28.2,0.0
552,20250828,187,5090,570.15,49.6,32.6,1.0
553,20260720,166,5016,1031.0,82.7,18.2,3.0
554,20260131,296,5052,679.51,58.5,23.0,0.0
555,20260606,226,5002,435.76,16.7,29.3,3.0
556,20260103,286,5079,1186.22,15.1,22.8,2.0
557,20250906,265,5025,604.53,30.9,32.0,0.0
558,20260328,290,5096,598.53,36.2,23.3,0.0
559,20250829,226,5001,,94.1,25.6,0.0
560,20251003,218,5092,155.57,66.6,28.6,
561,20260303,144,5055,1252.36,80.1,31.9,1.0
562,20251129,288,5090,71.65,16.6,18.6,0.0
563,20260808,191,5069,748.8,61.0,29.6,
564,20250922,144,5096,667.63,75.1,30.9,0.0
565,20260516,136,5045,1024.42,52.7,20.4,1.0
566,20260319,285,5032,1044.22,60.3,27.5,
567,20260526,240,5095,261.29,43.9,30.1,
568,20251031,226,5085,325.92,36.7,29.5,
569,20260217,148,5068,816.33,16.8,34.8,2.0
570,20260121,239,5088,878.69,56.5,24.6,0.0
571,20260119,265,5078,1471.69,68.0,25.3,2.0
572,20260620,116,5006,1138.11,37.1,34.9,0.0
573,20260807,235,5078,415.3,,24.6,
574,20251129,109,5058,328.46,91.7,20.8,3.0
575,20260325,120,5022,437.22,,30.4,0.0
576,20260321,272,5087,835.13,33.5,27.8,0.0
577,20260507,113,5098,398.87,46.2,23.4,0.0
578,20260722,296,5068,1204.61,36.5,34.9,
579,20251025,102,5029,500.58,36.0,19.2,
580,20251026,206,5023,788.1,48.1,21.4,0.0
581,20260408,136,5010,957.76,88.5,34.1,1.0
582,20251006,262,5047,108.82,53.4,23.3,2.0
583,20251012,160,5018,92.71,74.9,29.0,0.0
584,20250906,118,5066,1440.87,44.7,27.6,0.0
585,20250810,282,5046,743.71,51.4,31.9,2.0
586,20260121,139,5007,374.42,10.0,26.0,0.0
587,20260315,103,5055,59.44,71.2,21.7,
588,20251124,156,5064,1285.7,72.3,25.8,
589,20251102,230,5049,679.66,45.0,22.9,2.0
590,20260425,217,5022,,67.1,29.9,0.0
591,20260424,196,5048,1333.59,83.0,21.3,2.0
592,20260123,116,5015,140.78,,27.0,
593,20260418,259,5044,129.97,56.5,,2.0
594,20260714,264,5087,1258.88,22.5,24.9,
595,20260525,271,5032,1156.72,62.2,20.7,2.0
596,20260326,258,5070,780.65,72.9,30.9,1.0
597,20260408,224,5099,158.83,70.5,29.3,3.0
598,20260717,269,5016,1019.06,,28.8,
599,20260112,225,5038,1230.75,39.2,32.8,1.0
600,20260225,105,5039,535.52,,31.9,0.0
601,20260404,102,5062,1455.76,41.9,30.0,0.0
602,20260708,237,5038,1288.95,54.8,21.1,
603,20260608,242,5034,119.48,62.6,30.8,0.0
604,20250905,206,5028,146.02,33.5,22.1,0.0
605,20251009,104,5001,,23.9,20.8,
606,20251130,105,5095,937.5,,18.1,0.0
607,20260511,236,5081,454.91,29.7,20.1,0.0
608,20260306,285,5073,474.9,72.0,33.9,3.0
609,20251123,171,5051,929.47,58.8,27.5,0.0
610,20250924,238,5028,1293.86,25.8,27.4,3.0
611,20260419,174,5040,516.02,45.9,20.0,0.0
612,20260423,105,5083,707.05,34.3,21.8,0.0
613,20260721,229,5066,1171.8,11.5,32.7,2.0
614,20260209,279,5005,1301.2,33.7,19.3,
615,20260206,273,5060,806.62,50.9,26.0,3.0
616,20250908,211,5080,1314.17,30.6,25.1,2.0
617,20250824,146,5063,1426.66,55.5,23.8,0.0
618,20260115,128,5008,,,32.1,
619,20251205,125,5046,959.12,23.2,24.9,2.0
620,20251109,235,5001,122.93,31.5,25.7,
621,20250912,139,5079,584.12,40.1,19.2,1.0
622,20260728,162,5059,974.38,28.4,20.3,0.0
623,20260611,150,5043,441.68,17.5,30.0,2.0
624,20260308,259,5039,1348.79,43.0,32.9,
625,20260723,235,5046,688.94,12.7,29.3,0.0
626,20260810,165,5014,918.31,,27.4,2.0
627,20260413,191,5001,616.57,48.3,20.3,0.0
628,20251116,169,5045,134.36,30.7,18.6,1.0
629,20250824,202,5093,1417.25,56.9,21.9,3.0
630,20260513,121,5024,1333.88,,33.7,2.0
631,20260129,196,5052,1102.73,,27.0,0.0
632,20260405,204,5046,1156.3,72.3,34.7,
633,20260711,218,5002,646.89,52.5,25.5,0.0
634,20251015,245,5013,238.54,24.3,31.7,2.0
635,20260312,163,5056,248.93,48.7,22.6,0.0
636,20260330,279,5063,78.22,83.5,24.1,
637,20260205,158,5026,1208.07,80.3,28.6,0.0
638,20250912,177,5011,1131.5,10.2,33.4,2.0
639,20251215,276,5068,763.54,37.8,22.0,2.0
640,20251209,121,5066,956.82,32.3,32.2,0.0
641,20260412,268,5020,737.5,18.8,21.6,0.0
642,20260619,267,5053,607.49,89.1,18.2,0.0
643,20251208,295,5016,119.16,73.4,25.4,0.0
644,20260420,109,5063,283.41,67.1,27.0,
645,20251123,124,5001,1063.96,87.9,19.9,0.0
646,20260721,204,5020,922.61,29.2,32.8,0.0
647,20260603,198,5099,1165.21,52.9,20.9,0.0
648,20260227,197,5085,432.14,64.8,30.9,0.0
649,20260123,242,5033,626.05,81.3,26.0,3.0
650,20251203,222,5029,809.77,94.3,33.8,0.0
651,20251206,115,5061,823.63,,24.4,0.0
652,20260731,264,5051,147.38,73.6,23.8,
653,20260104,103,5048,333.14,69.5,33.0,0.0
654,20260214,280,5039,,83.0,19.1,0.0
655,20260806,144,5047,386.56,45.2,33.7,0.0
656,20260407,122,5055,1409.0,88.7,22.8,1.0
657,20260224,228,5024,1433.58,83.5,32.3,0.0
658,20260108,212,5069,505.59,50.7,26.1,0.0
659,20251017,266,5035,1086.63,,22.4,2.0
660,20251220,185,5014,298.31,17.7,24.2,0.0
661,20260513,245,5057,549.87,27.3,29.8,1.0
662,20260326,125,5085,1443.47,41.1,23.3,2.0
663,20260515,236,5057,207.63,53.0,21.9,
664,20251023,111,5021,,26.0,24.1,0.0
665,20260227,159,5018,164.77,22.0,21.0,0.0
666,20260715,155,5046,65.43,53.7,25.5,0.0
667,20260117,278,5096,1281.84,26.6,23.1,2.0
668,20260422,246,5056,1353.72,86.6,31.7,0.0
669,20250923,222,5001,288.2,92.5,29.5,0.0
670,20260801,170,5046,197.4,75.7,34.1,0.0
671,20260320,112,5091,924.24,55.4,26.8,0.0
672,20251105,120,5026,50.67,16.7,20.5,0.0
673,20251006,276,5015,213.3,27.9,32.6,0.0
674,20260227,172,5025,1137.99,62.9,20.4,3.0
675,20260228,240,5037,395.06,54.8,25.1,2.0
676,20250913,245,5006,794.28,,32.3,2.0
677,20260808,269,5018,1020.97,64.2,28.3,0.0
678,20260710,109,5051,241.92,,34.4,
679,20260125,146,5054,768.83,51.6,30.0,3.0
680,20250921,181,5096,881.48,,31.9,3.0
681,20260610,105,5043,550.2,39.2,24.2,0.0
682,20260208,154,5005,225.83,62.9,19.8,0.0
683,20260429,251,5021,366.47,62.7,33.7,0.0
684,20260212,137,5086,157.79,78.8,31.9,0.0
685,20251118,293,5026,1018.42,,23.3,2.0
686,20260611,283,5062,480.26,,25.4,1.0
687,20260803,202,5086,433.67,,33.2,0.0
688,20251107,120,5035,121.32,92.7,31.4,0.0
689,20260227,177,5016,,87.9,27.2,0.0
690,20251228,142,5054,1303.61,,23.9,
691,20260713,245,5063,518.38,57.1,23.4,
692,20260212,162,5071,254.23,41.9,25.3,0.0
693,20260627,246,5064,623.6,40.7,30.5,0.0
694,20260622,200,5088,789.89,54.1,26.4,0.0
695,20251119,274,5092,1460.96,85.4,18.6,3.0
696,20260526,239,5017,187.05,83.6,24.3,2.0
697,20260108,185,5042,449.32,42.0,29.2,0.0
698,20260717,199,5097,1492.65,39.3,30.8,0.0
699,20260211,294,5098,392.94,62.8,32.4,0.0
700,20260606,290,5100,347.09,28.3,27.0,0.0
701,20251121,136,5052,412.68,,34.5,
702,20251127,277,5065,197.34,82.6,27.3,1.0
703,20260312,286,5093,732.08,59.9,26.6,2.0
704,20260810,121,5095,207.01,36.4,21.6,0.0
705,20260205,229,5050,255.57,,19.2,
706,20251003,291,5017,721.65,58.6,27.9,0.0
707,20260223,189,5015,1196.86,56.6,22.4,
708,20251214,114,5014,1017.55,70.9,23.5,0.0
709,20260228,126,5003,296.96,13.5,19.0,0.0
710,20260224,212,5017,,14.7,30.9,0.0
711,20260123,160,5020,70.32,26.7,23.4,
712,20251205,120,5045,284.14,55.3,34.2,0.0
713,20251018,188,5065,183.79,79.6,18.9,0.0
714,20260422,255,5002,762.78,83.6,33.7,
715,20260307,297,5099,1239.92,26.1,23.1,0.0
716,20251103,258,5088,827.55,20.8,,1.0
717,20260520,253,5031,314.47,61.6,23.8,0.0
718,20250825,202,5007,960.99,79.4,21.4,0.0
719,20260509,299,5087,428.59,36.5,22.1,
720,20260425,184,5044,1399.35,23.3,21.5,0.0
721,20260602,108,5055,658.81,68.6,27.2,
722,20251229,263,5077,880.15,84.5,20.6,0.0
723,20260409,170,5095,543.2,,23.1,0.0
724,20260606,216,5002,1253.13,73.3,34.5,
725,20260803,226,5056,1187.37,30.6,24.1,0.0
726,20260207,159,5062,1045.83,74.9,22.7,3.0
727,20250823,192,5038,685.0,14.4,23.5,2.0
728,20260209,242,5037,1148.92,59.9,18.9,0.0
729,20260314,197,5063,1306.55,88.5,19.3,2.0
730,20260624,211,5011,385.86,24.7,32.7,0.0
731,20260625,148,5098,1242.69,53.8,32.9,
732,20260118,275,5055,402.39,23.2,30.3,0.0
733,20260218,250,5032,216.73,86.9,32.5,0.0
734,20260124,270,5080,797.19,35.1,34.0,0.0
735,20260501,198,5020,838.09,94.2,28.8,1.0
736,20260107,122,5094,1494.08,35.1,24.8,0.0
737,20260406,298,5066,642.22,44.1,27.1,0.0
738,20251005,259,5024,540.78,26.7,18.1,
739,20260128,176,5032,880.02,17.1,28.9,0.0
740,20260730,164,5036,701.98,85.0,31.7,0.0
741,20251211,283,5099,1121.24,40.3,34.3,0.0
742,20260420,119,5015,764.6,26.6,34.9,0.0
743,20260404,122,5034,1069.09,14.6,30.6,0.0
744,20260617,169,5090,839.67,15.3,33.4,1.0
745,20260617,140,5032,,29.0,25.9,0.0
746,20260620,198,5086,634.03,,24.4,0.0
747,20251227,283,5055,1394.3,78.7,29.3,0.0
748,20251203,263,5026,222.54,35.2,30.7,2.0
749,20260430,140,5061,743.57,48.2,24.6,1.0
750,20260514,290,5091,138.58,55.3,20.7,
751,20260625,200,5014,1298.31,67.1,33.8,
752,20250823,182,5090,769.87,18.5,26.7,2.0
753,20250904,193,5094,1355.45,14.0,28.7,3.0
754,20260329,128,5065,801.5,95.0,27.9,1.0
755,20260713,124,5079,1221.03,72.9,25.9,
756,20260810,102,5024,1297.15,40.6,30.5,3.0
757,20260510,179,5025,72.42,56.7,26.2,0.0
758,20260115,214,5076,1158.58,66.4,30.3,0.0
759,20250915,193,5081,595.37,36.6,21.1,0.0
760,20260329,295,5082,258.26,48.8,33.2,
761,20260625,170,5020,1005.42,73.0,21.7,0.0
762,20260119,127,5030,297.86,70.2,26.0,0.0
763,20260421,134,5016,374.67,30.2,21.6,2.0
764,20260706,123,5017,556.49,78.0,27.5,0.0
765,20250826,148,5052,1027.13,37.7,29.1,0.0
766,20260528,211,5005,174.97,85.3,22.7,0.0
767,20251125,215,5036,620.37,20.2,27.5,1.0
768,20251225,243,5025,,57.5,25.5,0.0
769,20251002,243,5019,580.76,92.8,32.8,2.0
770,20260220,232,5055,1177.07,60.8,21.2,0.0
771,20260305,205,5003,831.66,18.4,27.0,2.0
772,20260527,127,5079,698.56,44.6,27.7,2.0
773,20251011,107,5026,202.11,62.2,32.8,
774,20250907,123,5012,434.12,86.9,33.6,0.0
775,20260624,191,5007,875.68,32.7,31.5,1.0
776,20260324,242,5049,1112.11,23.0,20.6,1.0
777,20251106,124,5053,808.11,45.4,30.3,
778,20260710,253,5068,1166.63,68.2,34.2,0.0
779,20251001,254,5040,302.61,89.5,19.5,2.0
780,20260125,184,5090,1473.47,88.0,31.5,0.0
781,20251110,199,5082,251.18,78.3,34.4,0.0
782,20251111,104,5030,873.41,11.9,33.9,0.0
783,20250813,175,5029,1454.93,92.6,29.9,0.0
784,20260531,206,5044,1144.7,88.0,20.4,0.0
785,20260705,200,5055,1434.59,73.6,30.8,1.0
786,20260415,300,5062,858.41,93.5,18.0,
787,20251006,122,5008,824.68,42.3,34.0,0.0
788,20260118,286,5066,1038.7,62.3,35.0,0.0
789,20251214,244,5055,391.07,11.5,24.7,
790,20260313,163,5083,953.98,86.1,23.9,
791,20260331,247,5007,835.69,85.5,29.6,3.0
792,20260112,234,5039,1185.86,82.2,22.3,0.0
793,20251109,144,5015,1308.71,71.8,30.4,3.0
794,20260615,276,5035,1431.98,64.1,33.5,2.0
795,20251021,198,5047,233.97,,24.1,0.0
796,20251228,144,5036,1381.95,31.3,23.8,
797,20260202,136,5045,1283.77,78.0,22.7,1.0
798,20251104,169,5092,1207.66,20.5,32.3,1.0
799,20260307,178,5054,1429.53,55.5,28.4,0.0
800,20260308,169,5032,1053.1,45.5,23.4,0.0
801,20260808,227,5041,383.21,52.8,33.3,0.0
802,20251126,138,5007,1270.56,20.7,33.1,2.0
803,20260802,117,5024,678.07,68.4,33.6,0.0
804,20260407,143,5006,,63.8,19.5,0.0
805,20251118,212,5001,1089.29,,31.0,0.0
806,20260305,171,5007,413.62,88.9,18.9,3.0
807,20260418,208,5085,1455.15,44.2,21.9,0.0
808,20260509,177,5096,990.14,65.3,24.8,
809,20250827,224,5042,482.3,42.4,18.5,
810,20260319,120,5028,928.12,62.6,33.4,0.0
811,20260207,193,5037,1276.9,76.2,20.7,0.0
812,20260706,165,5061,934.11,91.1,20.6,3.0
813,20251122,164,5036,,12.6,26.1,0.0
814,20260529,285,5078,145.73,26.5,23.5,0.0
815,20260320,261,5013,171.82,33.0,23.1,2.0
816,20251216,227,5056,552.83,58.7,28.4,3.0
817,20260331,253,5024,957.8,89.3,23.2,
818,20260325,258,5033,785.93,17.3,25.6,0.0
819,20260415,151,5063,1445.52,10.3,31.8,
820,20260430,218,5047,1139.2,39.3,27.3,1.0
821,20260408,128,5043,101.91,29.6,24.5,0.0
822,20260612,135,5039,999.51,66.3,25.5,0.0
823,20260327,178,5015,182.92,63.9,25.3,
824,20260706,102,5013,1389.29,,31.5,3.0
825,20260403,202,5086,391.16,90.5,27.9,0.0
826,20251201,186,5002,838.75,39.9,25.4,1.0
827,20260118,259,5088,698.99,21.0,20.4,0.0
828,20260310,198,5071,742.52,21.3,21.3,0.0
829,20260505,185,5099,831.94,63.3,31.3,0.0
830,20250911,213,5017,1459.56,14.2,31.5,1.0
831,20251126,186,5043,320.8,27.1,19.0,0.0
832,20260510,211,5047,1404.16,22.4,25.1,
833,20251013,267,5095,705.41,14.0,32.5,0.0
834,20250927,253,5047,601.65,64.9,24.9,0.0
835,20260223,135,5096,163.09,49.4,27.1,0.0
836,20260731,177,5100,940.34,81.8,24.6,2.0
837,20260220,183,5076,1093.14,57.5,34.3,3.0
838,20260710,255,5068,1012.35,62.3,21.6,0.0
839,20260609,278,5078,719.04,72.5,25.5,
840,20251112,152,5048,935.13,31.6,18.9,
841,20260607,223,5031,764.08,26.3,29.6,
842,20260202,181,5084,835.87,49.4,32.0,0.0
843,20260601,146,5036,1292.68,20.4,34.0,0.0
844,20260510,202,5027,883.16,61.9,21.0,3.0
845,20251211,182,5075,682.87,17.5,18.3,
846,20250921,175,5050,770.98,38.4,20.9,0.0
847,20260728,289,5012,,86.6,24.1,0.0
848,20250930,278,5014,,79.0,25.5,0.0
849,20260729,263,5017,237.76,38.2,26.9,
850,20260620,226,5081,798.37,94.6,31.5,2.0
851,20260502,248,5096,334.42,85.2,28.9,
852,20260803,163,5078,1491.58,78.2,24.7,0.0
853,20260730,184,5016,105.36,12.0,33.9,0.0
854,20260531,197,5006,982.79,89.0,29.3,
855,20251221,172,5076,511.47,87.6,24.7,0.0
856,20260526,201,5084,810.36,,19.3,
857,20250815,194,5025,627.96,44.0,21.4,1.0
858,20260222,130,5025,320.04,78.5,18.3,0.0
859,20260123,245,5091,956.54,13.7,27.4,
860,20260413,152,5058,394.35,57.0,24.6,1.0
861,20260413,252,5013,125.21,24.7,19.8,1.0
862,20260311,240,5010,440.52,89.5,20.7,3.0
863,20260607,147,5070,93.35,25.5,24.7,0.0
864,20260720,275,5080,1347.34,,33.2,1.0
865,20250918,297,5044,572.52,76.6,26.7,1.0
866,20251103,241,5039,1491.99,82.0,18.2,0.0
867,20250819,107,5093,602.36,85.3,34.1,2.0
868,20260629,287,5061,948.33,32.4,29.9,0.0
869,20260303,219,5098,1044.14,91.1,24.9,0.0
870,20260710,282,5026,875.33,43.9,28.3,0.0
871,20251030,154,5069,94.42,93.3,,0.0
872,20250902,213,5093,231.0,92.1,31.8,1.0
873,20260607,175,5020,455.42,13.5,31.3,2.0
874,20260708,278,5006,835.57,59.3,,0.0
875,20251128,118,5017,1178.65,,22.8,
876,20260106,205,5025,546.82,17.1,19.4,0.0
877,20250930,273,5054,593.07,52.7,19.5,0.0
878,20260722,228,5071,414.25,71.9,31.7,3.0
879,20251129,136,5092,1404.63,52.9,22.1,0.0
880,20260206,263,5033,620.1,47.0,32.5,2.0
881,20250914,178,5098,910.71,91.8,30.0,2.0
882,20260630,162,5072,334.36,32.1,32.6,0.0
883,20250928,165,5045,,13.0,29.6,2.0
884,20260123,269,5047,1232.08,86.5,21.9,3.0
885,20260412,140,5058,476.54,38.0,19.6,
886,20260508,284,5081,975.54,81.5,30.1,0.0
887,20260722,209,5092,969.23,46.7,29.7,0.0
888,20260110,197,5016,242.99,,24.6,
889,20260508,119,5056,822.42,53.8,22.0,3.0
890,20251005,215,5009,,51.8,24.4,
891,20260108,254,5062,440.42,53.2,21.0,
892,20250915,223,5054,617.51,53.4,30.8,0.0
893,20260205,250,5068,1306.24,71.9,20.4,0.0
894,20260106,203,5065,1306.12,,22.7,0.0
895,20260724,237,5003,332.12,46.2,32.2,3.0
896,20250821,230,5022,1442.69,93.5,23.2,0.0
897,20251223,278,5077,1389.47,93.0,22.9,0.0
898,20260119,208,5036,1405.08,63.0,18.0,2.0
899,20260723,240,5090,543.27,30.2,28.8,0.0
900,20260619,110,5017,288.41,27.5,25.7,0.0
901,20250915,193,5038,165.43,66.0,33.5,2.0
902,20260417,280,5006,1036.77,14.5,32.5,1.0
903,20260225,238,5073,525.43,65.0,24.4,0.0
904,20260802,253,5008,822.91,85.2,20.8,0.0
905,20251219,264,5089,539.94,21.7,27.8,1.0
906,20260102,122,5025,1484.6,60.3,19.3,
907,20251018,128,5095,750.79,,32.2,0.0
908,20250923,297,5051,1375.23,94.3,28.8,0.0
909,20260616,164,5064,547.86,77.9,26.7,0.0
910,20260123,269,5088,293.14,83.8,27.0,0.0
911,20260409,271,5069,884.39,57.3,19.4,0.0
912,20260401,191,5066,635.29,10.8,24.5,0.0
913,20260316,143,5010,904.23,33.8,34.7,0.0
914,20250817,266,5022,1309.08,,25.0,0.0
915,20260524,257,5057,372.29,33.6,18.7,
916,20251107,112,5097,818.12,,29.2,
917,20250925,245,5066,,86.7,19.0,
918,20260304,266,5050,,16.8,32.7,1.0
919,20250904,274,5072,374.15,59.1,33.1,
920,20260517,266,5100,1487.57,11.3,23.0,0.0
921,20251024,203,5050,781.5,53.3,28.0,
922,20251028,293,5052,861.9,27.6,28.8,2.0
923,20260624,185,5078,617.27,20.3,25.5,0.0
924,20251208,211,5035,,71.3,28.4,2.0
925,20251003,128,5027,1429.86,31.8,23.7,0.0
926,20260705,103,5024,759.97,94.6,26.7,0.0
927,20250811,126,5001,431.13,59.9,,0.0
928,20260620,167,5021,610.1,94.2,19.8,1.0
929,20251001,157,5074,1282.68,37.4,32.0,2.0
930,20250926,231,5028,520.35,30.9,24.5,1.0
931,20251109,292,5076,934.33,24.3,,0.0
932,20251012,233,5090,1146.18,71.1,33.3,1.0
933,20260408,243,5002,1170.85,34.6,22.7,0.0
934,20250819,249,5066,466.59,16.2,34.4,0.0
935,20250815,277,5059,429.48,70.5,25.1,0.0
936,20260526,248,5065,,20.4,28.7,0.0
937,20251105,157,5091,494.6,49.1,27.3,3.0
938,20251206,215,5093,953.61,57.9,22.9,0.0
939,20251012,196,5068,1322.74,14.1,34.8,2.0
940,20250829,201,5034,1346.11,40.7,32.9,0.0
941,20260508,219,5039,1245.28,,21.8,0.0
942,20260218,298,5029,158.04,20.9,32.1,0.0
943,20260509,274,5038,1256.98,30.3,33.5,0.0
944,20260131,251,5091,1375.13,40.5,25.3,2.0
945,20260521,277,5035,918.55,17.9,19.0,2.0
946,20260213,229,5071,288.98,72.5,21.0,0.0
947,20250918,139,5016,338.76,50.3,29.6,0.0
948,20260210,189,5022,,64.4,20.6,2.0
949,20260722,107,5029,533.74,79.7,21.6,0.0
950,20250825,224,5006,392.23,38.2,26.9,0.0
951,20260523,127,5069,1200.5,,21.3,0.0
952,20260623,176,5031,174.71,65.9,22.5,1.0
953,20260216,207,5038,578.12,43.5,22.3,0.0
954,20260124,122,5006,622.07,10.7,32.2,0.0
955,20260728,130,5082,177.9,57.3,25.8,2.0
956,20250901,287,5019,475.79,83.5,31.6,1.0
957,20260201,137,5036,205.91,74.5,28.9,1.0
958,20260103,190,5018,1250.02,44.3,18.3,0.0
959,20260418,180,5035,343.33,63.3,25.9,0.0
960,20260205,188,5007,364.06,73.6,20.9,0.0
961,20260708,217,5083,301.59,45.2,26.8,
962,20250905,153,5032,948.1,78.0,18.4,0.0
963,20250908,234,5027,360.98,42.3,22.1,
964,20260320,224,5069,658.25,66.2,29.2,0.0
965,20250903,190,5015,1105.37,60.4,34.8,0.0
966,20251118,222,5001,1428.4,24.2,28.9,2.0
967,20260329,125,5084,191.2,75.8,30.7,0.0
968,20260226,213,5045,1208.27,89.8,32.3,1.0
969,20251207,285,5081,698.62,55.5,25.4,3.0
970,20260809,279,5078,510.11,25.8,19.6,2.0
971,20260220,216,5048,73.28,,27.2,3.0
972,20260123,182,5042,950.12,54.7,22.0,0.0
973,20260319,118,5011,1431.46,24.0,21.8,0.0
974,20250915,177,5091,267.05,55.6,21.4,0.0
975,20260423,112,5071,1303.18,10.1,20.1,2.0
976,20260618,282,5034,1213.45,74.9,31.0,0.0
977,20260405,130,5093,461.04,54.8,22.3,0.0
978,20260518,106,5018,1166.15,23.1,27.8,0.0
979,20260430,188,5053,176.35,41.7,23.4,0.0
980,20251027,266,5079,1175.68,13.5,22.3,1.0
981,20260122,128,5038,307.12,86.4,31.8,3.0
982,20251101,274,5042,605.25,53.7,20.9,0.0
983,20251212,143,5008,817.36,46.3,33.6,2.0
984,20260122,290,5081,1496.51,,32.7,3.0
985,20260109,163,5002,1059.31,67.9,29.8,2.0
986,20250913,233,5046,809.4,80.7,23.0,2.0
987,20260113,145,5029,864.15,51.2,30.9,
988,20260410,242,5094,927.35,,21.0,0.0
989,20251224,141,5036,1260.62,52.1,18.1,0.0
990,20251004,185,5023,1148.76,11.6,31.3,0.0
991,20260713,244,5033,59.75,90.7,26.6,1.0
992,20250903,210,5003,573.43,33.7,29.4,2.0
993,20260610,219,5069,390.76,78.1,27.3,0.0
994,20250913,160,5085,795.67,28.6,24.1,3.0
995,20250914,204,5100,858.82,92.8,29.1,3.0
996,20260507,262,5100,1162.13,72.4,18.8,0.0
997,20260603,148,5075,,58.8,28.0,0.0
998,20260301,148,5014,1340.77,80.6,35.0,0.0
999,20260312,264,5093,1406.0,50.4,24.0,0.0
1000,20260303,269,5096,858.24,22.5,19.9,3.0
1001,20251208,211,5089,1373.69,29.6,25.5,0.0
1002,20250923,202,5049,1175.0,64.1,24.7,0.0
1003,20251217,108,5084,653.32,16.9,18.1,1.0
1004,20260410,289,5033,1435.54,50.6,34.5,2.0
1005,20260511,258,5081,1302.85,86.3,20.7,0.0
1006,20260623,151,5082,896.17,68.1,28.3,
1007,20260430,216,5078,652.49,70.3,20.8,0.0
1008,20260730,252,5071,1143.72,61.0,34.4,0.0
1009,20260317,210,5027,831.43,23.5,32.5,0.0
1010,20251216,200,5057,455.33,52.8,30.9,
1011,20260309,102,5029,1300.76,62.9,26.1,0.0
1012,20251026,281,5042,250.42,33.3,21.9,0.0
1013,20260407,155,5035,1073.85,70.2,30.1,3.0
1014,20251031,153,5027,789.8,92.1,22.7,
1015,20250918,172,5075,1475.57,17.4,33.6,3.0
1016,20260615,293,5081,1345.1,68.3,19.1,0.0
1017,20251222,281,5097,455.44,70.0,33.1,0.0
1018,20260516,117,5051,966.65,34.7,23.0,0.0
1019,20260308,248,5020,1112.69,54.8,18.9,
1020,20260601,127,5058,661.85,68.1,31.9,0.0
1021,20260615,238,5030,577.38,93.5,29.7,3.0
1022,20260801,148,5094,1306.85,23.3,20.9,0.0
1023,20260605,194,5093,1192.03,47.7,18.8,
1024,20260322,184,5056,1270.29,74.7,30.8,2.0
1025,20260402,151,5048,467.65,81.3,26.3,0.0
1026,20250819,218,5019,777.95,65.4,,
1027,20260716,130,5062,491.59,77.1,31.8,0.0
1028,20260609,168,5012,940.85,62.6,,3.0
1029,20251115,272,5064,222.05,46.1,22.1,0.0
1030,20251015,226,5024,170.32,38.4,21.9,0.0
1031,20260424,236,5059,1055.11,32.8,34.3,0.0
1032,20251201,264,5024,1478.81,44.5,23.0,1.0
1033,20251212,181,5023,86.82,76.9,30.9,3.0
1034,20250812,253,5025,1402.23,16.1,33.8,0.0
1035,20260624,200,5073,59.07,40.4,34.5,3.0
1036,20260305,257,5063,107.13,64.5,29.5,0.0
1037,20260103,201,5094,276.12,36.4,21.9,0.0
1038,20250930,251,5024,494.92,19.5,28.9,1.0
1039,20260329,130,5083,976.79,,24.0,1.0
1040,20250821,190,5037,900.18,,21.6,0.0
1041,20260510,191,5003,1323.69,46.3,27.9,
1042,20251027,218,5040,155.48,89.5,22.5,0.0
1043,20260110,259,5021,392.81,10.7,32.3,3.0
1044,20251212,145,5023,981.84,78.8,27.6,0.0
1045,20251223,273,5051,1247.44,58.1,24.1,2.0
1046,20260501,281,5088,1487.24,,26.9,0.0
1047,20260521,177,5078,217.81,72.6,21.2,0.0
1048,20260305,258,5025,522.67,79.5,34.8,3.0
1049,20250910,252,5009,510.2,15.2,26.9,0.0
1050,20250829,122,5019,352.1,19.4,28.9,2.0
1051,20251006,273,5010,519.77,,32.0,0.0
1052,20260324,135,5055,746.77,81.2,22.9,
1053,20260413,181,5032,806.59,17.3,25.0,1.0
1054,20251117,131,5059,968.46,72.6,22.2,0.0
1055,20260409,162,5083,667.24,58.9,20.2,3.0
1056,20260203,179,5052,1120.32,65.4,29.0,0.0
1057,20260118,130,5013,1038.89,23.2,26.8,0.0
1058,20251117,147,5093,461.67,88.4,31.8,3.0
1059,20260513,196,5068,462.33,22.3,23.7,
1060,20250920,278,5018,803.72,54.6,19.0,1.0
1061,20260114,137,5094,944.52,74.5,32.1,0.0
1062,20251121,231,5097,609.45,77.3,33.9,0.0
1063,20260415,200,5002,948.95,28.3,26.7,0.0
1064,20260204,208,5078,1089.27,,26.4,0.0
1065,20260411,253,5013,258.9,61.0,19.8,1.0
1066,20250826,136,5049,1446.49,50.8,27.9,
1067,20260101,248,5050,1051.02,44.9,32.2,0.0
1068,20260317,199,5003,1408.15,14.1,20.0,
1069,20250812,209,5015,663.45,,20.1,0.0
1070,20251128,148,5002,1353.36,75.1,,0.0
1071,20251026,225,5098,1193.8,,26.3,
1072,20250929,263,5083,1093.07,69.0,19.8,1.0
1073,20251111,238,5006,474.37,91.2,28.4,0.0
1074,20251208,278,5017,649.26,,26.2,0.0
1075,20250812,266,5032,1133.01,84.3,22.9,1.0
1076,20260510,145,5099,238.12,92.5,26.0,0.0
1077,20251013,243,5011,1276.65,33.3,29.7,0.0
1078,20251227,143,5035,1477.95,,27.7,3.0
1079,20260424,226,5019,1070.34,26.7,29.8,0.0
1080,20260209,174,5081,1382.9,35.5,26.0,
1081,20260611,136,5077,467.47,10.4,26.2,3.0
1082,20260601,148,5002,1427.07,81.3,22.3,1.0
1083,20250905,181,5002,150.91,38.4,30.1,
1084,20260621,216,5014,366.74,28.6,18.5,0.0
1085,20250825,259,5070,,73.6,30.1,0.0
1086,20250816,114,5095,1075.97,,24.1,1.0
1087,20260713,192,5044,1221.21,84.9,27.0,0.0
1088,20260621,103,5091,203.5,43.9,33.1,0.0
1089,20260308,225,5011,243.9,93.9,29.7,1.0
1090,20260307,135,5026,1262.69,51.3,33.6,
1091,20260426,150,5018,233.13,88.9,27.0,0.0
1092,20260109,199,5062,929.54,37.7,23.6,3.0
1093,20250921,244,5098,1324.06,33.2,33.9,3.0
1094,20250817,230,5073,985.46,84.9,30.8,0.0
1095,20251206,268,5057,959.02,39.3,26.1,0.0
1096,20260530,227,5021,954.9,59.8,31.3,0.0
1097,20260324,205,5040,135.53,85.9,28.2,0.0
1098,20260610,276,5043,1120.53,,24.9,
1099,20260712,226,5062,1333.95,85.7,34.1,0.0
1100,20250911,207,5020,803.41,51.2,25.5,2.0
1101,20260615,282,5032,652.28,32.7,21.7,0.0
1102,20251107,214,5008,759.83,73.6,24.4,0.0
1103,20260313,226,5070,345.74,,19.0,0.0
1104,20260217,143,5089,851.48,63.8,23.0,2.0
1105,20260101,122,5035,550.26,21.7,33.0,0.0
1106,20251201,245,5081,822.14,21.6,26.0,3.0
1107,20251212,108,5070,1162.06,63.5,19.8,0.0
1108,20251209,295,5016,635.84,73.7,18.1,3.0
1109,20251010,157,5003,1073.94,43.6,19.8,
1110,20260212,175,5006,1014.48,69.2,,3.0
1111,20250920,109,5014,306.56,77.4,25.4,1.0
1112,20260212,171,5070,311.96,63.0,28.1,3.0
1113,20260707,158,5038,557.63,15.4,26.5,0.0
1114,20251215,238,5014,723.18,60.9,20.6,0.0
1115,20260503,174,5066,427.49,23.0,32.3,0.0
1116,20260605,144,5054,1461.28,55.1,20.3,0.0
1117,20260604,300,5019,864.96,93.4,27.1,0.0
1118,20251104,218,5001,435.16,44.7,34.0,1.0
1119,20251002,245,5029,,72.8,28.6,1.0
1120,20251021,291,5004,274.39,88.7,18.1,
1121,20260318,298,5030,878.27,23.1,21.7,0.0
1122,20260515,297,5055,97.41,52.6,22.2,2.0
1123,20260406,227,5050,256.55,,24.2,0.0
1124,20251013,241,5019,180.84,24.5,24.8,
1125,20260519,231,5046,1234.17,17.3,20.3,1.0
1126,20260206,129,5084,1289.57,84.9,28.3,0.0
1127,20260513,247,5037,1125.76,40.4,30.0,2.0
1128,20260515,130,5029,604.5,37.3,26.2,3.0
1129,20260121,169,5088,1003.63,85.3,25.5,3.0
1130,20260714,299,5050,399.58,76.7,20.3,0.0
1131,20260304,240,5088,198.26,81.3,33.6,
1132,20260330,194,5092,126.99,28.5,25.1,1.0
1133,20260326,239,5015,1310.09,30.9,22.9,0.0
1134,20260622,294,5063,1091.52,11.7,27.5,0.0
1135,20260327,111,5022,1442.51,52.3,18.9,
1136,20251004,295,5015,985.86,38.9,29.3,2.0
1137,20250903,285,5029,304.55,37.2,19.7,
1138,20260118,213,5014,712.89,21.8,21.3,
1139,20251128,240,5037,361.85,87.7,26.0,3.0
1140,20251118,156,5046,692.2,,19.2,2.0
1141,20250830,209,5010,1089.93,45.4,23.4,1.0
1142,20260211,127,5079,365.04,28.5,22.4,0.0
1143,20251201,289,5043,868.5,61.6,29.0,
1144,20260122,268,5016,,43.8,19.1,
1145,20250830,293,5047,319.92,64.5,23.8,0.0
1146,20260610,164,5011,1264.9,32.7,26.3,
1147,20250907,177,5006,,,33.1,
1148,20260622,109,5078,313.59,10.2,20.7,0.0
1149,20260619,216,5020,275.03,57.7,32.1,2.0
1150,20260323,168,5023,1435.03,76.0,34.1,1.0
1151,20260211,190,5055,,11.9,21.9,0.0
1152,20260126,123,5068,360.44,50.8,28.4,1.0
1153,20260228,213,5043,647.31,39.2,18.2,0.0
1154,20260526,131,5077,298.23,66.6,34.3,0.0
1155,20260703,299,5024,,86.0,31.0,1.0
1156,20260121,161,5087,669.3,69.2,24.1,0.0
1157,20260602,154,5055,524.08,89.7,28.2,0.0
1158,20260405,289,5020,1288.11,61.6,20.3,0.0
1159,20251205,251,5086,159.28,15.5,29.9,
1160,20260131,277,5088,489.64,51.1,32.4,0.0
1161,20251004,190,5039,852.05,41.5,18.7,
1162,20250901,282,5080,258.62,23.0,29.1,
1163,20250916,257,5037,1350.22,67.6,34.7,0.0
1164,20260705,262,5045,521.4,33.6,21.2,3.0
1165,20251213,210,5014,577.35,18.2,28.2,0.0
1166,20260428,143,5035,1448.02,36.1,27.5,0.0
1167,20260210,258,5064,1194.56,76.4,26.0,0.0
1168,20251012,136,5085,1290.76,38.8,22.0,0.0
1169,20251108,153,5048,833.24,67.1,30.0,1.0
1170,20260117,153,5034,514.3,46.5,18.5,0.0
1171,20260117,116,5092,1412.56,33.4,19.4,2.0
1172,20260217,246,5010,,56.0,28.5,0.0
1173,20251007,190,5001,227.13,54.2,28.2,2.0
1174,20251224,237,5020,1100.94,67.2,32.2,3.0
1175,20251121,172,5100,721.39,30.8,23.2,0.0
1176,20260106,253,5084,1128.31,76.4,34.6,0.0
1177,20251211,238,5019,765.0,,22.6,0.0
1178,20260316,144,5041,284.26,58.5,26.3,3.0
1179,20260525,183,5019,619.97,33.1,29.4,
1180,20260403,281,5050,408.35,47.8,29.1,1.0
1181,20250903,175,5058,78.36,,32.6,0.0
1182,20250913,175,5093,532.31,76.3,18.6,1.0
1183,20260415,247,5062,1304.88,59.5,30.9,
1184,20251121,169,5009,887.53,13.1,34.2,0.0
1185,20260501,232,5015,1431.96,11.6,18.7,0.0
1186,20260407,274,5074,772.27,37.7,34.7,0.0
1187,20260707,125,5055,1087.46,71.6,25.8,
1188,20260625,135,5094,218.89,32.4,19.2,0.0
1189,20251210,293,5036,1345.24,77.5,23.3,0.0
1190,20260311,206,5019,925.23,27.9,32.0,0.0
1191,20250930,116,5012,,81.0,24.6,2.0
1192,20251216,171,5042,894.29,28.9,32.6,0.0
1193,20260730,268,5017,53.9,75.1,27.8,0.0
1194,20260422,133,5024,,55.6,34.1,3.0
1195,20251231,280,5099,,,22.0,
1196,20260315,134,5050,285.03,18.7,24.5,0.0
1197,20260719,164,5046,530.11,83.1,31.3,0.0
1198,20251201,138,5041,,78.1,18.5,3.0
1199,20251225,283,5064,914.05,24.9,21.4,0.0
1200,20260526,183,5055,1151.63,22.0,29.7,0.0
1201,20260603,164,5062,1370.46,10.2,18.4,3.0
1202,20260412,295,5089,1092.21,59.5,26.0,1.0
1203,20260609,274,5053,360.64,,33.4,
1204,20260507,201,5078,1076.48,83.0,24.8,1.0
1205,20260417,226,5082,1235.38,14.6,33.4,
1206,20260218,137,5043,250.5,44.4,30.4,2.0
1207,20260403,248,5018,1429.29,90.7,19.6,0.0
1208,20260111,262,5084,1421.42,30.5,18.9,2.0
1209,20251220,169,5032,802.47,83.5,32.7,0.0
1210,20251220,261,5050,239.47,39.4,18.3,
1211,20251014,207,5054,90.71,40.6,31.8,2.0
1212,20251027,197,5071,1029.07,49.4,30.0,1.0
1213,20260722,216,5064,1459.52,20.6,26.4,1.0
1214,20260203,120,5069,245.34,14.3,33.0,0.0
1215,20251031,263,5069,578.25,14.1,25.3,3.0
1216,20250929,297,5064,1107.34,20.5,28.9,1.0
1217,20250907,124,5069,1102.86,38.3,33.1,0.0
1218,20260615,204,5069,128.72,31.4,18.5,0.0
1219,20250916,232,5030,323.24,48.7,32.5,0.0
1220,20260519,292,5050,104.6,29.4,33.5,0.0
1221,20260611,172,5011,114.48,34.5,31.7,3.0
1222,20260629,278,5075,1153.45,91.7,33.3,0.0
1223,20250823,195,5092,,30.4,26.5,
1224,20251211,217,5054,1225.71,16.1,31.5,0.0
1225,20260517,225,5068,1044.72,86.0,25.8,
1226,20250926,184,5074,725.12,32.3,25.7,0.0
1227,20251225,249,5100,780.02,55.6,19.2,
1228,20251008,101,5089,1302.25,21.3,30.2,2.0
1229,20260610,299,5096,685.64,40.0,34.2,3.0
1230,20260519,288,5029,1041.22,41.0,27.8,
1231,20260602,124,5090,1055.31,91.8,19.7,0.0
1232,20251009,288,5012,1096.96,38.6,23.4,
1233,20260117,218,5031,1323.85,31.6,25.9,1.0
1234,20260107,263,5047,1017.65,,21.9,3.0
1235,20260414,271,5001,568.18,33.0,,1.0
1236,20251104,279,5027,393.35,92.1,31.0,0.0
1237,20260119,192,5003,825.73,63.9,20.0,
1238,20251122,117,5047,1390.24,36.3,22.5,3.0
1239,20260510,237,5072,1208.1,43.4,32.6,0.0
1240,20260121,202,5061,1387.69,37.9,25.5,0.0
1241,20260221,156,5018,1195.99,65.1,27.5,2.0
1242,20251201,210,5015,1229.74,49.7,30.1,0.0
1243,20260601,155,5008,108.63,62.7,25.6,0.0
1244,20260128,227,5045,,36.7,33.5,
1245,20260611,169,5047,1468.09,30.2,34.0,1.0
1246,20251222,183,5100,392.62,22.3,24.5,0.0
1247,20260722,173,5018,612.38,41.2,31.8,3.0
1248,20260805,187,5038,168.91,41.7,29.8,1.0
1249,20260125,241,5059,880.37,57.0,27.3,3.0
1250,20251121,248,5019,1201.66,,19.1,0.0
1251,20251227,134,5071,515.06,67.3,34.5,1.0
1252,20260219,245,5054,717.31,59.5,32.3,1.0
1253,20260729,225,5032,552.99,92.3,28.0,0.0
1254,20260604,188,5027,1314.15,39.2,20.0,2.0
1255,20260530,275,5029,1433.44,73.5,32.4,2.0
1256,20250929,296,5008,1314.41,35.6,30.9,
1257,20251109,113,5096,877.25,51.5,28.6,0.0
1258,20260401,112,5018,1396.38,88.9,32.4,2.0
1259,20260625,126,5016,185.68,18.3,26.7,1.0
1260,20260228,261,5090,1179.47,44.7,33.5,0.0
1261,20250916,218,5091,982.22,13.8,20.8,
1262,20260615,105,5019,292.85,76.9,27.8,3.0
1263,20260617,132,5049,1393.95,87.3,29.5,
1264,20251122,141,5094,1415.65,75.7,19.1,
1265,20260516,213,5004,1136.45,32.3,32.9,3.0
1266,20251117,217,5090,1012.81,64.4,18.4,0.0
1267,20260707,101,5055,184.09,76.0,27.0,
1268,20251002,210,5048,338.32,,19.7,1.0
1269,20260117,152,5007,451.92,,29.8,1.0
1270,20260722,277,5090,1308.39,73.0,29.5,
1271,20251030,134,5014,791.5,65.7,27.5,
1272,20260122,267,5085,132.2,91.8,23.7,0.0
1273,20251215,178,5075,1243.71,35.7,,
1274,20250819,141,5010,1371.9,10.2,25.9,1.0
1275,20250829,171,5062,886.0,11.6,21.9,0.0
1276,20260209,124,5077,1488.66,,30.0,0.0
1277,20251104,268,5021,169.84,44.0,22.7,0.0
1278,20260808,193,5004,,60.4,25.7,2.0
1279,20251225,165,5019,774.8,92.9,25.1,0.0
1280,20250820,122,5047,932.61,63.9,20.1,0.0
1281,20260716,196,5019,217.0,,23.5,0.0
1282,20260613,271,5011,626.84,72.0,27.6,0.0
1283,20260404,267,5032,968.27,51.9,34.5,3.0
1284,20260526,143,5010,,60.1,18.4,0.0
1285,20250929,114,5002,217.56,71.2,32.0,0.0
1286,20251122,202,5073,278.24,,25.4,3.0
1287,20260609,261,5054,1306.76,69.0,28.6,0.0
1288,20260421,179,5020,1389.78,92.8,22.3,0.0
1289,20250929,286,5098,1442.17,20.6,27.3,0.0
1290,20260425,280,5024,644.66,39.7,33.7,0.0
1291,20260121,294,5061,1141.36,37.1,19.6,1.0
1292,20250811,160,5096,252.47,38.9,30.7,
1293,20250907,210,5018,216.99,13.5,18.0,0.0
1294,20251111,268,5096,1168.5,70.6,19.0,0.0
1295,20260611,124,5068,1026.48,52.4,30.5,0.0
1296,20260226,281,5090,218.1,34.1,18.6,0.0
1297,20260503,125,5039,604.74,70.7,25.6,3.0
1298,20260219,101,5061,201.53,44.2,25.0,
1299,20250919,155,5053,1374.26,20.4,20.5,2.0
1300,20251123,223,5093,110.68,12.2,31.2,2.0
1301,20251128,120,5044,945.39,61.7,34.9,2.0
1302,20250827,134,5057,96.28,,18.9,2.0
1303,20260110,252,5083,247.18,11.6,25.2,0.0
1304,20260527,158,5089,547.26,49.1,34.5,0.0
1305,20260124,233,5002,1126.74,62.3,18.7,0.0
1306,20250919,275,5037,817.28,,31.1,0.0
1307,20260707,214,5015,684.57,81.9,28.3,0.0
1308,20260316,103,5020,410.58,74.4,20.7,
1309,20250816,103,5008,1391.95,47.3,25.0,0.0
1310,20260214,279,5083,1132.82,13.0,30.6,0.0
1311,20251106,188,5005,360.43,42.6,21.0,0.0
1312,20251001,131,5078,475.74,58.7,27.6,0.0
1313,20260114,209,5097,329.04,64.9,29.2,
1314,20260323,278,5023,601.41,58.8,23.6,0.0
1315,20251106,134,5065,352.18,51.6,31.5,3.0
1316,20260109,223,5021,69.44,46.8,20.6,0.0
1317,20260410,119,5002,309.31,60.8,33.7,0.0
1318,20250910,159,5051,993.41,,30.6,1.0
1319,20260801,199,5055,1014.46,36.6,22.4,
1320,20250903,123,5088,487.12,67.8,28.0,1.0
1321,20260218,288,5059,805.44,43.8,26.3,0.0
1322,20260211,127,5071,266.97,69.8,32.0,3.0
1323,20260806,127,5092,1188.25,19.3,28.2,3.0
1324,20260228,181,5034,305.4,77.8,33.2,0.0
1325,20251230,195,5074,180.65,59.2,24.4,1.0
1326,20260129,177,5065,82.93,76.4,31.5,
1327,20260330,136,5040,859.66,66.5,28.9,0.0
1328,20260804,198,5091,622.44,75.5,28.1,0.0
1329,20251110,299,5030,810.98,88.5,,0.0
1330,20250815,293,5055,1386.8,46.1,31.8,0.0
1331,20260525,135,5021,1296.77,44.2,24.9,2.0
1332,20251214,265,5035,885.82,31.2,32.0,2.0
1333,20260505,274,5012,523.63,94.8,23.5,0.0
1334,20260327,137,5067,245.22,,22.7,0.0
1335,20260519,118,5049,914.67,51.4,30.5,3.0
1336,20260506,236,5017,594.59,30.4,24.2,
1337,20251209,245,5096,74.82,84.7,33.3,3.0
1338,20250826,103,5028,1243.7,77.6,25.8,3.0
1339,20260225,257,5052,330.8,69.8,27.5,0.0
1340,20260603,267,5080,1277.97,60.5,34.6,0.0
1341,20251013,143,5008,1492.12,13.9,29.3,0.0
1342,20260522,213,5029,557.46,14.9,30.4,1.0
1343,20260127,190,5051,601.72,20.9,34.2,0.0
1344,20260421,285,5024,1196.91,55.4,26.2,
1345,20260329,155,5096,1225.17,28.2,19.1,3.0
1346,20260603,261,5072,1117.18,76.2,19.0,0.0
1347,20250902,292,5078,51.79,92.2,29.9,3.0
1348,20260521,139,5010,1399.52,29.6,21.2,
1349,20260124,206,5089,1087.73,39.4,28.0,3.0
1350,20251125,258,5060,874.86,19.0,29.8,
1351,20250826,276,5062,550.6,,24.0,0.0
1352,20251022,214,5041,1179.87,10.6,30.1,0.0
1353,20250825,156,5084,896.02,33.1,18.9,
1354,20260717,123,5083,1244.07,14.0,25.3,
1355,20260214,126,5052,1175.73,49.8,31.7,0.0
1356,20260807,136,5049,381.85,82.9,25.8,0.0
1357,20260224,293,5022,707.91,24.0,,3.0
1358,20251110,132,5007,255.72,64.0,21.3,2.0
1359,20260512,251,5048,326.6,,24.8,0.0
1360,20251018,287,5083,1405.99,29.3,31.1,
1361,20251218,199,5055,847.06,44.4,19.8,0.0
1362,20260522,190,5025,832.48,67.2,22.9,3.0
1363,20260622,210,5035,611.68,29.1,21.8,0.0
1364,20251209,181,5014,1155.73,50.8,18.3,
1365,20250924,136,5014,238.98,75.6,19.0,3.0
1366,20251222,164,5010,1277.2,58.3,33.7,0.0
1367,20260701,171,5047,426.07,47.5,24.0,2.0
1368,20260509,266,5078,158.68,79.7,34.2,1.0
1369,20260703,122,5100,,15.3,19.0,0.0
1370,20251229,164,5043,276.45,69.0,23.0,
1371,20260801,242,5004,254.23,54.2,21.4,2.0
1372,20260207,254,5031,748.69,11.9,19.7,0.0
1373,20260208,254,5037,128.03,69.8,29.6,0.0
1374,20260714,285,5021,228.51,82.6,32.4,0.0
1375,20260216,256,5070,940.66,85.8,25.9,
1376,20260530,173,5014,,10.9,20.5,0.0
1377,20260503,300,5009,858.42,14.4,31.2,1.0
1378,20250907,277,5028,453.0,48.8,18.0,0.0
1379,20260318,107,5077,,71.3,19.9,0.0
1380,20260606,269,5002,,78.4,20.6,0.0
1381,20260225,178,5097,692.52,,25.6,
1382,20251205,153,5040,,,34.9,0.0
1383,20250908,233,5025,,41.0,,
1384,20260408,256,5071,667.99,79.2,26.0,0.0
1385,20251130,231,5026,906.68,43.1,25.5,0.0
1386,20260318,149,5082,647.89,12.1,21.6,
1387,20260112,292,5005,238.48,24.8,34.3,1.0
1388,20260419,201,5031,1297.02,82.2,18.2,0.0
1389,20251216,176,5035,820.02,25.4,32.8,1.0
1390,20250825,266,5011,1420.47,94.3,30.9,2.0
1391,20260624,114,5073,205.21,45.3,21.0,0.0
1392,20251217,162,5073,513.18,86.2,29.8,1.0
1393,20260810,227,5006,1431.73,50.0,20.7,0.0
1394,20251118,199,5073,279.97,60.3,30.3,0.0
1395,20260803,129,5062,1323.95,32.5,33.6,0.0
1396,20260722,162,5006,966.02,76.2,29.7,0.0
1397,20250906,228,5007,60.99,,21.6,3.0
1398,20260331,264,5041,1066.74,85.3,27.3,0.0
1399,20251220,253,5012,1306.36,83.4,19.7,
1400,20260530,119,5040,96.96,,33.4,0.0
1401,20260415,236,5002,,46.5,24.9,0.0
1402,20260724,104,5046,74.45,59.6,24.8,0.0
1403,20251001,193,5097,576.62,17.5,33.9,
1404,20260320,182,5037,1362.39,20.7,20.9,2.0
1405,20260522,134,5051,1437.05,20.9,33.0,2.0
1406,20250822,200,5065,868.42,26.7,18.6,3.0
1407,20250903,246,5025,1164.2,,30.6,1.0
1408,20260521,208,5041,,16.4,,0.0
1409,20251222,194,5097,663.62,63.3,34.2,
1410,20251228,240,5051,1190.92,24.1,24.7,
1411,20260305,275,5093,953.21,83.7,34.7,0.0
1412,20260319,145,5046,587.79,78.4,21.9,0.0
1413,20260415,296,5017,905.68,17.0,19.1,2.0
1414,20260723,221,5090,1178.65,19.2,26.7,3.0
1415,20251224,298,5087,554.65,51.6,34.9,0.0
1416,20260516,119,5013,463.31,64.6,22.6,2.0
1417,20260308,105,5043,1273.08,58.2,26.2,3.0
1418,20260219,251,5053,1421.37,93.2,23.7,0.0
1419,20260102,118,5095,414.36,81.6,18.9,0.0
1420,20260404,104,5065,,78.9,22.8,1.0
1421,20251109,168,5013,248.45,83.5,31.7,
1422,20250920,156,5065,1224.63,,34.8,3.0
1423,20260506,111,5100,719.53,,26.7,
1424,20260208,116,5020,53.96,37.1,34.7,0.0
1425,20251229,202,5004,113.98,,18.8,1.0
1426,20260303,230,5076,136.13,63.5,21.5,0.0
1427,20251113,174,5049,221.84,33.2,28.5,3.0
1428,20251113,261,5062,1186.22,,24.6,0.0
1429,20260120,283,5076,227.82,69.5,33.4,1.0
1430,20260809,229,5005,350.47,25.4,23.4,0.0
1431,20251122,297,5038,1218.84,68.3,31.5,0.0
1432,20260711,207,5021,1118.19,36.9,24.0,0.0
1433,20260205,209,5020,648.23,34.3,29.3,2.0
1434,20250923,280,5088,383.28,16.5,21.1,
1435,20260618,203,5060,701.52,54.3,33.5,
1436,20260122,122,5011,450.45,77.8,22.0,
1437,20260704,264,5081,1417.65,68.4,18.5,0.0
1438,20260119,238,5012,759.03,66.6,28.6,0.0
1439,20250911,238,5092,664.52,,34.8,0.0
1440,20260416,258,5030,111.8,69.2,21.8,
1441,20260615,140,5028,69.04,17.3,32.7,
1442,20251204,172,5088,191.27,42.5,20.6,1.0
1443,20251215,122,5084,1103.81,48.3,31.1,3.0
1444,20250902,180,5019,581.05,53.5,18.9,3.0
1445,20260224,121,5099,,,31.8,0.0
1446,20260702,231,5092,909.48,38.7,25.3,2.0
1447,20260617,153,5021,1309.23,14.9,25.5,0.0
1448,20260427,140,5065,206.86,57.0,24.9,3.0
1449,20260715,238,5067,546.94,65.1,23.5,0.0
1450,20260331,184,5094,138.16,55.9,29.2,0.0
1451,20260527,201,5078,172.43,68.7,23.5,
1452,20260212,251,5084,787.13,,30.5,2.0
1453,20250923,263,5067,642.45,81.2,21.0,0.0
1454,20251022,296,5099,197.42,71.4,20.7,2.0
1455,20250929,267,5044,128.13,53.6,34.5,0.0
1456,20260526,275,5058,1083.3,76.3,19.9,0.0
1457,20250819,265,5017,531.6,55.6,32.7,2.0
1458,20260228,117,5044,1454.72,86.3,34.6,0.0
1459,20251223,180,5038,1228.85,83.3,22.7,0.0
1460,20260531,279,5047,467.2,,23.7,0.0
1461,20260227,212,5080,1456.46,32.1,29.9,1.0
1462,20260321,287,5056,1433.14,67.0,34.1,
1463,20250910,162,5006,763.45,,26.5,3.0
1464,20251201,115,5092,339.27,90.4,25.4,0.0
1465,20260810,163,5100,630.89,32.2,19.2,0.0
1466,20260430,123,5088,215.6,54.4,27.4,0.0
1467,20260218,212,5050,335.0,,18.2,0.0
1468,20260518,130,5031,75.27,37.5,27.4,
1469,20260607,217,5027,680.89,92.9,19.2,0.0
1470,20250905,257,5079,555.95,86.4,34.6,0.0
1471,20260731,256,5078,1296.14,19.5,26.8,
1472,20260402,115,5010,1030.73,47.6,34.2,3.0
1473,20260121,180,5020,697.89,56.0,25.7,
1474,20260415,271,5073,1069.94,,21.2,2.0
1475,20251214,290,5081,914.43,11.0,21.8,0.0
1476,20260627,269,5064,769.45,10.1,31.2,0.0
1477,20260522,290,5013,,50.9,25.5,
1478,20260401,145,5002,863.82,76.1,27.5,0.0
1479,20251015,131,5019,533.96,88.2,33.9,0.0
1480,20260729,104,5099,1499.65,49.8,29.1,3.0
1481,20260115,282,5040,1215.3,51.0,24.5,0.0
1482,20260709,136,5071,1176.66,72.2,24.1,
1483,20250830,280,5012,930.1,10.9,32.1,0.0
1484,20250924,103,5064,277.05,45.9,20.3,
1485,20251005,142,5013,,66.5,19.9,2.0
1486,20251009,228,5059,1411.17,47.0,20.0,0.0
1487,20251206,189,5041,1386.86,92.6,25.5,3.0
1488,20260426,234,5022,1265.58,30.2,34.9,
1489,20251214,233,5038,1339.97,49.5,23.9,
1490,20260720,285,5021,683.37,22.3,24.2,
1491,20260703,167,5009,265.92,61.3,26.5,3.0
1492,20260615,143,5036,562.19,10.2,24.2,
1493,20251109,196,5074,142.91,45.8,34.3,0.0
1494,20260330,133,5047,398.79,51.0,28.6,1.0
1495,20260227,292,5046,250.42,81.3,24.3,0.0
1496,20250924,300,5012,1287.94,64.1,27.6,2.0
1497,20251128,169,5010,77.52,25.8,27.0,2.0
1498,20260221,288,5023,133.49,18.0,33.1,3.0
1499,20260209,131,5091,435.71,22.5,22.5,3.0
1500,20251010,298,5099,651.47,34.0,19.6,2.0
1501,20260720,108,5059,195.24,54.5,31.1,
1502,20251005,186,5034,1449.37,53.9,23.8,0.0
1503,20260408,210,5061,958.91,57.7,29.5,0.0
1504,20260430,170,5033,86.15,65.8,27.9,
1505,20260319,235,5098,148.33,18.8,32.5,
1506,20260614,117,5057,,43.1,,0.0
1507,20260304,168,5084,698.05,58.8,28.0,0.0
1508,20260608,283,5018,754.2,13.8,29.1,0.0
1509,20250820,248,5016,727.67,85.3,33.9,
1510,20250826,261,5073,1375.2,67.1,23.4,0.0
1511,20260401,120,5063,104.16,42.9,24.8,0.0
1512,20260309,228,5006,1136.08,35.3,20.6,2.0
1513,20260405,217,5047,,37.9,24.8,0.0
1514,20260517,231,5037,392.13,44.1,23.3,1.0
1515,20260109,193,5052,1164.0,62.3,18.4,0.0
1516,20260331,115,5053,850.45,49.7,24.5,1.0
1517,20260208,228,5080,1239.79,19.3,21.2,0.0
1518,20260327,246,5088,866.24,62.1,29.3,
1519,20251124,143,5017,1064.9,44.1,19.1,1.0
1520,20260726,195,5057,1075.89,37.4,19.5,0.0
1521,20260202,141,5047,1059.84,87.0,31.6,0.0
1522,20260531,166,5066,882.54,74.0,34.2,1.0
1523,20260417,298,5080,506.82,61.8,32.8,2.0
1524,20251126,127,5041,1018.18,11.7,25.6,0.0
1525,20250905,247,5048,1076.21,76.7,34.2,0.0
1526,20250831,273,5011,509.17,31.3,19.3,0.0
1527,20260117,286,5088,299.57,77.8,27.9,0.0
1528,20260203,130,5053,420.51,12.8,26.1,
1529,20251023,159,5065,932.83,,26.9,
1530,20260320,290,5058,104.95,70.3,28.0,0.0
1531,20251202,231,5034,904.99,51.4,21.7,0.0
1532,20260429,101,5088,987.55,11.3,32.2,0.0
1533,20260505,112,5006,917.0,35.4,20.9,2.0
1534,20260621,104,5080,770.51,38.6,31.6,0.0
1535,20260801,163,5083,1373.24,66.3,22.5,
1536,20250926,112,5008,1185.82,19.7,32.8,0.0
1537,20251223,221,5095,817.32,,31.7,0.0
1538,20260303,194,5032,764.6,48.3,23.7,2.0
1539,20251204,199,5090,374.34,14.5,29.0,0.0
1540,20260127,139,5072,144.42,56.9,29.4,
1541,20251115,146,5002,721.71,72.7,28.6,0.0
1542,20251108,110,5020,686.58,41.8,26.4,2.0
1543,20250914,242,5014,224.4,58.8,29.7,
1544,20251124,283,5038,651.14,26.0,19.9,
1545,20251228,290,5049,924.33,94.4,33.9,
1546,20260323,268,5021,1137.36,22.1,25.1,0.0
1547,20251108,208,5073,,43.3,19.5,
1548,20260622,158,5052,1366.71,91.1,22.7,0.0
1549,20251007,183,5010,1435.41,49.3,24.4,0.0
1550,20251207,164,5029,265.24,24.9,23.4,1.0
1551,20260309,207,5050,753.19,91.7,34.0,2.0
1552,20251202,285,5060,1431.19,88.4,31.7,2.0
1553,20260516,182,5086,753.28,15.7,25.3,0.0
1554,20260208,170,5012,877.98,,23.7,0.0
1555,20260214,120,5045,409.95,86.6,20.6,
1556,20260208,247,5060,1254.83,71.9,20.4,3.0
1557,20251130,196,5060,1155.18,76.4,32.4,
1558,20250818,131,5083,683.5,39.0,31.4,3.0
1559,20260721,229,5069,355.86,24.6,33.4,0.0
1560,20260210,273,5060,1048.88,77.7,31.2,0.0
1561,20260729,114,5014,797.31,,18.7,0.0
1562,20251027,146,5011,,19.6,29.5,2.0
1563,20251217,158,5024,469.2,58.6,19.6,0.0
1564,20250828,233,5094,874.27,89.0,34.8,2.0
1565,20260207,112,5014,215.21,,19.8,0.0
1566,20260628,203,5051,935.29,70.2,27.0,3.0
1567,20260406,118,5099,1220.17,,19.8,
1568,20260129,220,5056,147.14,77.4,27.9,3.0
1569,20260222,173,5026,1242.69,53.7,25.5,0.0
1570,20260616,299,5052,432.96,22.0,28.5,0.0
1571,20260114,180,5043,1330.97,81.7,27.1,2.0
1572,20260628,184,5009,1279.78,61.3,18.7,2.0
1573,20260503,123,5041,1435.84,26.9,32.3,1.0
1574,20260516,242,5044,,94.5,28.2,0.0
1575,20251221,217,5078,360.8,56.3,34.4,0.0
1576,20260103,103,5063,123.92,74.3,,0.0
1577,20260306,195,5028,718.08,80.3,25.6,0.0
1578,20251020,152,5090,1360.91,26.3,31.4,0.0
1579,20260228,175,5095,1274.16,81.3,23.1,3.0
1580,20250905,245,5061,203.25,64.3,29.3,
1581,20260210,178,5015,645.58,10.4,33.6,
1582,20260516,290,5036,1269.49,40.8,29.0,1.0
1583,20251120,260,5059,1008.1,30.3,31.9,0.0
1584,20260807,163,5005,1005.93,78.3,33.0,2.0
1585,20260416,219,5070,964.7,82.4,31.8,2.0
1586,20250922,195,5020,1007.64,50.8,33.2,
1587,20260801,252,5061,426.26,38.7,26.8,0.0
1588,20260101,227,5019,1281.95,31.6,26.3,0.0
1589,20260527,298,5082,1357.81,58.8,33.7,1.0
1590,20251212,299,5028,841.33,75.6,22.2,
1591,20260719,151,5041,,70.0,30.4,
1592,20260513,288,5073,171.35,20.4,26.9,2.0
1593,20251021,240,5005,585.6,84.5,18.3,1.0
1594,20260212,295,5077,1067.63,72.4,26.8,2.0
1595,20260209,163,5100,942.05,35.9,31.7,0.0
1596,20250826,139,5049,793.79,87.1,28.3,0.0
1597,20250929,102,5008,781.46,75.0,18.2,3.0
1598,20251209,205,5047,1489.92,22.8,32.5,1.0
1599,20260130,107,5056,897.83,56.2,33.5,
1600,20260124,160,5061,1356.21,26.1,26.6,0.0
1601,20260319,239,5028,1351.3,58.6,27.3,0.0
1602,20260214,189,5007,171.08,41.2,22.6,1.0
1603,20251208,263,5028,694.46,90.9,21.3,0.0
1604,20260322,278,5003,,59.5,22.8,0.0
1605,20251008,103,5098,1262.61,51.0,32.3,
1606,20260807,186,5088,780.29,59.1,23.8,
1607,20260507,101,5055,902.09,89.2,,2.0
1608,20251127,295,5035,470.16,38.8,32.3,
1609,20251211,269,5033,,74.5,19.9,0.0
1610,20260609,197,5082,94.28,61.2,30.3,1.0
1611,20260220,289,5023,1239.51,18.5,18.8,2.0
1612,20260426,287,5011,152.38,89.0,24.4,0.0
1613,20251127,179,5019,842.6,,34.1,
1614,20260604,127,5009,628.55,,21.8,1.0
1615,20251222,153,5036,427.05,12.3,34.3,2.0
1616,20260413,236,5052,825.9,12.8,26.8,2.0
1617,20260803,161,5011,283.04,44.9,32.0,1.0
1618,20260311,208,5039,224.35,48.4,25.3,0.0
1619,20260528,226,5092,1422.86,14.8,31.6,0.0
1620,20260502,116,5058,1330.99,58.7,28.0,2.0
1621,20260418,137,5054,806.82,16.3,28.8,0.0
1622,20250819,283,5068,1119.3,31.6,34.3,0.0
1623,20260130,172,5028,388.05,89.3,31.2,0.0
1624,20260729,124,5086,1475.14,42.5,35.0,1.0
1625,20260523,112,5034,1460.15,,19.7,1.0
1626,20260521,160,5024,592.01,91.9,29.9,0.0
1627,20260309,234,5007,1402.14,31.5,27.7,0.0
1628,20260501,206,5012,831.69,78.8,25.1,0.0
1629,20260311,280,5055,139.49,,33.1,0.0
1630,20251011,196,5044,87.25,,34.3,
1631,20260328,218,5097,833.14,60.2,19.3,2.0
1632,20260324,292,5039,657.24,27.8,33.5,0.0
1633,20260613,122,5022,514.29,48.1,33.0,
1634,20251003,249,5026,1016.55,57.5,33.4,0.0
1635,20260416,125,5045,1251.78,19.8,34.4,0.0
1636,20250821,230,5054,310.75,57.4,32.1,0.0
1637,20260723,135,5062,323.93,74.9,31.2,1.0
1638,20250919,264,5061,866.97,44.3,20.5,0.0
1639,20250816,201,5069,484.36,49.5,20.0,0.0
1640,20251202,120,5089,634.68,66.7,30.0,3.0
1641,20251004,252,5021,1158.68,82.9,30.3,0.0
1642,20260419,246,5090,1018.58,10.8,23.9,0.0
1643,20260107,116,5056,1404.52,33.8,26.9,0.0
1644,20260520,212,5046,790.8,36.4,21.2,2.0
1645,20260712,270,5089,774.54,90.0,31.2,0.0
1646,20260625,134,5074,1234.86,65.8,18.9,3.0
1647,20260506,161,5050,442.1,70.7,31.9,0.0
1648,20250901,175,5002,289.76,,22.5,0.0
1649,20250929,167,5072,1022.1,70.9,26.7,0.0
1650,20251024,181,5077,861.55,67.5,27.5,0.0
1651,20251206,201,5026,781.8,66.8,32.3,0.0
1652,20260409,280,5010,,29.8,27.9,3.0
1653,20260218,289,5093,,16.8,29.7,0.0
1654,20251202,184,5086,888.96,74.8,23.5,
1655,20251012,182,5075,1498.62,74.6,19.3,
1656,20260709,216,5079,1398.81,13.8,20.9,0.0
1657,20251213,170,5019,741.85,29.2,18.1,0.0
1658,20251217,160,5042,971.31,32.5,27.8,0.0
1659,20260519,120,5086,437.34,77.3,18.0,2.0
1660,20260430,152,5094,903.82,,21.8,0.0
1661,20260402,135,5096,382.54,71.4,30.3,0.0
1662,20260420,300,5095,220.98,,22.4,3.0
1663,20260321,298,5094,1361.85,87.6,25.4,2.0
1664,20251019,250,5041,178.23,93.6,25.1,3.0
1665,20251108,128,5002,892.41,86.2,29.7,
1666,20260302,140,5020,213.11,32.4,,
1667,20251031,128,5059,669.37,83.8,33.3,0.0
1668,20260801,143,5019,766.82,19.9,20.0,0.0
1669,20251126,216,5064,850.18,10.0,25.1,0.0
1670,20251123,220,5041,409.76,56.1,24.0,0.0
1671,20251024,181,5015,756.88,86.2,32.5,0.0
1672,20260425,205,5087,1027.58,83.0,33.6,0.0
1673,20251204,131,5053,1222.3,,28.7,
1674,20251215,238,5034,852.16,69.6,21.6,0.0
1675,20260717,192,5067,374.99,93.6,22.9,
1676,20260528,298,5093,1098.15,71.7,27.8,0.0
1677,20251118,154,5001,563.36,,23.9,0.0
1678,20250923,216,5058,1179.59,20.0,19.0,1.0
1679,20260414,179,5017,717.35,17.9,22.0,3.0
1680,20251226,219,5082,1206.9,39.3,26.5,3.0
1681,20260803,168,5058,1216.98,,29.5,
1682,20260605,131,5082,1021.54,39.0,24.7,0.0
1683,20260725,124,5075,627.33,34.6,29.0,3.0
1684,20260531,141,5013,474.63,51.1,24.8,0.0
1685,20251124,276,5005,115.49,48.7,24.0,0.0
1686,20251123,178,5028,926.88,76.3,27.0,0.0
1687,20260428,281,5096,661.37,59.6,20.5,0.0
1688,20251214,279,5025,977.5,89.8,30.3,
1689,20260118,255,5054,1260.88,79.5,33.8,1.0
1690,20251111,111,5090,595.66,71.0,32.9,3.0
1691,20260201,156,5070,842.86,35.4,21.2,3.0
1692,20251022,184,5100,1094.51,50.6,33.1,
1693,20260223,138,5022,,80.7,31.1,
1694,20260717,124,5077,672.5,18.9,32.4,3.0
1695,20260421,283,5049,435.18,14.4,18.4,0.0
1696,20250929,164,5028,791.97,,34.9,2.0
1697,20260323,192,5045,269.95,59.0,34.9,2.0
1698,20260312,202,5027,693.72,,33.2,0.0
1699,20251106,232,5025,271.78,84.9,34.6,
1700,20260412,113,5087,540.13,,27.4,3.0
1701,20260220,274,5074,609.61,67.3,26.3,0.0
1702,20260331,177,5002,281.72,39.8,22.3,0.0
1703,20250829,167,5048,1403.46,39.0,33.6,1.0
1704,20260108,145,5047,891.0,22.7,25.0,0.0
1705,20260429,108,5003,402.58,58.0,33.2,0.0
1706,20250915,204,5039,963.96,48.8,29.4,0.0
1707,20260519,216,5040,,24.1,27.7,3.0
1708,20250811,243,5065,842.73,,31.9,0.0
1709,20260227,292,5016,50.5,27.9,33.9,0.0
1710,20260716,241,5090,1453.11,53.1,24.2,0.0
1711,20260105,164,5064,1442.22,32.8,22.3,
1712,20260718,125,5084,1179.06,94.1,27.2,0.0
1713,20260627,219,5059,435.58,12.1,20.0,
1714,20260131,127,5053,630.19,27.3,30.7,
1715,20251022,136,5053,1060.2,10.9,29.7,0.0
1716,20260728,132,5046,380.53,53.1,32.5,0.0
1717,20251205,104,5046,109.58,91.3,21.4,1.0
1718,20260403,116,5070,682.07,42.3,22.2,3.0
1719,20260708,300,5055,1478.27,83.0,33.0,0.0
1720,20250911,157,5067,623.02,73.0,18.6,
1721,20260308,134,5098,269.44,11.0,21.7,0.0
1722,20260221,151,5043,1481.91,46.9,22.6,0.0
1723,20260501,203,5015,814.45,71.5,31.9,1.0
1724,20260718,196,5023,922.82,72.0,22.7,2.0
1725,20260710,276,5059,148.82,25.5,20.4,
1726,20251013,262,5055,81.98,83.6,28.9,0.0
1727,20260628,266,5048,1257.88,65.2,26.8,2.0
1728,20251013,122,5023,179.31,83.3,24.0,
1729,20260712,250,5071,157.09,,27.3,1.0
1730,20260809,251,5077,1498.13,54.1,26.7,0.0
1731,20260102,167,5021,213.77,89.2,28.0,2.0
1732,20260207,120,5070,1349.29,76.5,18.3,0.0
1733,20260718,106,5056,,50.5,28.4,0.0
1734,20260728,117,5049,410.01,63.1,24.3,0.0
1735,20260714,151,5037,1008.71,83.3,28.4,0.0
1736,20260626,266,5085,1481.35,85.1,21.0,3.0
1737,20250813,214,5089,978.14,85.7,29.3,0.0
1738,20260305,133,5088,286.71,47.3,28.2,
1739,20250918,124,5056,1240.09,41.8,31.8,3.0
1740,20260804,185,5082,346.63,13.5,34.2,0.0
1741,20251122,132,5037,640.7,65.6,25.4,2.0
1742,20260807,111,5090,,58.4,20.8,0.0
1743,20260224,219,5080,738.91,85.9,22.1,0.0
1744,20260206,113,5013,641.07,44.5,27.2,
1745,20260719,144,5012,50.62,42.0,19.4,0.0
1746,20260617,247,5014,320.54,52.2,21.0,0.0
1747,20260128,211,5012,410.51,60.1,,0.0
1748,20251019,286,5084,1381.61,84.7,33.4,0.0
1749,20250920,202,5003,515.77,78.7,20.1,3.0
1750,20251008,228,5079,791.01,88.4,21.5,
1751,20260124,108,5053,630.88,15.9,30.6,0.0
1752,20251112,198,5014,1180.65,76.8,30.0,
1753,20251017,275,5064,1065.48,14.7,35.0,3.0
1754,20260506,210,5096,1369.51,47.2,34.4,0.0
1755,20260526,145,5097,572.46,30.3,28.8,0.0
1756,20260305,191,5080,1436.41,40.4,26.0,0.0
1757,20260514,155,5070,1138.19,21.1,27.5,0.0
1758,20251013,148,5013,,60.8,30.7,2.0
1759,20260619,171,5082,430.16,24.7,34.2,0.0
1760,20260704,172,5057,943.61,,20.7,1.0
1761,20260608,215,5065,,12.8,34.4,3.0
1762,20260214,139,5075,992.91,55.9,33.8,
1763,20250910,109,5005,1315.91,86.6,32.5,0.0
1764,20260411,258,5086,1060.67,87.9,20.3,0.0
1765,20251016,259,5038,446.72,34.4,26.7,
1766,20250930,258,5054,1192.16,23.9,19.5,1.0
1767,20251206,163,5028,653.77,26.4,25.7,3.0
1768,20251108,266,5029,,90.0,,0.0
1769,20251113,176,5100,731.57,30.6,34.5,0.0
1770,20251104,228,5059,1123.49,77.0,25.1,3.0
1771,20260512,206,5071,1350.03,28.3,27.6,0.0
1772,20260725,241,5049,1400.47,60.1,24.2,0.0
1773,20251128,223,5015,144.73,29.5,33.5,0.0
1774,20260501,116,5026,797.89,33.8,20.3,0.0
1775,20250814,123,5061,1065.28,11.9,24.6,0.0
1776,20260406,172,5016,912.09,44.1,30.9,
1777,20260420,199,5045,881.19,70.2,22.9,0.0
1778,20250901,136,5060,842.6,12.3,25.7,3.0
1779,20250922,208,5053,110.65,82.1,31.2,1.0
1780,20251130,152,5083,,90.6,29.3,2.0
1781,20260105,265,5091,1365.95,58.1,22.7,0.0
1782,20260209,235,5095,54.13,92.8,34.9,1.0
1783,20260703,164,5051,631.02,70.2,32.3,0.0
1784,20260424,262,5001,1258.33,67.8,22.8,0.0
1785,20251201,240,5048,260.92,10.2,22.2,0.0
1786,20250921,105,5029,443.67,62.0,19.2,0.0
1787,20260711,198,5065,692.13,65.6,30.6,0.0
1788,20251125,283,5037,649.86,26.2,21.2,2.0
1789,20260322,192,5035,1279.3,47.2,22.1,
1790,20251029,223,5085,201.65,84.8,29.9,0.0
1791,20250927,240,5034,378.39,37.5,32.1,1.0
1792,20251005,225,5040,523.35,21.9,25.3,0.0
1793,20260510,189,5054,317.83,36.0,29.3,0.0
1794,20260319,245,5087,622.05,21.6,25.3,0.0
1795,20260109,229,5031,595.97,39.2,26.0,0.0
1796,20260227,183,5001,434.29,51.0,27.7,2.0
1797,20260129,200,5054,662.17,80.9,18.8,
1798,20260222,170,5005,1011.59,12.8,25.2,
1799,20260410,147,5002,945.24,42.5,28.9,0.0
1800,20251028,107,5004,1376.95,89.9,34.3,1.0
1801,20251108,182,5020,1063.38,31.6,22.4,
1802,20260513,253,5048,893.57,85.3,26.2,2.0
1803,20260625,157,5067,1059.89,57.2,28.8,
1804,20250908,108,5095,846.85,34.4,30.8,0.0
1805,20260120,300,5077,501.84,50.7,30.1,
1806,20260424,172,5041,784.75,90.5,19.7,3.0
1807,20250907,115,5043,872.47,30.9,29.3,1.0
1808,20260304,221,5022,1048.6,19.9,19.0,0.0
1809,20250901,236,5074,1306.76,59.2,18.0,0.0
1810,20260226,192,5056,524.62,74.0,21.9,
1811,20260211,297,5031,903.11,78.0,22.3,0.0
1812,20260307,250,5072,1469.4,76.6,30.6,0.0
1813,20251003,160,5051,,31.8,32.4,1.0
1814,20251208,141,5025,121.49,40.8,20.9,
1815,20260216,126,5079,229.97,91.9,18.3,0.0
1816,20250921,164,5083,245.41,86.9,19.4,0.0
1817,20251024,269,5051,918.71,55.0,27.3,1.0
1818,20260311,162,5007,311.84,10.5,26.0,0.0
1819,20250912,169,5074,1274.99,31.0,26.1,
1820,20260212,237,5055,1182.52,47.7,28.6,3.0
1821,20260601,289,5017,1492.29,74.6,23.9,0.0
1822,20260122,115,5082,407.27,35.7,21.8,0.0
1823,20260213,296,5050,1396.69,21.2,32.7,0.0
1824,20260124,157,5094,1339.27,38.3,30.7,1.0
1825,20250831,248,5023,114.51,12.5,22.8,2.0
1826,20260126,200,5052,214.41,57.4,20.3,2.0
1827,20260601,191,5041,738.0,92.5,21.6,2.0
1828,20260501,145,5067,662.6,46.1,21.8,0.0
1829,20260101,146,5021,1105.89,55.1,28.5,1.0
1830,20260604,161,5056,379.25,91.6,20.3,1.0
1831,20260509,252,5030,914.21,56.3,20.2,0.0
1832,20260309,182,5013,1141.42,12.3,33.0,3.0
1833,20250826,289,5091,855.1,25.3,26.4,1.0
1834,20251214,279,5017,622.58,29.4,25.7,0.0
1835,20250902,192,5065,660.81,60.2,21.1,3.0
1836,20260808,252,5016,410.4,21.1,25.8,0.0
1837,20260718,108,5081,1465.0,20.4,24.2,
1838,20250904,281,5074,989.05,85.5,29.5,0.0
1839,20260717,280,5051,195.01,87.9,18.8,1.0
1840,20250821,191,5098,889.94,12.9,34.9,0.0
1841,20260106,246,5081,525.1,86.4,29.2,1.0
1842,20260518,245,5034,919.27,62.8,26.9,0.0
1843,20260517,137,5071,599.53,71.0,32.9,2.0
1844,20260803,245,5021,61.13,37.7,21.2,3.0
1845,20260403,149,5042,85.92,44.1,19.7,2.0
1846,20260110,227,5027,1001.29,45.2,33.7,1.0
1847,20260808,239,5012,879.98,27.8,26.9,
1848,20251227,180,5012,1220.14,60.3,25.3,
1849,20260624,145,5004,483.13,59.0,18.6,0.0
1850,20260707,226,5056,1458.35,21.2,30.1,2.0
1851,20251225,110,5002,412.82,78.9,21.2,2.0
1852,20260416,124,5081,118.09,58.1,21.9,2.0
1853,20260409,115,5099,1384.74,76.0,32.1,0.0
1854,20260223,160,5076,1498.03,23.6,30.1,0.0
1855,20260406,255,5020,1039.49,85.3,27.1,0.0
1856,20251215,157,5004,447.26,52.3,27.2,2.0
1857,20251014,106,5080,1359.39,80.2,26.6,0.0
1858,20260222,235,5091,1299.27,69.5,23.1,0.0
1859,20260219,223,5070,939.42,31.4,31.8,0.0
1860,20260503,101,5011,675.44,23.4,18.3,0.0
1861,20251030,185,5074,645.17,36.3,30.7,0.0
1862,20250811,258,5049,523.97,40.8,29.3,
1863,20250818,152,5004,681.92,44.7,,
1864,20251127,134,5096,284.65,59.0,33.3,0.0
1865,20260413,188,5094,1239.28,19.6,28.6,0.0
1866,20260225,284,5017,1400.52,87.8,33.0,0.0
1867,20260220,146,5059,506.38,59.1,31.1,3.0
1868,20260607,183,5082,1304.51,36.3,22.2,0.0
1869,20251108,116,5081,760.54,19.8,29.3,
1870,20251214,106,5100,692.49,10.7,31.5,0.0
1871,20251118,138,5046,829.4,26.5,23.3,0.0
1872,20260719,251,5024,92.32,25.5,30.8,3.0
1873,20260502,281,5031,703.4,57.3,19.0,0.0
1874,20250920,137,5084,1431.84,10.6,24.5,2.0
1875,20260602,299,5029,1163.61,10.4,29.9,0.0
1876,20260110,129,5039,1448.9,37.6,30.3,
1877,20260517,235,5025,328.82,69.6,22.2,3.0
1878,20260629,194,5069,,25.2,28.0,
1879,20250815,119,5032,932.49,51.5,26.9,
1880,20251024,196,5093,666.47,,22.1,0.0
1881,20250915,281,5100,401.65,16.7,29.0,1.0
1882,20250822,270,5049,1184.23,89.8,18.9,0.0
1883,20260316,202,5099,424.23,22.5,34.8,0.0
1884,20260424,251,5034,636.43,,33.9,3.0
1885,20250827,126,5085,602.83,69.8,23.3,0.0
1886,20260508,187,5007,239.67,73.9,19.4,0.0
1887,20260104,178,5036,968.62,17.0,25.1,2.0
1888,20251103,183,5011,1167.12,85.4,29.3,1.0
1889,20251028,135,5019,537.94,40.7,29.0,1.0
1890,20260622,141,5081,469.33,41.2,28.1,1.0
1891,20250830,288,5003,207.18,33.1,22.9,0.0
1892,20260210,212,5082,967.3,43.9,30.7,
1893,20251123,264,5075,925.29,55.0,25.6,3.0
1894,20260604,225,5014,553.18,62.7,25.7,2.0
1895,20260504,267,5015,1391.76,66.0,29.3,0.0
1896,20251204,182,5059,63.28,,19.2,1.0
1897,20260316,145,5077,1401.28,14.7,34.9,0.0
1898,20260413,282,5016,666.97,85.5,27.7,
1899,20251205,244,5014,1290.58,44.5,31.4,0.0
1900,20251128,278,5019,221.7,21.2,21.7,0.0
1901,20251001,258,5037,270.63,49.6,25.0,
1902,20260408,192,5034,312.51,65.3,33.6,3.0
1903,20251029,158,5024,1154.95,11.5,32.8,
1904,20251127,271,5012,705.29,18.3,32.8,1.0
1905,20250901,251,5010,1448.28,24.5,23.5,1.0
1906,20260723,145,5064,743.63,,30.2,2.0
1907,20260627,197,5047,1002.13,58.5,31.3,0.0
1908,20260709,179,5027,,31.5,23.6,
1909,20260327,288,5051,,24.5,31.3,0.0
1910,20260113,277,5013,508.21,14.3,20.3,
1911,20260207,176,5063,147.63,83.8,34.5,0.0
1912,20260731,133,5003,90.24,43.9,20.0,0.0
1913,20260720,146,5053,164.64,50.9,27.5,2.0
1914,20260412,287,5010,457.35,87.2,30.7,2.0
1915,20260524,101,5063,1476.07,39.0,,
1916,20251204,280,5081,183.84,72.5,34.2,0.0
1917,20260109,247,5010,1370.54,89.2,,0.0
1918,20251003,201,5027,1285.09,78.4,28.7,1.0
1919,20251225,298,5088,1232.16,27.1,19.5,
1920,20260513,246,5054,414.24,58.7,22.8,2.0
1921,20260130,109,5049,1205.48,41.7,21.6,3.0
1922,20260616,147,5041,977.16,90.9,26.3,3.0
1923,20251128,255,5082,1490.39,22.0,25.2,1.0
1924,20260425,182,5058,58.87,30.2,24.8,
1925,20260531,257,5021,1361.43,,21.3,0.0
1926,20260710,157,5024,828.43,43.8,33.6,0.0
1927,20260303,264,5039,207.1,70.1,27.9,0.0
1928,20260730,245,5002,903.77,10.9,33.0,1.0
1929,20260301,127,5023,1473.87,14.2,24.0,2.0
1930,20250928,228,5085,747.74,17.5,31.0,0.0
1931,20251106,137,5073,767.07,32.1,27.6,
1932,20251023,185,5081,860.3,47.9,28.6,
1933,20260403,291,5078,334.03,60.5,26.4,
1934,20260713,120,5005,164.74,29.5,25.9,
1935,20260616,161,5016,887.87,44.1,19.5,0.0
1936,20250912,189,5044,1329.59,16.4,26.1,0.0
1937,20260502,182,5045,569.63,73.0,28.7,2.0
1938,20251018,143,5062,1399.55,55.2,20.6,3.0
1939,20251116,263,5079,1351.03,52.5,32.7,3.0
1940,20260413,123,5077,1399.93,18.5,20.3,0.0
1941,20260318,282,5070,446.14,63.9,18.7,1.0
1942,20260625,272,5001,245.62,10.6,30.2,
1943,20251017,264,5021,1091.5,41.0,20.1,0.0
1944,20260515,287,5067,1199.17,71.4,31.4,3.0
1945,20260502,186,5095,1286.48,58.1,19.7,0.0
1946,20260302,215,5033,975.96,52.2,22.3,0.0
1947,20260201,103,5016,666.23,93.4,26.6,
1948,20260624,168,5025,,,24.9,0.0
1949,20251209,154,5078,210.82,66.9,25.1,1.0
1950,20260726,164,5004,288.7,12.4,19.0,
1951,20250815,278,5069,345.64,21.0,21.1,0.0
1952,20260719,118,5003,414.28,16.3,19.5,0.0
1953,20260728,190,5067,1116.35,21.1,26.3,0.0
1954,20250921,166,5066,1332.52,20.1,28.0,0.0
1955,20260810,128,5098,546.12,57.8,19.8,0.0
1956,20260201,285,5020,673.62,56.7,32.7,3.0
1957,20251106,101,5028,1059.83,,31.0,0.0
1958,20260319,113,5047,1107.77,20.7,30.9,0.0
1959,20251023,199,5015,1306.28,29.3,27.6,2.0
1960,20260710,213,5028,821.82,22.7,24.8,2.0
1961,20260228,288,5004,718.75,58.0,19.7,2.0
1962,20260520,208,5042,558.01,81.6,29.9,
1963,20251227,143,5018,1237.55,80.7,29.4,2.0
1964,20260221,206,5029,294.77,58.9,31.7,
1965,20251219,227,5011,1475.93,82.3,29.3,0.0
1966,20251113,197,5094,,74.1,18.1,3.0
1967,20260213,190,5089,303.5,59.8,30.1,0.0
1968,20260208,240,5017,235.48,53.0,28.7,0.0
1969,20250915,197,5035,1024.04,60.4,24.0,
1970,20260804,126,5036,1057.34,18.8,29.8,0.0
1971,20260128,223,5062,,55.5,33.3,
1972,20260613,248,5026,520.23,89.7,22.6,0.0
1973,20260710,267,5012,417.17,87.2,29.2,
1974,20251223,295,5045,1205.53,87.7,26.2,3.0
1975,20260108,276,5091,1470.92,78.9,29.4,3.0
1976,20260303,158,5071,439.11,16.6,28.9,3.0
1977,20251029,142,5084,95.58,81.6,32.9,0.0
1978,20251002,216,5038,1419.63,78.2,30.3,0.0
1979,20251113,119,5060,,64.9,28.0,0.0
1980,20260718,109,5096,996.59,,24.7,3.0
1981,20260309,176,5064,463.55,61.1,23.9,2.0
1982,20260109,106,5056,727.47,,29.2,0.0
1983,20251004,182,5066,1122.66,86.8,28.5,1.0
1984,20251208,167,5052,1311.31,49.7,31.9,
1985,20251227,127,5025,1275.99,80.6,21.4,
1986,20260611,119,5033,161.22,,18.8,0.0
1987,20260208,188,5023,252.92,,34.9,0.0
1988,20260406,144,5026,330.65,19.4,20.0,0.0
1989,20260417,197,5088,1405.25,77.3,20.1,2.0
1990,20251112,142,5092,1477.85,36.3,25.9,2.0
1991,20260606,288,5036,463.93,25.6,30.6,0.0
1992,20260729,120,5051,829.04,57.7,19.1,1.0
1993,20260401,241,5014,1159.76,49.8,29.1,
1994,20260205,124,5075,1109.91,30.2,32.7,0.0
1995,20251010,187,5099,762.32,45.0,22.4,2.0
1996,20260527,253,5076,1413.12,42.8,30.9,2.0
1997,20251010,258,5040,1113.49,39.4,22.0,
1998,20260430,224,5022,1475.77,16.8,21.9,3.0
1999,20260204,281,5027,703.59,88.7,25.3,3.0
2000,20260711,108,5093,1356.7,,24.3,
2001,20260224,211,5063,627.31,16.0,25.6,1.0
2002,20260401,268,5056,349.11,35.5,26.2,3.0
2003,20250831,143,5058,1013.52,58.9,25.6,0.0
2004,20250822,256,5055,985.34,93.0,22.3,0.0
2005,20260615,212,5077,1033.85,77.3,30.3,0.0
2006,20260721,141,5096,291.22,49.9,32.0,0.0
2007,20260411,114,5035,296.1,48.2,24.6,3.0
2008,20260516,126,5041,327.86,,32.2,
2009,20260107,185,5080,1257.28,64.9,23.7,0.0
2010,20260614,153,5014,831.4,70.2,32.5,0.0
2011,20251102,149,5078,1043.37,49.2,23.5,3.0
2012,20260425,205,5050,1238.49,24.6,21.5,0.0
2013,20250813,279,5055,1351.72,73.9,19.2,0.0
2014,20260211,242,5026,562.76,35.3,23.1,0.0
2015,20251224,285,5073,68.29,64.0,29.0,2.0
2016,20260324,287,5046,837.21,26.8,25.4,
2017,20260411,239,5048,1211.73,85.1,19.6,0.0
2018,20260323,168,5081,147.54,,18.0,
2019,20260202,270,5009,1186.86,62.9,33.5,2.0
2020,20260204,173,5058,1445.36,49.3,19.3,2.0
2021,20250812,177,5022,1248.72,52.1,,0.0
2022,20260227,161,5005,419.65,61.3,28.7,0.0
2023,20250814,125,5066,1086.4,83.7,32.7,0.0
2024,20260219,113,5033,331.82,40.8,18.5,1.0
2025,20251118,201,5076,610.59,19.4,31.4,0.0
2026,20260802,247,5053,1491.78,86.8,,1.0
2027,20250816,241,5038,1469.35,,29.2,0.0
2028,20260603,226,5078,521.25,82.4,27.8,0.0
2029,20260413,140,5083,840.71,28.9,18.6,0.0
2030,20260601,114,5068,1253.13,54.1,32.3,1.0
2031,20260708,193,5046,436.81,67.5,34.9,0.0
2032,20250918,101,5051,1346.0,13.7,24.7,3.0
2033,20250914,210,5004,529.98,23.3,30.0,
2034,20251003,123,5015,382.8,87.8,25.0,
2035,20251019,176,5024,493.1,14.0,31.0,
2036,20260218,270,5042,101.86,78.5,32.2,
2037,20260604,261,5055,1385.21,33.0,22.6,0.0
2038,20251115,254,5024,1065.01,55.4,20.6,1.0
2039,20260102,223,5046,969.84,11.6,32.4,0.0
2040,20251224,152,5032,200.56,35.2,33.6,0.0
2041,20260105,125,5010,150.23,,19.5,0.0
2042,20260304,107,5028,1315.25,59.4,,1.0
2043,20260807,153,5085,688.79,45.6,33.9,2.0
2044,20251031,144,5048,782.48,14.3,22.9,0.0
2045,20260417,264,5048,795.57,12.6,21.9,0.0
2046,20260616,175,5019,147.09,14.2,24.6,
2047,20260406,121,5100,666.23,34.4,26.5,3.0
2048,20260620,222,5041,1483.9,61.1,31.8,2.0
2049,20260515,130,5016,454.34,45.6,31.3,0.0
2050,20250913,179,5002,,40.1,30.5,0.0
2051,20251226,202,5041,1021.54,29.4,21.7,0.0
2052,20260228,221,5089,571.22,45.3,23.9,
2053,20250830,226,5002,429.74,34.5,21.4,2.0
2054,20250813,270,5092,127.56,,33.8,
2055,20251011,168,5043,821.02,42.5,32.4,3.0
2056,20260208,124,5028,1238.2,76.2,27.7,0.0
2057,20260115,265,5060,1324.56,,30.2,0.0
2058,20260524,240,5073,1048.23,21.8,33.0,1.0
2059,20260305,200,5042,738.91,41.1,23.5,1.0
2060,20260620,148,5030,948.33,60.5,25.6,0.0
2061,20250913,195,5072,702.99,88.4,30.5,
2062,20260219,198,5009,1187.2,28.8,24.5,0.0
2063,20250825,195,5050,205.37,76.5,21.5,0.0
2064,20251026,148,5037,980.59,29.6,30.4,0.0
2065,20260623,215,5078,993.82,60.6,26.1,0.0
2066,20260630,112,5028,1370.01,17.2,27.5,
2067,20260131,168,5068,1102.74,,,
2068,20250827,213,5028,514.72,88.5,18.9,1.0
2069,20250906,220,5014,983.29,63.5,26.5,0.0
2070,20260714,168,5072,,15.0,26.9,2.0
2071,20260705,158,5036,,18.5,21.8,1.0
2072,20260304,169,5092,1442.5,38.2,28.1,0.0
2073,20250822,245,5078,793.11,49.7,,0.0
2074,20260715,116,5086,420.41,19.2,32.3,
2075,20251203,139,5010,831.36,70.4,22.6,0.0
2076,20260727,293,5074,609.7,73.9,30.3,0.0
2077,20260312,279,5083,952.04,25.7,30.7,0.0
2078,20260512,271,5054,889.96,25.5,34.4,2.0
2079,20260427,125,5088,1482.85,36.4,19.2,3.0
2080,20260102,122,5097,,15.6,29.6,0.0
2081,20250907,272,5056,1175.8,51.8,19.5,
2082,20251008,189,5041,1332.96,83.6,28.4,0.0
2083,20251106,239,5041,1158.28,45.8,28.9,
2084,20260611,206,5026,918.33,92.4,28.3,0.0
2085,20251230,294,5026,493.81,11.1,29.2,
2086,20260704,251,5007,1478.66,11.0,29.4,0.0
2087,20251209,159,5064,747.8,15.6,22.0,3.0
2088,20260513,242,5064,1069.46,32.6,31.1,0.0
2089,20250930,116,5006,1264.39,88.1,24.7,0.0
2090,20260806,200,5036,201.75,77.8,32.6,0.0
2091,20260502,234,5054,1267.63,28.5,33.6,
2092,20260209,208,5016,1037.48,38.0,23.7,3.0
2093,20260801,238,5016,418.0,54.8,29.9,0.0
2094,20250829,276,5058,387.2,72.6,22.3,3.0
2095,20260116,222,5022,1224.82,,27.9,3.0
2096,20260612,247,5077,1299.68,36.0,31.0,2.0
2097,20251212,161,5042,,23.4,27.9,1.0
2098,20260518,222,5076,833.65,55.8,19.1,1.0
2099,20260725,177,5050,1447.09,30.6,28.3,0.0
2100,20260102,121,5031,1080.19,77.5,23.7,
2101,20260520,202,5074,303.79,74.7,33.1,3.0
2102,20250820,283,5003,241.69,74.8,24.8,0.0
2103,20251118,109,5037,345.42,62.4,35.0,0.0
2104,20260808,229,5003,857.28,,19.0,0.0
2105,20260205,247,5083,,87.5,24.7,1.0
2106,20251218,233,5074,701.82,50.9,24.6,0.0
2107,20260720,247,5001,806.12,50.5,30.1,0.0
2108,20260115,274,5060,395.49,89.4,20.0,2.0
2109,20260415,259,5037,1198.91,93.5,34.8,0.0
2110,20260408,138,5017,268.87,31.2,24.1,
2111,20250910,131,5052,213.46,60.6,19.3,0.0
2112,20260324,294,5005,986.8,77.1,22.4,3.0
2113,20260529,215,5069,847.07,24.1,25.6,0.0
2114,20260427,145,5068,93.62,75.4,25.9,
2115,20250909,143,5006,1383.93,23.9,30.6,0.0
2116,20251005,155,5044,277.82,35.6,34.3,0.0
2117,20260427,150,5083,1328.27,71.9,30.1,0.0
2118,20260330,133,5003,354.63,30.1,29.0,0.0
2119,20260507,111,5009,,37.6,32.8,0.0
2120,20251203,209,5061,1307.05,13.6,32.3,0.0
2121,20250917,121,5013,1390.02,27.2,26.5,0.0
2122,20250811,275,5054,1081.95,61.4,19.5,
2123,20251130,212,5093,857.72,11.4,30.6,0.0
2124,20251219,152,5039,357.53,13.2,24.2,0.0
2125,20251116,261,5036,261.27,92.6,32.7,2.0
2126,20250927,138,5041,114.93,14.7,30.8,
2127,20251017,253,5097,219.61,35.6,32.9,3.0
2128,20260121,167,5045,318.42,48.5,29.7,0.0
2129,20260301,182,5052,304.81,15.7,26.1,2.0
2130,20260106,287,5011,53.06,81.5,28.7,3.0
2131,20250819,118,5072,,36.5,29.4,2.0
2132,20251217,123,5100,806.93,22.4,,
2133,20250913,200,5041,718.9,52.8,25.1,3.0
2134,20260316,243,5064,600.13,31.2,33.8,1.0
2135,20251206,202,5079,115.7,72.7,26.2,0.0
2136,20251228,242,5007,93.21,37.6,28.7,0.0
2137,20251124,184,5051,1269.85,32.1,20.8,0.0
2138,20251229,171,5039,915.46,89.8,31.6,2.0
2139,20250910,234,5090,1308.36,70.7,23.4,2.0
2140,20260705,218,5059,1383.35,34.2,30.7,1.0
2141,20260707,104,5064,1031.27,64.5,24.7,0.0
2142,20260803,280,5083,1086.56,,25.8,3.0
2143,20260307,260,5016,226.47,62.6,29.8,
2144,20251011,251,5048,844.22,60.9,23.7,0.0
2145,20251227,234,5080,1235.85,71.6,23.1,
2146,20250929,208,5014,324.56,73.7,28.1,2.0
2147,20251128,129,5004,606.39,72.5,30.1,0.0
2148,20260206,207,5029,184.76,47.6,18.6,2.0
2149,20250902,139,5007,139.48,40.9,19.5,
2150,20260116,138,5002,1100.53,83.4,21.1,
2151,20260111,246,5018,1351.72,90.4,28.0,0.0
2152,20260203,251,5014,469.58,29.1,28.3,
2153,20250907,250,5042,513.02,,28.4,2.0
2154,20251110,295,5089,403.75,91.3,28.2,2.0
2155,20251108,126,5093,1417.94,68.1,19.6,2.0
2156,20260326,128,5056,904.97,44.0,23.0,0.0
2157,20260315,245,5029,,11.6,27.3,
2158,20251020,300,5022,1189.94,37.2,34.6,2.0
2159,20250918,126,5012,450.73,28.0,34.0,2.0
2160,20251129,174,5025,1185.41,76.1,18.2,0.0
2161,20260723,238,5093,1161.33,60.1,29.2,3.0
2162,20251209,189,5048,847.98,25.6,27.8,2.0
2163,20260324,206,5069,250.47,94.3,21.7,3.0
2164,20260531,168,5001,506.55,39.5,29.8,0.0
2165,20251208,199,5089,642.57,53.6,19.8,0.0
2166,20251210,268,5007,1474.54,57.4,34.7,1.0
2167,20260604,225,5034,508.77,28.9,24.6,2.0
2168,20260620,247,5006,1030.61,48.8,27.7,3.0
2169,20260801,256,5015,191.6,31.1,26.0,0.0
2170,20250928,222,5007,55.29,77.8,22.5,3.0
2171,20251205,110,5039,1113.34,53.4,18.3,0.0
2172,20260722,145,5010,1492.15,85.8,19.1,2.0
2173,20251022,171,5034,712.71,30.9,25.4,3.0
2174,20251202,204,5043,1139.82,89.4,27.3,1.0
2175,20260729,137,5089,1378.2,29.8,27.1,0.0
2176,20260730,259,5079,55.09,38.9,19.3,0.0
2177,20251124,256,5049,1235.19,63.5,26.5,3.0
2178,20260421,275,5035,454.47,81.3,19.4,0.0
2179,20260205,278,5090,527.66,27.7,20.3,2.0
2180,20260308,203,5022,1126.18,25.4,28.3,
2181,20251106,110,5018,599.82,29.6,19.1,0.0
2182,20251225,202,5075,1259.43,36.4,22.5,2.0
2183,20260604,185,5059,530.54,81.8,29.9,0.0
2184,20251231,277,5016,1359.26,23.0,29.0,1.0
2185,20250920,161,5017,116.81,74.4,19.1,0.0
2186,20260304,113,5041,677.63,89.3,28.0,0.0
2187,20260314,291,5019,1350.49,11.8,31.5,0.0
2188,20260225,222,5097,615.4,58.5,30.8,
2189,20260416,169,5075,439.58,41.8,26.0,0.0
2190,20260227,196,5053,157.05,70.7,29.3,0.0
2191,20260724,106,5082,1362.23,49.0,33.4,2.0
2192,20260125,187,5058,619.83,14.7,23.7,2.0
2193,20260426,178,5086,587.9,29.6,28.2,1.0
2194,20260117,180,5016,1307.88,13.8,20.6,0.0
2195,20251124,172,5067,1077.99,87.8,29.8,2.0
2196,20260420,226,5068,1070.92,44.0,24.1,0.0
2197,20260605,279,5031,1343.12,20.7,20.2,
2198,20260528,276,5074,1416.76,79.8,27.3,3.0
2199,20260106,126,5062,1480.83,37.8,27.5,3.0
2200,20260208,159,5085,52.3,79.6,29.4,0.0
2201,20260329,135,5063,698.18,51.4,32.8,
2202,20251106,177,5036,519.7,17.6,,3.0
2203,20260408,291,5042,628.29,90.5,21.3,0.0
2204,20260428,214,5099,1236.02,37.6,31.3,0.0
2205,20260525,299,5094,1378.65,83.0,20.6,
2206,20250906,183,5062,439.85,14.6,20.5,0.0
2207,20260807,169,5029,946.99,,31.2,1.0
2208,20260201,287,5012,110.84,92.1,30.1,1.0
2209,20260103,207,5034,,63.9,28.3,0.0
2210,20260211,255,5099,582.56,69.4,21.8,0.0
2211,20260712,266,5038,,33.2,22.0,
2212,20260420,123,5092,332.24,22.9,34.2,2.0
2213,20260224,149,5011,658.55,65.0,,0.0
2214,20260526,214,5046,343.34,68.4,25.5,0.0
2215,20251219,155,5072,853.24,35.4,28.4,3.0
2216,20260703,205,5032,597.98,39.0,19.8,2.0
2217,20260222,290,5085,1102.14,36.0,30.3,0.0
2218,20260331,225,5083,868.67,16.7,21.3,3.0
2219,20250910,295,5095,637.62,62.8,31.6,3.0
2220,20260518,233,5027,613.2,41.6,28.2,
2221,20260407,196,5089,715.71,41.6,25.0,3.0
2222,20251217,115,5010,72.37,17.4,26.2,0.0
2223,20260403,232,5010,,37.3,20.7,
2224,20250826,141,5064,678.5,53.4,,1.0
2225,20260805,117,5008,855.36,,23.3,
2226,20260414,180,5028,1351.67,90.0,30.5,
2227,20260103,282,5002,870.34,75.5,22.5,
2228,20260512,230,5086,735.09,16.4,22.7,0.0
2229,20260729,204,5028,1492.76,17.7,24.1,0.0
2230,20260114,135,5060,1007.6,31.2,18.6,0.0
2231,20250813,300,5050,753.68,93.1,29.6,0.0
2232,20251112,235,5025,940.83,92.8,33.2,2.0
2233,20260212,246,5063,577.92,39.3,22.2,0.0
2234,20260215,108,5014,587.94,11.8,30.9,0.0
2235,20260310,145,5044,907.47,70.8,33.7,1.0
2236,20260308,150,5027,311.88,29.0,,2.0
2237,20260120,152,5076,707.62,68.5,27.4,2.0
2238,20251231,115,5098,162.42,62.0,24.0,0.0
2239,20260519,164,5068,708.98,,29.6,0.0
2240,20260313,109,5066,596.73,74.8,26.9,0.0
2241,20260209,217,5041,1055.16,15.8,18.8,3.0
2242,20251214,113,5098,393.28,70.6,27.2,0.0
2243,20250818,193,5040,82.3,50.0,23.4,2.0
2244,20250917,281,5091,176.11,38.3,30.6,0.0
2245,20260109,151,5059,675.84,52.3,31.9,1.0
2246,20260727,171,5084,1067.24,74.3,34.0,0.0
2247,20250921,195,5020,,40.4,30.8,0.0
2248,20260720,219,5065,709.1,90.7,30.7,
2249,20250930,230,5014,1446.92,86.0,23.8,1.0
2250,20251202,202,5017,806.87,43.3,19.9,2.0
2251,20260123,263,5029,860.65,77.8,18.2,0.0
2252,20251024,132,5047,1315.39,24.8,27.0,0.0
2253,20260202,275,5050,601.2,53.8,19.9,
2254,20260131,108,5058,488.95,65.2,27.6,
2255,20260117,162,5080,164.06,93.4,28.9,0.0
2256,20260422,196,5066,1289.43,,33.1,
2257,20251204,226,5026,1153.53,11.5,32.0,0.0
2258,20251127,253,5100,1471.58,,26.3,
2259,20260602,215,5052,878.88,,26.4,
2260,20250921,146,5025,1405.06,44.9,34.4,2.0
2261,20260616,222,5009,1414.08,,22.3,0.0
2262,20260404,251,5036,1186.75,16.3,25.4,1.0
2263,20260414,242,5055,573.75,66.9,28.0,0.0
2264,20251009,190,5022,790.22,55.6,25.6,0.0
2265,20260805,189,5088,1458.7,41.0,31.8,
2266,20251107,142,5040,220.78,90.6,30.4,0.0
2267,20251012,167,5074,755.65,46.8,34.2,0.0
2268,20251007,292,5083,471.64,36.9,24.4,2.0
2269,20260302,277,5014,180.81,10.8,32.1,0.0
2270,20260726,124,5019,1134.53,76.2,31.4,1.0
2271,20251102,173,5060,758.0,48.9,23.0,0.0
2272,20260105,108,5014,608.39,89.9,31.0,0.0
2273,20251016,199,5096,318.07,,22.1,0.0
2274,20260401,113,5015,158.21,34.6,21.7,0.0
2275,20260115,142,5031,835.63,14.7,23.1,1.0
2276,20250820,247,5003,1205.99,61.6,25.6,0.0
2277,20260322,300,5059,985.22,66.1,22.7,1.0
2278,20251021,155,5024,259.75,52.6,27.8,2.0
2279,20260314,157,5035,183.26,40.5,34.6,0.0
2280,20251230,266,5004,1083.52,65.4,21.4,2.0
2281,20260424,158,5061,,60.6,26.2,0.0
2282,20251024,274,5085,249.77,49.1,33.2,1.0
2283,20260512,153,5068,436.09,,20.5,2.0
2284,20260601,169,5058,285.94,26.1,31.5,0.0
2285,20250901,267,5046,924.58,28.3,33.8,
2286,20250916,205,5034,742.42,92.0,25.3,
2287,20260625,232,5016,792.73,,33.2,0.0
2288,20251017,106,5071,157.95,89.3,26.5,
2289,20251207,300,5011,127.42,13.6,28.5,0.0
2290,20260124,297,5046,1075.34,75.1,19.3,1.0
2291,20251114,275,5056,1493.77,13.2,18.0,
2292,20260621,103,5028,,13.8,21.7,1.0
2293,20260219,222,5020,1095.46,87.9,22.9,0.0
2294,20260331,134,5051,581.34,75.0,27.3,0.0
2295,20260316,266,5065,,45.5,28.9,1.0
2296,20260321,145,5056,202.59,18.2,22.2,2.0
2297,20260312,254,5066,852.65,14.3,34.8,3.0
2298,20251215,103,5043,1037.47,28.4,18.9,3.0
2299,20260615,158,5007,590.63,22.6,34.4,
2300,20260323,165,5057,1258.49,80.6,20.0,0.0
2301,20260603,256,5035,115.79,54.6,22.9,0.0
2302,20260425,179,5048,680.92,57.4,23.4,
2303,20251126,283,5013,783.41,55.7,28.8,2.0
2304,20260322,282,5007,54.18,27.6,22.3,0.0
2305,20250910,265,5084,888.07,33.9,20.2,0.0
2306,20250928,171,5049,233.18,92.8,25.1,0.0
2307,20250922,209,5094,1310.98,43.2,,0.0
2308,20251129,197,5055,770.57,19.7,32.7,1.0
2309,20251015,190,5025,50.09,89.8,28.9,0.0
2310,20260420,218,5038,883.06,,25.3,0.0
2311,20260212,165,5025,1410.24,19.7,28.1,
2312,20260110,156,5052,122.18,92.2,22.6,0.0
2313,20250929,220,5023,966.57,50.2,34.1,3.0
2314,20251228,178,5077,368.36,55.5,26.3,0.0
2315,20251016,274,5036,1070.98,39.9,,3.0
2316,20260330,234,5068,546.15,54.8,34.5,0.0
2317,20260420,260,5078,448.91,68.2,24.4,1.0
2318,20260403,202,5064,126.62,,27.7,2.0
2319,20260810,250,5067,298.93,,30.8,0.0
2320,20260301,127,5056,1249.56,13.9,33.9,
2321,20260205,102,5014,453.75,39.8,27.9,0.0
2322,20250930,231,5088,1303.55,13.0,28.3,
2323,20251203,270,5007,1488.23,,19.6,0.0
2324,20260122,196,5083,779.49,38.4,30.8,1.0
2325,20250829,244,5032,1383.34,44.0,26.2,0.0
2326,20251219,266,5015,935.99,57.3,30.3,0.0
2327,20250813,253,5029,1336.77,74.5,24.6,1.0
2328,20250928,256,5015,,42.3,24.2,1.0
2329,20260604,173,5007,456.0,25.0,28.4,1.0
2330,20260728,177,5005,,12.9,29.0,2.0
2331,20260210,276,5074,753.94,50.7,27.0,0.0
2332,20260207,128,5035,995.33,23.3,26.9,0.0
2333,20260417,224,5031,1373.0,51.5,31.7,1.0
2334,20260109,117,5009,799.23,80.1,26.6,0.0
2335,20260613,187,5069,283.33,71.5,28.1,1.0
2336,20260204,171,5013,429.64,93.6,29.6,0.0
2337,20250909,264,5036,,19.5,33.4,2.0
2338,20250821,184,5029,180.63,66.8,32.8,
2339,20260515,171,5080,1490.84,,25.7,
2340,20251124,167,5090,155.11,48.0,22.2,0.0
2341,20251118,268,5092,,,31.6,0.0
2342,20260222,283,5052,836.26,48.9,28.4,
2343,20251010,267,5051,1400.29,39.9,22.3,0.0
2344,20260124,177,5051,1170.02,34.0,22.5,
2345,20260508,149,5013,59.06,49.6,34.3,0.0
2346,20260517,139,5029,145.57,29.0,30.3,2.0
2347,20260227,233,5094,1190.14,,33.9,2.0
2348,20250920,296,5089,1417.31,76.4,19.1,
2349,20250920,162,5035,980.15,91.6,25.4,3.0
2350,20260520,115,5064,1141.93,28.9,32.4,2.0
2351,20260607,254,5027,135.55,75.3,23.4,0.0
2352,20251222,204,5022,218.44,,23.8,2.0
2353,20260607,270,5027,589.11,90.9,22.3,0.0
2354,20250825,182,5045,51.49,54.2,26.1,0.0
2355,20260430,275,5082,308.1,60.9,22.7,3.0
2356,20260225,136,5037,722.54,63.4,25.5,0.0
2357,20260807,285,5091,1220.53,58.4,20.7,1.0
2358,20250916,107,5077,1472.53,18.8,20.4,3.0
2359,20260609,268,5037,1002.56,31.7,26.6,0.0
2360,20260511,228,5094,506.73,93.0,26.8,0.0
2361,20251126,176,5001,669.74,61.6,25.6,1.0
2362,20260810,167,5013,1133.92,,24.5,0.0
2363,20260121,208,5024,113.25,49.2,31.9,0.0
2364,20251215,204,5065,575.95,16.8,31.4,0.0
2365,20260604,200,5090,1423.16,42.9,33.6,0.0
2366,20260117,289,5080,1300.18,32.4,19.4,
2367,20260808,110,5062,688.85,13.0,27.3,0.0
2368,20260520,250,5095,1240.18,47.0,27.6,0.0
2369,20251104,282,5040,247.44,54.8,26.8,3.0
2370,20260602,247,5089,113.58,71.5,23.6,2.0
2371,20260313,149,5031,720.44,48.2,26.4,
2372,20251216,188,5022,1224.01,,32.8,2.0
2373,20260427,286,5041,910.79,57.7,27.1,
2374,20260329,283,5088,1036.7,74.8,34.5,3.0
2375,20251009,157,5009,56.68,85.9,20.2,0.0
2376,20250929,276,5022,751.61,17.1,21.2,0.0
2377,20251024,237,5024,1363.77,35.9,28.1,0.0
2378,20251024,264,5043,1253.47,46.6,28.9,2.0
2379,20250831,222,5059,997.79,39.8,18.5,0.0
2380,20251216,272,5019,1322.02,61.6,19.0,0.0
2381,20251120,192,5002,882.3,41.1,28.0,0.0
2382,20260223,230,5086,502.77,44.2,23.4,2.0
2383,20251206,177,5061,1081.5,94.7,24.0,2.0
2384,20260424,144,5055,1063.73,31.2,19.9,0.0
2385,20251123,269,5043,379.15,73.8,21.9,0.0
2386,20251115,243,5003,986.5,52.8,23.5,
2387,20260620,147,5023,1206.3,87.9,24.2,
2388,20260805,176,5034,806.76,65.7,18.6,1.0
2389,20260415,125,5010,649.15,27.8,30.4,0.0
2390,20250913,221,5022,855.23,89.2,19.1,0.0
2391,20260728,133,5087,359.34,11.4,21.8,0.0
2392,20260524,290,5098,1293.32,12.8,23.1,
2393,20260712,167,5002,,39.7,21.1,0.0
2394,20260808,286,5077,913.01,81.0,24.9,2.0
2395,20260623,244,5046,454.59,,32.6,2.0
2396,20250925,296,5061,734.72,38.2,30.6,1.0
2397,20260622,147,5075,217.57,77.2,26.0,
2398,20251109,275,5001,1262.68,30.4,34.7,0.0
2399,20260427,186,5063,177.73,,21.2,
2400,20260609,268,5032,955.39,50.5,22.0,0.0
2401,20260515,123,5061,1095.38,77.5,33.9,0.0
2402,20260414,157,5015,1392.26,11.6,33.5,0.0
2403,20260205,191,5006,1467.24,27.0,31.2,0.0
2404,20260309,158,5003,343.17,42.2,31.0,0.0
2405,20251116,291,5073,500.74,68.4,23.7,2.0
2406,20260108,179,5088,830.71,50.9,21.4,0.0
2407,20260122,208,5038,359.17,60.3,32.9,0.0
2408,20260329,185,5030,1167.24,23.7,21.3,2.0
2409,20260628,196,5068,1171.5,45.3,30.1,0.0
2410,20250913,167,5065,101.51,41.6,28.4,0.0
2411,20260214,250,5022,531.82,56.5,26.0,2.0
2412,20251119,176,5097,272.91,67.2,33.9,0.0
2413,20260718,219,5019,1173.29,11.1,32.0,0.0
2414,20251223,131,5100,1012.78,18.8,29.4,1.0
2415,20260723,221,5013,634.76,32.3,18.3,3.0
2416,20251207,114,5013,1042.67,14.9,24.7,0.0
2417,20250810,263,5039,149.65,91.1,31.8,0.0
2418,20260520,250,5095,1343.98,91.2,26.6,0.0
2419,20260505,249,5043,359.34,34.7,30.4,3.0
2420,20260504,259,5058,1328.39,37.3,20.0,1.0
2421,20260124,119,5063,1196.47,65.9,24.9,0.0
2422,20260410,221,5095,571.92,94.7,18.0,0.0
2423,20251219,150,5045,421.25,35.1,26.3,
2424,20250902,229,5070,1157.71,94.4,26.3,0.0
2425,20260221,131,5033,1244.59,53.1,28.7,3.0
2426,20251028,275,5085,539.22,73.3,28.8,3.0
2427,20260114,198,5063,,13.1,26.6,0.0
2428,20251026,236,5033,659.98,57.9,32.6,
2429,20251116,177,5047,137.69,88.1,20.5,
2430,20260609,206,5059,1299.96,81.6,29.9,
2431,20251211,114,5002,1469.57,58.3,26.1,0.0
2432,20260309,139,5046,681.36,52.2,21.2,0.0
2433,20260305,136,5039,1130.73,63.6,32.5,0.0
2434,20260203,152,5091,699.32,30.1,25.2,0.0
2435,20251213,188,5043,903.01,53.4,18.8,
2436,20260416,205,5067,367.59,,33.8,2.0
2437,20250827,246,5100,1090.73,42.1,25.7,0.0
2438,20250915,218,5085,414.49,43.3,27.9,
2439,20260523,137,5077,484.38,11.1,31.8,3.0
2440,20260125,181,5062,835.82,77.9,30.3,1.0
2441,20250924,284,5015,333.09,75.6,32.7,
2442,20260619,147,5035,,31.1,32.4,3.0
2443,20260118,300,5088,306.47,28.7,25.0,2.0
2444,20250810,121,5067,1210.29,,27.7,2.0
2445,20260726,225,5094,,,29.2,0.0
2446,20251023,186,5082,1473.03,59.3,34.9,0.0
2447,20260419,262,5003,1366.24,34.7,26.6,2.0
2448,20250927,146,5019,1455.12,36.6,23.5,0.0
2449,20260404,181,5053,481.98,62.3,23.7,3.0
2450,20251007,263,5029,1376.76,62.6,18.2,0.0
2451,20260717,115,5085,833.28,,33.0,0.0
2452,20251118,102,5019,529.73,,18.9,0.0
2453,20260406,216,5046,126.96,68.8,28.9,0.0
2454,20251109,171,5064,1233.64,70.7,22.7,
2455,20251224,154,5004,1394.17,19.0,24.2,0.0
2456,20260706,295,5032,1071.8,94.3,18.8,0.0
2457,20251009,299,5074,620.54,58.1,30.0,0.0
2458,20260102,144,5095,701.03,64.7,28.2,3.0
2459,20251129,248,5090,536.57,36.7,20.7,1.0
2460,20260422,296,5056,166.09,,28.4,1.0
2461,20251103,141,5047,1443.34,74.1,34.5,
2462,20260406,226,5027,281.21,23.0,34.8,0.0
2463,20260424,296,5096,868.63,62.6,31.1,
2464,20250810,300,5012,1107.32,68.9,18.5,0.0
2465,20260131,123,5025,64.11,40.5,,0.0
2466,20250927,134,5049,99.32,,33.8,
2467,20251031,258,5082,,77.9,28.4,0.0
2468,20260415,212,5014,1358.35,,30.1,0.0
2469,20250813,263,5036,520.6,38.6,29.7,0.0
2470,20260421,210,5081,111.63,,20.5,3.0
2471,20260605,204,5087,961.97,37.8,24.0,0.0
2472,20260806,210,5070,498.74,44.4,25.6,0.0
2473,20260111,223,5058,89.96,10.4,20.7,
2474,20250927,199,5068,1485.66,20.8,22.9,0.0
2475,20250904,102,5023,197.49,13.2,22.0,1.0
2476,20251228,110,5034,388.68,29.1,23.7,2.0
2477,20260504,237,5087,1429.01,91.1,23.2,0.0
2478,20250916,152,5045,1495.33,13.3,19.3,
2479,20251202,288,5043,720.91,42.5,24.0,0.0
2480,20260628,196,5051,785.89,49.8,26.5,2.0
2481,20250929,104,5076,612.46,82.5,19.2,1.0
2482,20260520,183,5054,921.49,92.9,25.5,0.0
2483,20260512,294,5036,1045.68,,21.5,0.0
2484,20250927,236,5040,256.37,40.6,27.4,0.0
2485,20260808,149,5025,1217.89,66.0,31.1,0.0
2486,20251001,105,5006,1071.03,54.1,30.3,0.0
2487,20260220,274,5075,695.52,72.6,31.4,0.0
2488,20250813,102,5067,614.14,80.2,20.8,1.0
2489,20260404,261,5090,1045.77,18.7,31.6,0.0
2490,20260118,288,5044,306.86,53.9,23.4,1.0
2491,20260501,164,5079,969.08,,19.5,2.0
2492,20260327,158,5016,638.88,75.6,32.9,0.0
2493,20251004,278,5056,950.42,,31.4,3.0
2494,20260107,189,5059,1383.1,87.2,32.4,1.0
2495,20260418,180,5073,506.93,38.6,,
2496,20260620,134,5045,1383.88,45.1,18.6,1.0
2497,20250910,127,5037,438.67,46.7,,2.0
2498,20250915,199,5015,1413.72,70.3,26.5,1.0
2499,20260512,229,5002,1039.75,78.1,18.1,0.0
2500,20260313,251,5064,1497.41,82.2,23.6,3.0
2501,20251228,179,5088,1344.8,28.5,23.4,0.0
2502,20260728,143,5019,1016.95,20.8,21.4,0.0
2503,20251203,117,5060,314.25,54.8,27.4,3.0
2504,20250930,112,5088,1356.62,35.0,18.0,0.0
2505,20251119,177,5020,1188.15,33.4,21.3,
2506,20250909,175,5067,1355.14,64.0,24.7,0.0
2507,20260228,217,5038,568.15,12.9,28.5,0.0
2508,20260317,287,5080,1444.87,57.3,26.1,3.0
2509,20260320,234,5072,65.33,78.0,25.4,0.0
2510,20260522,253,5086,1296.9,45.4,21.7,0.0
2511,20260419,235,5021,1151.34,37.7,28.5,3.0
2512,20260616,187,5039,1064.47,50.3,24.3,0.0
2513,20260407,212,5063,123.62,62.0,31.1,3.0
2514,20251128,276,5037,513.29,80.5,30.6,0.0
2515,20260215,135,5009,539.03,78.9,34.6,3.0
2516,20260212,188,5038,1301.09,82.7,23.9,1.0
2517,20260510,226,5002,1399.23,34.0,31.6,2.0
2518,20251126,192,5059,1364.43,35.7,32.5,3.0
2519,20250829,293,5006,553.19,11.3,24.9,0.0
2520,20260704,149,5028,1207.02,23.6,25.1,0.0
2521,20260725,143,5037,1045.26,93.1,21.1,0.0
2522,20260207,204,5076,902.89,69.0,31.3,0.0
2523,20250920,105,5016,688.22,22.7,27.1,3.0
2524,20260208,159,5007,,55.6,23.4,1.0
2525,20260315,158,5063,542.69,81.1,27.3,0.0
2526,20260219,287,5040,685.19,26.3,27.4,
2527,20260802,134,5001,113.55,16.0,31.3,0.0
2528,20260806,155,5056,1260.39,83.8,32.1,0.0
2529,20260717,288,5046,194.84,29.9,21.1,0.0
2530,20250927,106,5085,692.27,16.5,32.7,0.0
2531,20260621,251,5001,327.33,41.2,26.9,
2532,20260306,230,5007,237.25,29.2,23.7,1.0
2533,20251221,144,5033,912.69,16.3,25.6,0.0
2534,20260416,132,5018,121.8,81.0,32.9,2.0
2535,20260516,194,5045,563.11,,27.5,0.0
2536,20260725,283,5037,1127.59,55.3,20.6,2.0
2537,20260518,267,5065,1027.4,69.1,22.9,0.0
2538,20250816,110,5086,983.67,42.3,34.3,0.0
2539,20250903,197,5099,1374.51,42.4,27.7,2.0
2540,20251113,264,5072,1016.32,,23.3,0.0
2541,20250824,166,5020,1252.39,20.4,21.8,0.0
2542,20250901,298,5012,,32.4,19.8,0.0
2543,20260525,237,5092,1474.72,20.3,22.1,
2544,20260211,260,5035,467.38,74.8,32.8,0.0
2545,20260328,113,5019,1032.43,66.9,25.2,3.0
2546,20260209,253,5094,363.54,44.7,21.3,0.0
2547,20260109,113,5026,490.89,42.6,18.6,3.0
2548,20260423,270,5056,1095.98,12.1,34.3,
2549,20250909,128,5075,344.73,48.6,24.3,
2550,20260222,268,5011,1351.03,76.5,21.7,0.0
2551,20260323,106,5038,,17.9,24.9,1.0
2552,20251119,113,5029,452.28,52.6,22.4,
2553,20251201,277,5005,232.78,,33.7,3.0
2554,20260213,130,5061,95.58,20.6,21.5,1.0
2555,20251023,207,5046,361.04,18.7,32.6,
2556,20260601,214,5032,116.13,59.3,31.2,0.0
2557,20260222,198,5087,936.78,78.0,31.0,3.0
2558,20251231,132,5082,1459.84,20.6,33.8,0.0
2559,20260330,241,5050,462.11,36.8,25.2,0.0
2560,20260611,165,5055,154.41,90.6,,0.0
2561,20260416,222,5052,484.84,91.3,27.1,0.0
2562,20250903,280,5013,939.47,67.5,25.2,
2563,20260422,140,5034,186.0,22.2,29.3,2.0
2564,20260504,153,5039,371.0,35.8,18.8,0.0
2565,20260615,278,5077,998.21,51.3,24.8,
2566,20250831,276,5040,1326.73,57.6,26.2,1.0
2567,20250910,262,5023,944.07,66.9,34.9,0.0
2568,20260116,103,5073,302.68,28.0,,3.0
2569,20260122,178,5056,,15.4,24.0,3.0
2570,20260320,208,5087,551.86,13.8,31.3,0.0
2571,20251201,270,5042,1137.56,,30.5,0.0
2572,20260508,126,5075,1368.49,33.9,30.8,
2573,20260508,270,5018,1044.74,26.8,23.6,0.0
2574,20250922,234,5088,543.68,15.9,19.7,0.0
2575,20260426,170,5099,116.27,18.8,18.1,0.0
2576,20260423,260,5026,612.49,90.2,34.0,
2577,20251008,256,5033,98.22,95.0,30.9,0.0
2578,20260724,280,5018,640.96,57.8,29.4,0.0
2579,20260217,136,5054,755.99,18.8,25.5,0.0
2580,20260523,208,5071,1413.83,10.8,33.3,0.0
2581,20260430,127,5026,68.92,93.6,20.2,1.0
2582,20251010,231,5039,77.87,88.3,34.6,0.0
2583,20250925,285,5040,878.23,69.3,23.0,1.0
2584,20260522,259,5011,1417.21,29.7,21.0,
2585,20251116,131,5039,1367.81,36.8,29.7,
2586,20260630,173,5073,843.87,19.8,31.7,3.0
2587,20260519,130,5081,,84.3,27.1,2.0
2588,20250820,128,5060,610.94,66.8,28.5,1.0
2589,20260601,228,5070,686.89,36.3,26.5,
2590,20251117,151,5024,431.01,48.3,19.1,
2591,20250902,256,5049,1178.53,,28.7,3.0
2592,20260427,152,5056,1348.39,45.2,33.5,0.0
2593,20260309,300,5013,1494.37,58.7,31.7,2.0
2594,20250907,168,5018,776.38,33.4,27.0,0.0
2595,20260123,234,5068,1056.86,14.1,20.6,0.0
2596,20251219,152,5057,231.69,94.9,23.8,3.0
2597,20260208,192,5089,,42.8,26.6,0.0
2598,20260305,281,5041,365.82,18.5,30.9,2.0
2599,20251222,205,5065,331.08,66.1,31.3,2.0
2600,20251111,176,5088,1280.0,52.8,28.7,0.0
2601,20250916,142,5092,494.8,54.8,,0.0
2602,20260308,111,5046,1063.39,15.9,18.4,1.0
2603,20260501,241,5060,1480.5,26.8,22.9,2.0
2604,20251101,228,5046,,32.3,19.9,
2605,20260212,154,5055,79.74,78.6,31.5,
2606,20250826,277,5060,619.31,74.8,19.5,3.0
2607,20260621,224,5054,714.79,43.1,19.0,0.0
2608,20251107,185,5053,1150.21,36.7,25.9,1.0
2609,20260129,161,5060,1277.44,,34.1,0.0
2610,20251228,101,5004,534.55,75.0,31.0,0.0
2611,20251003,104,5072,61.67,48.9,27.9,2.0
2612,20260716,272,5004,,66.2,20.0,0.0
2613,20260619,123,5099,554.51,50.2,24.4,
2614,20260228,129,5054,66.03,32.8,26.9,0.0
2615,20260710,247,5012,765.18,14.6,20.0,
2616,20260508,272,5097,1478.78,71.7,31.0,3.0
2617,20260110,227,5018,504.0,12.3,32.0,0.0
2618,20251205,139,5079,238.51,,19.5,0.0
2619,20260109,124,5039,617.19,,,0.0
2620,20260430,300,5032,464.51,48.2,28.7,3.0
2621,20251117,231,5075,716.1,32.0,34.5,3.0
2622,20250907,120,5066,419.42,63.3,19.5,2.0
2623,20251224,286,5048,894.06,62.1,29.0,2.0
2624,20260209,286,5017,960.22,92.4,18.3,0.0
2625,20260706,126,5080,1009.16,48.2,22.7,
2626,20251014,166,5070,880.39,61.4,29.3,
2627,20260531,265,5073,1179.69,29.5,24.1,1.0
2628,20260804,160,5038,367.31,61.7,18.7,0.0
2629,20260725,217,5007,370.92,70.2,32.8,0.0
2630,20250904,176,5097,529.99,43.4,23.3,0.0
2631,20260127,168,5051,,92.4,27.4,0.0
2632,20251121,219,5017,72.09,62.3,18.6,0.0
2633,20260615,113,5052,1191.81,,28.9,0.0
2634,20251207,126,5086,,79.3,28.0,3.0
2635,20260228,145,5001,982.57,44.4,20.2,3.0
2636,20250812,111,5060,1343.9,35.5,26.1,3.0
2637,20251022,175,5098,1266.45,,24.9,0.0
2638,20260304,193,5067,117.27,42.8,33.2,
2639,20251129,274,5059,,29.1,28.6,0.0
2640,20260325,181,5007,973.95,,18.6,
2641,20260126,210,5011,1440.66,78.8,29.1,1.0
2642,20260314,290,5008,855.89,39.8,23.3,3.0
2643,20260206,130,5035,650.31,89.9,31.4,2.0
2644,20260519,125,5084,417.25,69.7,28.6,2.0
2645,20251020,295,5014,70.22,57.3,23.6,0.0
2646,20260705,112,5043,1335.28,39.6,29.0,
2647,20260515,103,5077,219.14,88.7,30.6,2.0
2648,20251107,136,5013,606.84,43.7,32.5,3.0
2649,20250812,270,5038,693.9,17.4,29.0,0.0
2650,20260107,266,5073,1202.14,81.1,26.6,
2651,20251103,144,5062,943.59,16.9,18.7,0.0
2652,20251214,185,5089,59.42,94.7,29.5,0.0
2653,20260613,192,5043,1349.76,61.2,31.4,0.0
2654,20260627,213,5008,535.04,64.7,24.7,0.0
2655,20260724,260,5016,1464.15,,27.6,0.0
2656,20250810,169,5095,1372.54,76.9,24.9,2.0
2657,20260407,288,5075,534.42,24.1,26.3,
2658,20260616,124,5087,1320.86,29.2,,3.0
2659,20260503,196,5066,865.73,13.2,23.2,0.0
2660,20250917,188,5095,1195.43,89.1,23.5,1.0
2661,20260219,147,5092,837.39,11.8,26.7,0.0
2662,20251105,130,5007,518.75,33.9,30.6,0.0
2663,20260206,203,5090,870.11,34.7,26.2,1.0
2664,20250831,203,5027,319.8,54.3,26.9,3.0
2665,20260809,217,5067,297.94,,21.8,0.0
2666,20260427,170,5019,1118.57,35.5,23.9,2.0
2667,20250913,199,5072,1168.05,57.7,31.3,0.0
2668,20260713,277,5095,501.94,75.9,31.1,0.0
2669,20260704,223,5064,623.1,64.1,32.8,2.0
2670,20260216,208,5018,384.87,79.4,29.4,0.0
2671,20260423,267,5029,1272.59,60.2,22.4,0.0
2672,20251224,143,5087,657.67,53.2,29.0,2.0
2673,20260801,129,5082,,53.9,32.8,1.0
2674,20250910,134,5020,309.81,49.7,28.4,
2675,20250913,279,5039,62.28,86.3,32.1,
2676,20250927,286,5081,1056.61,30.9,24.9,0.0
2677,20260606,116,5040,713.48,78.7,29.9,
2678,20250906,141,5093,562.9,12.2,29.4,3.0
2679,20260305,127,5001,320.48,14.6,18.6,1.0
2680,20260116,207,5063,420.96,85.8,18.7,1.0
2681,20260728,252,5080,1475.79,77.8,18.6,0.0
2682,20251104,224,5089,1340.4,10.3,24.1,2.0
2683,20251113,246,5026,1057.61,16.1,28.1,1.0
2684,20251203,274,5015,232.82,51.3,34.1,0.0
2685,20260530,213,5009,1365.63,91.2,27.3,0.0
2686,20260423,147,5001,216.07,83.2,22.6,2.0
2687,20260506,257,5020,1211.67,65.6,34.5,
2688,20251204,198,5078,1270.69,36.6,33.3,0.0
2689,20251117,300,5016,377.19,87.1,27.4,0.0
2690,20250906,192,5067,1140.3,60.6,30.9,
2691,20251023,257,5013,58.87,78.8,31.6,3.0
2692,20260522,108,5032,324.12,79.3,25.1,2.0
2693,20260312,276,5027,1065.61,89.4,28.7,0.0
2694,20251005,287,5014,293.96,47.8,32.3,1.0
2695,20251009,134,5061,988.2,18.8,19.8,1.0
2696,20260127,224,5004,931.59,89.2,18.2,2.0
2697,20260105,225,5065,1007.37,16.3,27.8,
2698,20260222,129,5057,147.91,19.1,19.9,1.0
2699,20260729,206,5051,1365.01,69.8,25.4,2.0
2700,20251024,213,5008,810.43,46.0,27.6,
2701,20251130,112,5016,230.51,14.4,26.5,3.0
2702,20251114,117,5039,880.63,13.1,25.6,
2703,20250922,167,5052,758.81,62.4,19.2,0.0
2704,20251006,268,5062,56.2,24.5,32.0,0.0
2705,20260418,181,5024,580.76,17.9,34.2,1.0
2706,20260608,104,5031,186.97,34.4,26.5,0.0
2707,20260422,281,5070,204.3,17.3,20.0,0.0
2708,20250824,274,5034,,92.6,24.8,0.0
2709,20260611,235,5079,,40.3,24.9,3.0
2710,20251207,297,5088,826.52,82.2,27.1,2.0
2711,20250912,291,5057,531.86,45.9,27.5,2.0
2712,20251108,248,5085,848.37,,21.8,1.0
2713,20251218,286,5079,1108.98,29.8,18.3,2.0
2714,20260213,245,5016,1327.05,,32.6,0.0
2715,20260414,158,5056,875.01,54.1,,0.0
2716,20251113,272,5019,722.44,66.4,24.5,0.0
2717,20260807,187,5082,1460.58,72.1,19.8,1.0
2718,20250821,233,5003,292.85,93.7,21.1,
2719,20260105,234,5024,1051.56,88.7,,0.0
2720,20260122,277,5019,603.49,41.8,18.9,2.0
2721,20260510,280,5096,799.31,23.7,24.5,2.0
2722,20251109,259,5085,1077.8,58.2,23.5,
2723,20260126,125,5031,,19.3,33.8,0.0
2724,20260531,211,5022,1171.03,76.0,24.5,0.0
2725,20250930,270,5066,1379.89,12.3,20.6,
2726,20250814,287,5095,744.19,27.9,25.5,
2727,20260609,164,5090,1160.1,29.9,19.9,2.0
2728,20260804,224,5070,1064.08,,32.7,0.0
2729,20250926,189,5026,1294.22,10.1,21.7,0.0
2730,20260607,270,5061,147.39,89.6,19.8,1.0
2731,20251224,274,5062,1469.68,14.7,25.5,0.0
2732,20260328,265,5038,932.55,62.5,28.1,0.0
2733,20260402,199,5038,274.13,,25.7,2.0
2734,20260311,139,5086,1367.49,59.6,20.9,0.0
2735,20251112,243,5013,745.41,42.7,32.7,
2736,20260603,257,5076,299.95,44.4,31.4,1.0
2737,20250817,114,5064,788.14,39.6,34.0,
2738,20250902,103,5048,530.96,71.1,27.9,0.0
2739,20260706,265,5086,1329.0,71.0,33.8,3.0
2740,20260119,141,5036,1306.04,91.4,31.5,0.0
2741,20250926,230,5051,1003.17,62.1,28.9,0.0
2742,20260707,221,5050,1493.37,65.0,34.0,0.0
2743,20260609,227,5090,250.25,48.8,26.3,0.0
2744,20251209,143,5014,1097.45,18.8,24.2,1.0
2745,20250825,120,5060,741.32,48.6,27.4,0.0
2746,20260125,293,5054,51.77,91.7,28.7,0.0
2747,20251010,226,5055,307.57,,29.0,0.0
2748,20260308,183,5019,359.94,74.9,28.5,0.0
2749,20260606,162,5004,477.09,69.0,25.7,3.0
2750,20260101,185,5037,234.82,23.2,25.9,0.0
2751,20250820,172,5059,1393.6,53.1,21.9,1.0
2752,20260417,113,5016,1470.1,71.0,21.7,1.0
2753,20251012,230,5073,,22.9,30.9,1.0
2754,20251027,158,5050,1421.0,,31.2,2.0
2755,20251017,241,5002,135.78,77.4,19.6,
2756,20251120,265,5075,178.59,,25.2,3.0
2757,20260629,197,5039,454.18,79.9,33.2,
2758,20250822,204,5005,1481.73,81.9,20.9,
2759,20260324,161,5083,999.51,42.0,33.9,
2760,20251107,121,5084,,38.0,32.1,0.0
2761,20251126,218,5085,1390.6,66.2,22.5,
2762,20260107,214,5080,1297.37,81.0,33.4,
2763,20260227,247,5057,1134.27,23.0,22.3,3.0
2764,20250901,215,5006,145.76,50.7,19.5,0.0
2765,20251120,123,5046,1462.21,79.0,25.1,1.0
2766,20250929,228,5018,1437.01,57.0,18.6,3.0
2767,20251022,215,5060,887.05,66.4,22.5,
2768,20260629,181,5093,1080.28,32.2,,
2769,20260218,131,5059,1066.6,16.7,24.3,
2770,20260328,228,5036,1026.03,88.7,25.3,0.0
2771,20260530,291,5002,1116.79,30.5,,1.0
2772,20260527,268,5021,1115.44,59.0,23.9,2.0
2773,20260807,105,5046,234.99,77.2,29.2,0.0
2774,20260523,127,5065,969.36,86.0,30.6,2.0
2775,20251219,204,5065,,50.9,20.4,0.0
2776,20260225,206,5027,451.65,61.8,33.3,0.0
2777,20260203,110,5045,1085.87,,25.0,
2778,20260710,243,5091,266.44,12.8,28.1,3.0
2779,20260209,241,5068,,10.5,30.4,2.0
2780,20251230,101,5050,239.35,40.9,24.3,0.0
2781,20251014,124,5066,686.41,64.5,19.5,1.0
2782,20251204,255,5009,570.8,50.6,29.4,0.0
2783,20251029,259,5023,1399.03,29.5,27.7,0.0
2784,20260703,264,5084,1058.41,37.2,33.0,3.0
2785,20260521,178,5020,199.69,61.6,32.2,1.0
2786,20250831,231,5046,590.75,20.1,33.8,0.0
2787,20260807,244,5084,331.25,71.0,31.9,
2788,20260219,153,5093,1352.84,43.0,27.5,2.0
2789,20260517,268,5073,1150.99,38.8,22.3,0.0
2790,20260810,272,5044,779.84,43.4,26.6,0.0
2791,20260801,217,5059,656.0,79.0,32.1,1.0
2792,20250915,188,5092,1335.19,57.4,20.3,2.0
2793,20260407,194,5018,640.38,26.0,28.2,0.0
2794,20251115,114,5036,624.02,84.5,31.8,0.0
2795,20260604,158,5098,54.18,73.8,31.7,
2796,20260711,217,5085,1477.32,43.4,25.6,
2797,20250830,185,5039,133.29,44.1,28.1,2.0
2798,20260809,244,5051,1087.11,,33.8,0.0
2799,20251029,297,5009,912.56,55.5,30.5,0.0
2800,20260615,259,5083,1405.61,60.7,23.3,
2801,20260528,254,5062,687.96,11.3,21.0,2.0
2802,20251217,222,5049,716.42,89.8,26.1,1.0
2803,20260613,284,5061,626.93,66.3,25.1,
2804,20260615,269,5078,897.62,63.4,30.0,3.0
2805,20251013,194,5085,936.1,37.9,26.3,0.0
2806,20260314,284,5024,375.16,51.3,29.2,1.0
2807,20260601,216,5074,1163.46,82.0,20.1,0.0
2808,20260422,130,5091,1041.49,29.6,25.4,1.0
2809,20260710,125,5065,995.05,71.0,32.4,2.0
2810,20250820,295,5100,1486.47,31.3,33.2,
2811,20260423,269,5085,,21.2,18.1,0.0
2812,20260722,157,5068,1039.82,69.1,20.9,0.0
2813,20260304,101,5034,1228.78,93.5,29.8,
2814,20260304,188,5017,1468.51,71.6,21.2,0.0
2815,20251017,191,5090,157.34,93.8,21.3,
2816,20260806,263,5042,482.88,43.8,20.6,
2817,20260628,175,5076,1304.52,73.5,24.0,1.0
2818,20260206,241,5075,109.27,92.0,24.6,0.0
2819,20251201,234,5045,1420.09,40.8,27.5,0.0
2820,20260205,196,5075,893.96,20.7,20.4,0.0
2821,20250912,280,5080,1435.89,80.9,34.1,0.0
2822,20251103,128,5052,366.35,65.1,30.2,0.0
2823,20251029,112,5009,1418.96,38.0,32.1,2.0
2824,20260218,143,5006,92.3,62.8,21.5,0.0
2825,20250810,227,5004,409.52,24.8,22.3,
2826,20260711,136,5094,1449.77,93.7,20.1,0.0
2827,20251022,284,5021,834.76,10.6,,0.0
2828,20250926,291,5030,450.06,66.7,23.9,0.0
2829,20260429,285,5013,949.13,76.6,32.3,1.0
2830,20260712,205,5086,618.23,,27.8,0.0
2831,20260615,128,5014,,,24.0,
2832,20251206,166,5064,167.68,75.5,33.8,0.0
2833,20250818,257,5087,1309.52,14.7,32.8,0.0
2834,20260312,151,5061,1411.38,79.5,28.7,0.0
2835,20260711,149,5042,658.71,46.1,31.1,
2836,20260520,131,5098,70.29,45.3,32.7,0.0
2837,20260615,201,5030,131.02,81.9,23.8,3.0
2838,20260621,156,5099,638.5,49.1,24.3,0.0
2839,20260727,218,5094,1332.96,57.8,33.3,0.0
2840,20251224,149,5031,1454.82,77.0,26.6,3.0
2841,20260720,284,5014,655.64,,19.0,3.0
2842,20260101,187,5023,1456.08,73.5,33.4,0.0
2843,20250915,128,5094,620.22,63.3,29.0,3.0
2844,20251128,294,5050,1433.37,17.0,26.9,3.0
2845,20250928,207,5097,1321.67,90.5,20.9,
2846,20251006,112,5054,108.84,82.7,18.2,0.0
2847,20260723,263,5009,389.11,10.1,20.7,2.0
2848,20260526,273,5008,621.3,67.2,19.2,0.0
2849,20260727,251,5079,271.81,57.3,24.7,3.0
2850,20260404,132,5033,876.98,21.9,21.5,2.0
2851,20251012,298,5015,1216.06,74.9,18.6,0.0
2852,20260730,216,5005,574.97,55.1,29.3,0.0
2853,20260420,218,5096,137.64,35.8,29.2,
2854,20260715,269,5010,892.76,,21.6,
2855,20260525,251,5057,1179.26,80.7,27.0,1.0
2856,20251030,230,5098,1185.67,63.1,19.8,0.0
2857,20260313,135,5048,,75.0,31.3,0.0
2858,20251013,228,5078,102.46,68.4,20.6,0.0
2859,20251130,102,5081,1449.7,85.6,26.0,3.0
2860,20260418,236,5004,617.7,70.3,25.7,0.0
2861,20250925,289,5023,334.7,57.7,22.1,3.0
2862,20260503,113,5042,493.95,44.4,,0.0
2863,20260723,242,5014,1166.8,20.9,20.1,
2864,20260723,211,5090,1090.06,67.3,25.6,
2865,20251231,250,5058,872.95,28.5,30.3,1.0
2866,20260808,224,5049,,15.2,25.5,0.0
2867,20260729,231,5018,488.34,66.6,25.4,3.0
2868,20250821,300,5082,926.55,55.0,28.4,3.0
2869,20260318,146,5074,292.55,52.0,33.5,1.0
2870,20260713,278,5072,325.17,85.6,31.5,0.0
2871,20260730,249,5026,1277.44,93.2,32.6,0.0
2872,20251029,145,5026,608.74,90.6,27.9,3.0
2873,20260304,288,5033,679.07,30.8,32.4,1.0
2874,20260718,133,5063,1259.33,,31.0,
2875,20250930,127,5057,178.27,82.8,27.1,3.0
2876,20260509,200,5087,1454.55,89.8,25.6,
2877,20251105,269,5037,420.8,92.4,30.0,0.0
2878,20260804,254,5029,1189.45,71.6,30.8,1.0
2879,20251010,256,5026,1014.92,16.0,27.9,3.0
2880,20260630,183,5095,1383.47,21.8,20.6,
2881,20250911,230,5021,1121.32,94.0,27.8,1.0
2882,20260426,199,5056,1414.22,75.6,22.6,0.0
2883,20260331,208,5068,854.47,55.1,,0.0
2884,20260630,256,5025,514.81,21.6,31.4,0.0
2885,20260120,278,5012,1026.58,21.9,21.4,2.0
2886,20251115,296,5075,197.05,44.9,26.3,0.0
2887,20251109,164,5004,796.3,73.8,28.8,2.0
2888,20250903,171,5081,794.2,54.7,26.4,0.0
2889,20251111,202,5086,1335.11,,34.8,1.0
2890,20250918,188,5013,106.97,,32.1,1.0
2891,20250810,176,5027,1115.68,20.3,30.8,3.0
2892,20251229,216,5005,1426.26,42.7,24.9,0.0
2893,20260505,135,5018,911.47,64.2,26.6,0.0
2894,20260730,136,5001,1046.5,63.3,30.1,0.0
2895,20260629,206,5047,192.22,71.0,28.3,1.0
2896,20260206,255,5100,953.02,80.4,32.9,3.0
2897,20251226,280,5053,640.97,23.2,33.5,2.0
2898,20260225,292,5073,977.23,,23.6,
2899,20250916,232,5070,1100.31,75.0,24.9,3.0
2900,20260201,177,5010,1365.79,,25.2,0.0
2901,20260622,280,5044,1081.26,47.1,25.5,0.0
2902,20260405,241,5024,1004.12,30.3,26.5,1.0
2903,20260418,181,5088,877.8,53.1,31.0,2.0
2904,20251008,283,5094,601.39,36.9,18.5,
2905,20250905,289,5094,,63.2,19.3,0.0
2906,20260615,242,5083,861.57,60.2,20.1,1.0
2907,20251125,262,5068,1217.25,45.2,30.1,0.0
2908,20251204,156,5064,1336.67,49.3,31.2,
2909,20260724,152,5025,1094.24,33.3,32.9,0.0
2910,20250906,154,5027,1445.49,81.1,26.2,3.0
2911,20251011,260,5074,458.51,22.5,28.1,1.0
2912,20251225,283,5061,718.35,,23.8,2.0
2913,20260504,175,5065,1439.09,66.6,23.1,0.0
2914,20260226,276,5046,1339.0,70.6,33.6,0.0
2915,20260704,189,5046,1016.73,72.4,27.4,0.0
2916,20250913,273,5080,578.77,66.0,27.1,
2917,20260315,134,5072,391.98,93.1,21.2,0.0
2918,20260322,282,5018,,21.9,19.7,
2919,20260202,267,5009,1426.39,86.5,23.4,0.0
2920,20250821,146,5057,1426.58,,34.5,2.0
2921,20260720,229,5055,100.37,85.4,34.0,0.0
2922,20251009,239,5081,1049.81,78.4,30.4,0.0
2923,20260701,278,5049,162.45,78.4,26.7,3.0
2924,20251006,264,5010,1074.29,87.5,19.8,0.0
2925,20250916,183,5073,580.47,24.9,24.8,
2926,20251024,282,5011,1019.27,85.5,27.2,0.0
2927,20251018,130,5017,774.29,30.4,18.2,0.0
2928,20260422,295,5067,90.58,59.6,22.2,1.0
2929,20260501,191,5039,1471.2,61.4,20.3,3.0
2930,20260504,244,5013,437.26,63.1,19.0,3.0
2931,20251115,223,5016,,37.3,20.0,0.0
2932,20251121,250,5064,1178.62,83.1,28.1,0.0
2933,20251104,247,5030,616.09,89.6,26.5,1.0
2934,20250828,271,5007,1050.25,36.6,32.2,
2935,20260307,282,5077,1028.95,,30.5,
2936,20260613,207,5070,774.1,45.2,28.4,
2937,20251005,273,5043,1204.3,31.9,32.8,1.0
2938,20251220,292,5003,632.0,35.6,34.2,
2939,20260113,237,5029,1082.55,54.2,19.2,0.0
2940,20251125,174,5038,1094.8,74.6,24.0,3.0
2941,20260409,209,5033,1486.03,31.1,31.2,0.0
2942,20260317,104,5050,1096.53,,29.4,0.0
2943,20251022,234,5091,1416.98,63.5,22.1,2.0
2944,20250819,128,5046,,75.2,26.2,0.0
2945,20251011,107,5009,536.48,72.0,33.5,1.0
2946,20251124,198,5021,339.08,47.0,24.1,0.0
2947,20250908,138,5037,1452.23,,22.2,0.0
2948,20260614,114,5010,683.05,92.6,31.8,1.0
2949,20251130,272,5069,868.26,19.9,32.6,0.0
2950,20260102,115,5074,,36.3,27.9,2.0
2951,20260205,152,5031,442.74,92.5,19.4,2.0
2952,20260408,169,5067,610.66,28.8,29.5,0.0
2953,20250912,293,5079,1105.79,46.2,31.2,0.0
2954,20260225,142,5065,1176.54,12.1,18.2,0.0
2955,20251016,174,5040,604.35,70.1,25.1,0.0
2956,20260630,275,5052,1220.0,12.1,21.1,0.0
2957,20251223,165,5080,674.82,57.8,30.2,1.0
2958,20260120,138,5008,1363.62,50.7,24.0,3.0
2959,20251114,116,5070,233.39,81.5,22.9,1.0
2960,20260127,277,5090,306.77,37.0,18.6,2.0
2961,20251031,176,5015,464.05,39.6,20.4,
2962,20251116,153,5075,82.08,67.4,33.5,0.0
2963,20250901,293,5061,1061.72,76.4,29.1,1.0
2964,20260512,239,5034,61.48,14.7,31.8,2.0
2965,20260411,109,5084,531.46,64.4,23.3,0.0
2966,20250910,192,5004,1266.22,43.0,34.2,0.0
2967,20251213,216,5005,946.57,85.5,27.4,
2968,20260224,127,5044,1412.85,76.3,,1.0
2969,20260731,258,5054,786.67,55.1,20.5,2.0
2970,20260313,273,5034,1231.41,89.0,33.7,0.0
2971,20260228,290,5026,318.78,14.4,23.7,2.0
2972,20260613,244,5043,628.7,88.4,28.9,1.0
2973,20260605,158,5098,256.76,59.1,27.4,0.0
2974,20260110,291,5008,1190.46,68.5,29.8,3.0
2975,20260221,266,5018,588.26,11.3,32.8,
2976,20260623,244,5027,,72.0,33.2,0.0
2977,20260130,200,5071,488.03,91.1,34.3,1.0
2978,20260628,161,5094,697.69,91.1,19.7,1.0
2979,20260131,231,5043,,49.8,31.5,
2980,20250907,279,5097,,19.9,22.2,2.0
2981,20260706,174,5085,69.64,,18.7,3.0
2982,20260428,278,5008,1311.67,71.6,25.1,2.0
2983,20260209,271,5031,450.47,43.7,19.1,2.0
2984,20260705,113,5064,397.42,71.6,27.0,
2985,20260529,198,5010,1176.53,28.4,18.6,2.0
2986,20260414,200,5073,903.33,26.2,23.5,2.0
2987,20260325,207,5079,222.06,53.2,26.2,0.0
2988,20250923,276,5090,313.31,,28.4,0.0
2989,20260514,181,5098,227.68,77.7,27.9,2.0
2990,20251012,242,5005,1229.77,24.9,33.7,0.0
2991,20260805,114,5045,126.33,37.2,18.3,0.0
2992,20260731,104,5010,,65.9,20.3,
2993,20260601,291,5054,433.92,60.1,28.5,0.0
2994,20250925,165,5077,839.47,90.9,26.9,1.0
2995,20260111,152,5095,333.35,49.8,18.6,0.0
2996,20260806,259,5079,1199.33,29.3,35.0,2.0
2997,20260116,300,5011,278.25,48.7,26.1,0.0
2998,20260810,214,5071,652.41,87.9,24.0,
2999,20260327,158,5062,218.7,58.6,32.7,0.0
3000,20260611,263,5017,1176.29,61.1,25.2,0.0
3001,20251112,281,5035,1334.89,40.5,24.7,0.0
3002,20260709,282,5093,359.56,51.6,33.9,0.0
3003,20260710,266,5006,1223.91,59.2,18.8,
3004,20250903,195,5014,706.57,74.9,27.1,0.0
3005,20251230,294,5005,648.34,15.7,25.1,0.0
3006,20260102,251,5064,1003.79,91.7,19.6,2.0
3007,20251207,240,5065,713.95,79.4,24.7,0.0
3008,20251119,290,5029,201.16,31.7,33.8,
3009,20260124,255,5084,1365.82,48.4,29.5,2.0
3010,20260625,151,5045,1360.32,,20.8,
3011,20260524,299,5056,93.48,16.2,22.9,3.0
3012,20260326,286,5062,986.14,50.8,25.5,3.0
3013,20260217,150,5039,1109.76,28.4,21.8,0.0
3014,20260110,176,5030,768.74,43.3,34.8,0.0
3015,20260108,215,5003,819.7,88.4,18.9,0.0
3016,20251003,146,5008,566.59,11.0,29.7,
3017,20260313,275,5004,292.17,70.4,25.7,0.0
3018,20260514,120,5100,1401.29,46.2,33.7,
3019,20260719,148,5026,165.13,91.7,30.8,
3020,20260714,145,5069,1108.34,43.4,27.8,
3021,20260303,289,5078,697.62,65.5,21.3,0.0
3022,20250915,232,5049,1378.42,83.3,18.2,
3023,20251122,131,5088,857.62,18.8,33.2,2.0
3024,20260222,197,5088,511.59,23.6,20.6,
3025,20251213,111,5095,353.22,90.6,33.5,
3026,20260107,210,5003,1232.69,34.8,23.8,3.0
3027,20251228,172,5071,1004.02,82.3,31.4,3.0
3028,20260203,243,5062,1121.73,27.4,29.3,1.0
3029,20260320,168,5007,305.52,,21.0,2.0
3030,20250823,134,5050,1339.31,,31.5,0.0
3031,20251118,142,5099,782.95,13.7,26.2,3.0
3032,20251001,250,5049,717.95,43.8,28.8,1.0
3033,20260320,166,5090,437.24,31.2,34.7,2.0
3034,20260420,102,5017,1036.4,73.2,33.9,0.0
3035,20250824,185,5056,1340.93,53.2,26.4,0.0
3036,20260701,220,5090,772.18,22.4,26.7,2.0
3037,20251209,282,5055,213.02,91.9,23.5,0.0
3038,20251104,140,5071,331.29,63.4,29.1,0.0
3039,20260509,111,5018,,94.5,28.6,2.0
3040,20260713,140,5015,,57.5,30.2,0.0
3041,20260704,183,5057,1403.95,53.5,32.3,
3042,20250817,253,5016,1031.22,29.0,28.5,1.0
3043,20260605,114,5079,1052.68,87.3,19.1,0.0
3044,20251128,299,5048,645.84,83.5,20.9,0.0
3045,20251120,261,5046,545.08,77.9,21.9,0.0
3046,20260205,258,5025,1125.86,13.3,20.0,0.0
3047,20260421,270,5044,264.0,50.1,23.6,0.0
3048,20250914,178,5056,1362.16,70.9,21.0,
3049,20260624,226,5008,721.06,54.6,28.1,0.0
3050,20250928,247,5031,241.48,17.1,32.0,
3051,20260801,241,5030,673.46,64.1,20.9,
3052,20260119,192,5012,1038.85,29.5,27.8,2.0
3053,20260608,119,5076,639.77,46.3,29.4,0.0
3054,20251116,282,5002,332.72,40.0,21.0,
3055,20260109,182,5030,54.94,88.2,31.1,
3056,20260403,235,5053,454.05,56.3,22.4,
3057,20251017,157,5096,139.82,22.7,19.9,1.0
3058,20251026,148,5097,1249.75,10.2,28.1,0.0
3059,20260607,234,5069,1391.25,21.4,32.5,1.0
3060,20260508,118,5073,962.48,15.4,22.2,3.0
3061,20260514,230,5006,567.81,48.2,29.6,3.0
3062,20260623,141,5002,271.13,,32.4,1.0
3063,20260606,207,5093,687.03,35.1,23.0,0.0
3064,20260214,240,5032,828.66,56.3,31.1,0.0
3065,20251007,238,5008,85.65,31.5,24.3,0.0
3066,20251201,204,5010,1407.27,67.2,22.0,1.0
3067,20260211,124,5008,521.95,47.1,19.5,0.0
3068,20250928,190,5017,802.76,70.9,27.1,0.0
3069,20260617,157,5057,1476.92,51.7,31.4,0.0
3070,20260627,155,5024,102.73,69.3,24.1,
3071,20250820,270,5037,1385.12,74.8,22.6,3.0
3072,20251019,185,5006,751.58,,27.3,0.0
3073,20260610,185,5041,1039.51,43.6,19.0,3.0
3074,20260612,193,5045,1107.76,15.6,31.8,0.0
3075,20251109,176,5078,145.28,63.1,32.1,0.0
3076,20260124,156,5084,,72.1,27.8,2.0
3077,20260711,293,5032,721.52,40.0,30.5,3.0
3078,20260424,259,5038,1277.69,17.8,22.6,
3079,20251118,236,5017,332.56,,25.3,1.0
3080,20260607,222,5078,666.86,11.6,24.8,1.0
3081,20260210,244,5051,926.11,40.9,34.8,0.0
3082,20260330,293,5062,378.73,16.9,32.2,
3083,20250924,267,5085,881.81,53.6,22.1,2.0
3084,20250821,103,5016,1198.05,62.6,32.3,3.0
3085,20251224,130,5085,,68.5,24.1,
3086,20260315,272,5010,365.54,75.3,28.9,2.0
3087,20251013,189,5010,627.09,,24.2,0.0
3088,20260624,215,5033,1218.88,20.9,18.3,1.0
3089,20260312,162,5070,1056.49,84.6,32.1,0.0
3090,20251216,265,5027,766.85,27.7,23.7,0.0
3091,20251008,258,5064,288.49,14.1,22.1,0.0
3092,20260703,260,5091,100.87,27.8,26.4,0.0
3093,20260511,163,5095,226.35,10.9,18.7,3.0
3094,20260419,111,5046,598.22,48.4,32.9,0.0
3095,20251122,275,5029,551.5,21.0,26.5,0.0
3096,20251229,183,5057,1078.32,37.4,,0.0
3097,20251008,198,5092,801.24,23.1,18.5,2.0
3098,20260307,130,5039,616.61,65.6,27.9,
3099,20260729,199,5047,1364.4,29.6,30.4,1.0
3100,20260619,166,5100,88.84,70.0,20.0,
3101,20260403,239,5071,985.07,26.2,31.4,3.0
3102,20260415,286,5038,884.64,33.1,19.6,2.0
3103,20251116,173,5084,965.19,22.1,32.9,3.0
3104,20260106,107,5032,752.73,,31.5,0.0
3105,20250817,233,5068,406.89,33.3,31.0,3.0
3106,20260522,298,5035,235.34,94.6,34.9,2.0
3107,20260517,196,5041,591.62,38.1,30.0,
3108,20250813,232,5090,942.29,27.4,18.0,
3109,20260709,231,5070,1249.51,,21.3,0.0
3110,20260403,215,5065,,47.0,22.0,0.0
3111,20260318,225,5014,1040.18,58.7,31.7,
3112,20250813,112,5007,1368.84,82.2,24.4,2.0
3113,20251110,176,5045,265.12,57.6,25.2,0.0
3114,20260531,267,5053,268.63,83.5,25.1,
3115,20251129,150,5091,1055.18,,18.3,0.0
3116,20260729,183,5080,1231.29,45.3,18.8,0.0
3117,20260402,232,5063,378.92,43.7,23.3,0.0
3118,20260112,122,5036,943.13,20.5,18.5,0.0
3119,20251225,125,5011,1345.75,81.4,33.1,3.0
3120,20251215,143,5027,,76.7,29.5,
3121,20251110,298,5018,302.74,62.0,34.8,
3122,20260127,238,5067,466.63,81.1,33.6,2.0
3123,20260414,237,5030,,50.1,23.6,
3124,20260607,102,5040,,67.5,18.1,1.0
3125,20260102,261,5095,1251.04,10.8,33.9,0.0
3126,20250916,117,5071,1183.48,27.5,20.8,0.0
3127,20260213,154,5027,371.99,10.1,21.0,2.0
3128,20260409,272,5016,563.36,41.8,34.5,3.0
3129,20260614,262,5048,237.34,87.3,18.9,2.0
3130,20251224,299,5093,,15.5,27.6,
3131,20260403,155,5019,176.31,11.6,19.3,0.0
3132,20260320,276,5005,557.51,18.5,24.6,0.0
3133,20251127,209,5031,100.4,43.2,22.7,0.0
3134,20250918,127,5090,625.79,59.3,30.9,0.0
3135,20250902,153,5057,1365.73,10.4,24.8,0.0
3136,20260806,238,5084,849.28,68.3,33.9,1.0
3137,20260401,280,5098,715.72,34.4,21.9,0.0
3138,20260621,290,5059,791.6,77.0,24.4,0.0
3139,20251113,299,5015,614.18,,23.0,0.0
3140,20260427,212,5003,771.86,12.3,33.4,
3141,20260702,266,5064,1441.43,38.0,34.2,
3142,20251127,119,5005,1158.51,65.8,21.2,3.0
3143,20251003,292,5035,1220.04,51.6,18.1,0.0
3144,20260517,276,5036,1253.16,35.4,26.1,0.0
3145,20260705,140,5076,339.86,59.3,29.7,0.0
3146,20260531,107,5050,105.93,45.1,20.1,2.0
3147,20260530,218,5039,70.53,68.9,31.5,0.0
3148,20260317,284,5011,230.79,53.8,23.0,
3149,20260408,185,5008,624.82,59.8,25.9,0.0
3150,20260416,110,5036,563.62,35.1,30.6,1.0
3151,20260430,123,5079,1275.72,20.1,18.8,2.0
3152,20260406,119,5050,1244.26,10.5,31.0,
3153,20260810,114,5064,852.75,79.5,28.3,
3154,20251112,146,5003,1344.78,,28.8,0.0
3155,20260110,165,5049,859.5,92.0,24.2,1.0
3156,20251230,243,5050,862.32,44.7,27.4,
3157,20250822,119,5057,1444.77,58.7,28.2,0.0
3158,20260426,248,5006,1073.83,69.9,30.1,0.0
3159,20260307,159,5029,1447.3,18.4,18.1,0.0
3160,20251018,167,5027,764.84,71.1,32.1,0.0
3161,20260502,205,5049,1200.95,26.6,31.8,0.0
3162,20251030,200,5024,963.89,38.0,25.0,0.0
3163,20260221,216,5085,1388.41,23.8,,0.0
3164,20260524,262,5056,1154.96,38.2,31.7,
3165,20260707,204,5069,824.49,23.6,28.8,
3166,20260412,211,5007,424.49,30.8,20.7,0.0
3167,20260211,181,5085,633.68,23.8,25.1,0.0
3168,20260615,105,5040,340.44,66.2,21.8,0.0
3169,20260613,200,5005,691.79,93.3,28.2,0.0
3170,20260626,273,5070,430.85,89.5,19.5,
3171,20251015,131,5098,260.47,37.6,31.6,0.0
3172,20250914,237,5045,1470.53,81.2,22.1,0.0
3173,20250925,102,5004,1448.05,26.4,21.1,3.0
3174,20251112,265,5078,1474.12,48.8,19.9,0.0
3175,20260601,285,5097,1474.58,47.8,29.1,0.0
3176,20260516,259,5044,255.37,35.9,18.5,0.0
3177,20251016,117,5034,284.01,,30.0,0.0
3178,20260415,294,5097,1082.5,33.0,31.7,3.0
3179,20251210,291,5076,74.49,14.9,34.5,3.0
3180,20250911,250,5028,203.89,69.5,31.3,
3181,20251218,112,5097,930.77,70.6,24.4,0.0
3182,20260509,280,5004,417.95,52.2,34.9,
3183,20251130,119,5044,273.25,44.4,18.9,0.0
3184,20260525,192,5093,862.31,89.8,25.0,2.0
3185,20251209,229,5080,1022.01,73.4,30.6,2.0
3186,20251113,128,5056,1123.82,67.5,18.4,
3187,20251125,175,5055,273.71,60.6,23.0,0.0
3188,20260617,276,5094,1232.75,14.0,20.8,
3189,20260129,178,5095,1486.68,19.1,21.3,3.0
3190,20260623,256,5097,965.44,19.8,33.0,0.0
3191,20260311,123,5008,316.99,38.0,25.5,
3192,20260721,173,5014,1114.67,23.5,22.9,0.0
3193,20250905,296,5071,562.92,37.6,29.3,3.0
3194,20260701,213,5050,132.88,53.1,27.9,1.0
3195,20260209,198,5093,315.41,47.0,24.2,0.0
3196,20260623,202,5087,1338.22,25.4,19.5,
3197,20251227,270,5037,1489.71,47.9,23.7,3.0
3198,20251127,108,5069,539.42,,20.6,
3199,20250829,222,5060,588.81,55.8,,0.0
3200,20260618,141,5055,121.5,44.2,32.7,2.0
3201,20250929,237,5074,614.94,28.8,28.6,0.0
3202,20251022,157,5093,1258.02,93.6,28.5,0.0
3203,20260106,135,5073,971.38,33.5,32.2,2.0
3204,20260306,292,5099,1096.99,59.9,29.8,
3205,20260707,201,5067,1303.52,92.4,29.5,0.0
3206,20260124,240,5034,404.73,11.7,23.9,0.0
3207,20251203,176,5021,1289.87,87.2,24.7,0.0
3208,20260428,263,5049,216.37,40.5,20.1,
3209,20260522,137,5060,130.36,86.7,27.0,0.0
3210,20260204,177,5096,625.39,85.7,34.0,1.0
3211,20260328,274,5031,1199.83,53.1,26.9,0.0
3212,20251013,287,5017,449.88,70.1,30.0,1.0
3213,20260330,266,5002,1250.13,60.4,32.3,2.0
3214,20250811,196,5036,59.15,20.0,26.9,3.0
3215,20251118,103,5088,1020.05,56.2,31.7,
3216,20260515,242,5036,382.22,15.7,20.0,0.0
3217,20251010,243,5011,860.39,,31.9,0.0
3218,20260516,137,5032,492.09,81.7,27.4,1.0
3219,20260205,132,5099,226.94,80.3,22.2,0.0
3220,20260516,111,5070,864.44,,26.1,
3221,20250911,102,5038,265.32,61.8,19.8,
3222,20260322,247,5044,1338.29,,32.7,0.0
3223,20260329,253,5074,154.02,41.3,19.9,3.0
3224,20260104,201,5051,1173.41,69.7,19.1,
3225,20260729,238,5005,303.05,91.6,20.8,
3226,20251228,241,5079,1008.59,75.3,22.5,0.0
3227,20250823,122,5036,787.64,66.2,20.7,1.0
3228,20251021,179,5047,465.89,41.0,29.9,1.0
3229,20251224,154,5035,628.98,84.7,26.5,1.0
3230,20250815,292,5085,877.82,13.8,34.9,
3231,20251205,290,5033,1094.14,72.6,33.1,0.0
3232,20260610,286,5084,1002.43,40.0,34.4,
3233,20251018,189,5099,,44.6,25.5,
3234,20260414,155,5078,505.05,37.3,19.3,2.0
3235,20260327,206,5002,451.43,52.2,29.4,1.0
3236,20251109,266,5016,740.41,61.6,21.5,0.0
3237,20260420,232,5040,574.22,82.5,19.3,2.0
3238,20251214,137,5073,414.57,19.1,30.6,
3239,20250926,142,5085,155.45,26.0,33.2,0.0
3240,20251228,148,5042,302.71,48.2,33.0,0.0
3241,20260313,157,5034,958.0,60.4,22.5,0.0
3242,20251010,258,5023,147.57,,27.7,0.0
3243,20260607,165,5057,175.39,11.6,33.7,0.0
3244,20251127,150,5060,1467.16,36.0,29.6,3.0
3245,20251124,130,5003,438.12,38.2,24.8,0.0
3246,20260503,147,5057,162.37,45.0,23.5,
3247,20260316,272,5002,,22.1,33.4,3.0
3248,20251211,246,5060,1026.18,84.3,23.4,0.0
3249,20260630,114,5005,528.43,,18.9,0.0
3250,20260809,293,5046,443.85,83.8,24.0,0.0
3251,20251213,241,5062,875.88,18.8,30.6,0.0
3252,20260705,219,5082,1022.26,94.8,,3.0
3253,20251219,266,5072,885.54,10.0,22.3,3.0
3254,20251017,241,5028,595.16,58.4,33.2,
3255,20260722,119,5053,1477.91,85.8,29.0,
3256,20260712,175,5008,906.86,40.3,31.5,2.0
3257,20260104,272,5075,703.75,55.1,33.9,0.0
3258,20251101,118,5011,770.14,49.5,24.9,0.0
3259,20260503,165,5036,1217.04,,33.4,3.0
3260,20250927,126,5079,137.29,77.8,25.8,0.0
3261,20260505,151,5071,1214.97,19.3,24.6,0.0
3262,20260313,286,5041,1226.25,39.6,21.5,0.0
3263,20251010,249,5009,76.33,88.9,32.9,1.0
3264,20251222,225,5057,294.65,,19.9,0.0
3265,20260405,185,5024,1465.77,19.9,29.4,1.0
3266,20250823,192,5034,1016.66,27.4,25.7,0.0
3267,20260626,133,5099,153.12,42.2,27.0,0.0
3268,20251111,272,5036,1306.97,54.3,32.6,3.0
3269,20260221,268,5034,769.39,76.0,29.3,
3270,20250827,161,5064,247.14,15.2,26.9,0.0
3271,20260809,126,5017,1009.37,87.8,32.1,0.0
3272,20260409,173,5030,,26.6,19.5,3.0
3273,20260406,259,5081,156.27,49.0,20.8,0.0
3274,20250817,118,5023,342.59,67.9,33.9,0.0
3275,20260419,150,5019,403.29,16.0,34.4,
3276,20260109,182,5080,1088.86,67.1,26.0,0.0
3277,20251227,225,5084,1363.61,64.0,24.5,0.0
3278,20260226,216,5007,,85.5,34.2,2.0
3279,20260130,185,5030,721.0,59.9,25.2,3.0
3280,20251005,258,5015,871.47,71.3,18.2,0.0
3281,20260421,269,5084,708.16,10.6,19.1,0.0
3282,20260328,179,5005,102.69,94.0,19.1,0.0
3283,20251128,278,5024,1434.59,52.1,31.2,
3284,20260409,250,5088,738.12,43.2,29.0,0.0
3285,20260409,140,5065,157.58,19.0,30.5,3.0
3286,20251116,245,5057,668.23,19.9,23.4,0.0
3287,20260319,246,5075,1345.13,30.9,32.5,2.0
3288,20250929,194,5041,385.42,81.2,31.3,0.0
3289,20260610,181,5006,1206.94,61.4,30.3,0.0
3290,20250917,210,5071,1478.38,64.3,30.1,0.0
3291,20260430,144,5092,318.79,59.1,32.8,0.0
3292,20250922,102,5030,684.88,83.1,27.4,2.0
3293,20250920,181,5008,614.63,60.5,34.3,1.0
3294,20250917,164,5092,1158.73,49.7,32.5,3.0
3295,20251021,157,5034,717.55,63.8,19.3,
3296,20251022,283,5033,541.72,89.0,25.2,1.0
3297,20251114,290,5003,886.32,69.2,22.8,2.0
3298,20260217,265,5087,819.11,89.5,22.6,3.0
3299,20251022,212,5046,951.37,,29.7,0.0
3300,20260424,171,5070,990.69,82.8,23.2,0.0
3301,20251126,193,5092,659.52,28.7,29.2,
3302,20250824,135,5006,,54.3,34.8,0.0
3303,20260207,274,5077,974.23,51.3,19.2,3.0
3304,20251025,288,5031,351.61,,20.1,0.0
3305,20260717,185,5045,964.9,54.1,32.9,1.0
3306,20251209,223,5014,878.92,40.0,26.0,1.0
3307,20250811,219,5010,1377.97,80.4,32.9,0.0
3308,20260412,215,5065,1054.8,,29.2,0.0
3309,20260707,192,5057,344.37,72.4,34.0,0.0
3310,20260611,299,5015,923.8,91.9,20.5,0.0
3311,20260411,179,5066,963.45,57.7,33.5,
3312,20251003,225,5010,,62.3,,0.0
3313,20250911,242,5031,497.71,43.7,20.2,1.0
3314,20260213,128,5027,94.77,65.4,34.2,0.0
3315,20260501,145,5042,793.12,56.4,19.1,0.0
3316,20250916,266,5074,1101.37,75.2,25.2,0.0
3317,20251111,256,5048,888.42,76.0,34.9,0.0
3318,20251102,121,5088,535.56,92.4,23.0,1.0
3319,20260806,172,5054,388.1,49.7,30.6,0.0
3320,20251126,136,5010,259.86,69.2,31.5,0.0
3321,20260126,238,5083,279.88,14.3,25.2,3.0
3322,20250915,151,5055,899.84,87.3,26.7,0.0
3323,20251012,168,5037,560.36,58.3,24.8,2.0
3324,20250824,288,5019,84.1,64.8,21.8,1.0
3325,20251124,261,5004,556.2,50.0,31.7,1.0
3326,20260530,120,5042,1220.95,52.2,34.0,0.0
3327,20251202,287,5078,444.82,,31.8,0.0
3328,20260507,120,5047,460.04,59.5,19.7,0.0
3329,20250913,105,5043,978.12,62.0,29.9,1.0
3330,20260514,230,5053,1209.33,,28.4,0.0
3331,20250826,262,5084,461.93,71.9,22.0,
3332,20260617,108,5048,59.99,80.0,33.6,
3333,20260409,249,5061,122.42,76.5,25.2,0.0
3334,20251011,249,5038,,36.6,23.4,0.0
3335,20251218,204,5080,1453.85,68.1,19.1,0.0
3336,20260117,297,5004,723.19,64.6,30.8,
3337,20260325,252,5021,,31.5,22.9,2.0
3338,20260627,155,5048,839.9,78.0,22.4,3.0
3339,20250913,110,5006,1155.65,33.6,21.2,
3340,20260604,242,5038,769.8,82.2,33.7,2.0
3341,20251015,167,5020,481.73,13.7,19.7,0.0
3342,20260103,240,5076,699.35,44.3,25.4,0.0
3343,20260728,239,5004,702.7,87.0,32.7,0.0
3344,20251117,221,5014,498.79,24.5,27.9,3.0
3345,20251229,268,5078,1414.44,46.2,23.3,0.0
3346,20260617,299,5028,658.69,42.8,25.3,0.0
3347,20260529,139,5041,341.89,75.6,31.2,0.0
3348,20260404,194,5066,1341.26,39.2,29.0,0.0
3349,20260528,201,5092,668.61,65.6,22.9,0.0
3350,20250920,158,5100,1486.38,35.3,19.6,0.0
3351,20260421,298,5095,422.55,48.4,33.0,3.0
3352,20250831,251,5066,529.41,40.1,26.1,3.0
3353,20260720,288,5075,83.43,58.3,35.0,
3354,20251007,175,5092,404.18,,29.1,2.0
3355,20260109,135,5045,506.37,12.6,33.8,0.0
3356,20260314,219,5028,369.86,78.0,28.9,3.0
3357,20260530,229,5049,338.81,32.0,22.9,1.0
3358,20260415,231,5075,903.85,,25.2,2.0
3359,20251015,124,5005,609.88,65.4,33.0,0.0
3360,20251226,202,5085,444.98,53.8,22.1,0.0
3361,20251219,194,5093,668.61,,19.8,3.0
3362,20250820,229,5020,320.38,53.8,29.6,
3363,20260417,103,5049,,,34.1,
3364,20260612,270,5098,164.66,,27.2,0.0
3365,20260801,162,5084,1329.96,,32.4,0.0
3366,20250926,258,5011,869.88,73.0,18.8,0.0
3367,20260712,276,5010,569.24,49.3,26.2,0.0
3368,20250920,143,5029,875.5,61.5,25.3,0.0
3369,20260107,294,5073,601.23,76.5,32.2,3.0
3370,20250826,232,5065,515.59,92.1,30.7,3.0
3371,20251113,136,5074,121.84,40.9,25.7,0.0
3372,20251203,215,5081,587.89,82.7,24.4,0.0
3373,20260424,141,5071,725.63,48.3,19.9,0.0
3374,20260415,146,5094,61.54,74.3,31.6,0.0
3375,20260517,245,5054,583.61,88.4,27.0,0.0
3376,20260309,245,5069,209.68,,34.7,0.0
3377,20260304,269,5094,817.07,45.4,22.7,1.0
3378,20260802,138,5016,720.88,93.8,29.8,0.0
3379,20260412,289,5068,1027.91,56.9,23.5,0.0
3380,20251211,288,5007,668.52,42.2,32.6,0.0
3381,20260217,224,5078,,54.7,22.7,3.0
3382,20260423,192,5061,163.63,94.7,22.8,0.0
3383,20250913,111,5085,505.32,28.5,23.2,
3384,20260409,157,5068,,36.1,26.5,2.0
3385,20251108,295,5067,810.55,13.3,22.0,0.0
3386,20251214,225,5057,1282.41,81.5,29.9,
3387,20260414,160,5041,,68.9,24.3,0.0
3388,20251228,117,5035,1157.0,14.8,29.1,
3389,20260613,168,5025,937.0,47.6,29.1,
3390,20260302,195,5074,555.59,66.9,28.3,0.0
3391,20260806,160,5038,458.45,78.5,22.2,1.0
3392,20250829,111,5032,1003.32,81.4,30.9,
3393,20260402,272,5043,409.62,49.6,26.1,1.0
3394,20251006,153,5032,1459.94,43.0,19.6,2.0
3395,20260616,233,5099,1142.89,,25.3,2.0
3396,20260617,193,5047,1318.26,68.3,31.1,
3397,20260624,200,5030,1416.04,83.1,20.7,0.0
3398,20250906,221,5059,473.63,36.9,34.2,
3399,20260205,217,5041,371.04,12.2,32.2,0.0
3400,20251106,112,5096,1078.1,63.2,19.3,
3401,20260731,111,5015,1189.07,51.8,31.7,0.0
3402,20250828,267,5089,1197.98,55.4,29.9,
3403,20251030,183,5031,492.76,,31.5,
3404,20260402,127,5057,225.9,23.3,23.4,0.0
3405,20260104,281,5094,875.61,26.2,22.3,
3406,20251104,234,5053,925.05,70.8,18.1,0.0
3407,20260125,263,5047,404.65,,27.6,1.0
3408,20260530,171,5011,930.82,34.0,26.1,0.0
3409,20260121,290,5046,1258.99,30.1,19.4,2.0
3410,20260619,168,5072,1419.89,26.1,30.7,0.0
3411,20260120,249,5065,424.79,,26.8,0.0
3412,20250922,240,5010,888.56,61.3,28.6,0.0
3413,20260208,246,5047,463.38,21.0,27.5,2.0
3414,20260406,145,5084,883.63,57.1,29.8,
3415,20250916,197,5062,440.98,68.0,22.6,
3416,20260107,268,5078,644.38,13.7,18.3,3.0
3417,20260301,197,5030,74.91,25.9,28.5,0.0
3418,20250810,194,5058,1150.65,17.4,20.9,0.0
3419,20250912,251,5054,1263.32,95.0,18.4,0.0
3420,20260319,268,5030,1064.43,21.8,30.3,0.0
3421,20260324,120,5073,298.44,79.8,29.2,0.0
3422,20251129,233,5017,375.57,78.1,24.0,1.0
3423,20260212,165,5069,910.32,36.8,28.2,
3424,20251024,197,5032,775.73,23.5,26.2,0.0
3425,20260412,158,5100,236.04,,27.7,3.0
3426,20260723,233,5053,1098.28,,26.5,3.0
3427,20251220,204,5087,1099.14,70.4,27.0,3.0
3428,20250829,191,5075,366.86,78.8,25.6,0.0
3429,20251030,189,5086,884.65,34.2,20.6,0.0
3430,20260123,225,5018,1235.48,48.3,24.8,
3431,20260303,224,5078,981.69,32.3,18.8,0.0
3432,20260324,255,5034,1329.39,68.6,34.1,1.0
3433,20260130,102,5037,894.82,26.0,30.6,1.0
3434,20260407,229,5044,1403.95,,28.3,0.0
3435,20260429,136,5041,194.65,30.9,28.8,
3436,20250920,213,5016,278.66,51.0,20.9,
3437,20260514,143,5011,1452.64,16.4,19.3,
3438,20251030,159,5053,1496.67,46.0,34.0,2.0
3439,20251212,120,5054,1152.36,62.1,19.6,2.0
3440,20260609,232,5065,696.04,85.3,28.1,1.0
3441,20260728,265,5019,138.75,59.7,32.7,1.0
3442,20251124,172,5074,301.34,70.4,18.6,
3443,20260217,155,5064,1297.61,36.7,29.7,
3444,20260423,139,5081,1154.44,39.3,30.3,0.0
3445,20250826,148,5099,744.45,48.4,33.3,
3446,20251009,141,5026,486.97,94.0,32.1,0.0
3447,20250930,193,5024,1284.86,87.6,31.4,0.0
3448,20260429,255,5059,554.23,22.6,21.0,3.0
3449,20260501,284,5002,466.24,13.5,26.3,1.0
3450,20250918,131,5022,1079.15,19.7,29.0,1.0
3451,20260321,270,5016,648.56,31.4,33.2,0.0
3452,20251017,159,5054,538.18,26.5,18.4,0.0
3453,20260716,207,5034,1210.51,92.8,34.6,1.0
3454,20251231,185,5098,241.27,32.6,34.9,0.0
3455,20260124,285,5071,1177.73,89.3,30.7,0.0
3456,20260522,130,5092,104.07,40.6,18.9,3.0
3457,20260429,224,5061,64.73,,26.5,2.0
3458,20250918,273,5096,487.57,50.0,21.4,1.0
3459,20260108,223,5013,871.69,43.3,31.0,0.0
3460,20260715,223,5017,1279.97,75.1,,0.0
3461,20260612,154,5005,603.18,19.2,29.4,
3462,20260313,252,5056,142.93,57.9,20.0,3.0
3463,20260519,142,5004,1099.13,88.8,33.9,2.0
3464,20260121,266,5089,374.0,60.8,23.6,
3465,20260407,206,5022,129.18,91.3,20.4,0.0
3466,20260725,106,5010,89.71,22.5,27.4,0.0
3467,20250928,163,5017,1351.0,67.5,31.2,0.0
3468,20260208,112,5066,1318.23,74.2,33.0,0.0
3469,20260220,133,5068,204.62,11.2,21.6,2.0
3470,20250827,247,5050,1179.24,45.6,34.2,
3471,20260718,252,5055,345.86,12.5,21.2,2.0
3472,20260613,142,5046,1302.47,72.5,24.6,2.0
3473,20260202,135,5017,533.31,18.8,26.5,0.0
3474,20260212,262,5052,620.55,23.1,23.9,0.0
3475,20260713,232,5090,566.55,83.9,32.0,
3476,20251013,111,5072,1075.12,87.0,30.0,
3477,20260309,247,5031,617.83,56.0,21.6,0.0
3478,20260504,138,5092,529.61,30.1,32.5,0.0
3479,20250925,115,5038,539.2,70.4,34.0,0.0
3480,20251229,143,5016,1032.43,12.2,33.2,0.0
3481,20260317,167,5044,733.46,42.8,20.1,1.0
3482,20260629,147,5044,53.36,34.1,21.0,2.0
3483,20260210,233,5076,1412.88,57.4,25.8,0.0
3484,20251228,204,5078,1457.74,40.0,20.0,2.0
3485,20260803,254,5079,164.38,67.1,34.4,0.0
3486,20260711,245,5014,881.81,89.6,19.6,3.0
3487,20260516,264,5093,366.68,41.5,22.7,1.0
3488,20251118,105,5006,149.74,37.5,21.0,0.0
3489,20260728,285,5010,1073.43,,29.1,0.0
3490,20260731,287,5095,851.2,59.4,26.4,2.0
3491,20260122,270,5046,324.27,14.3,20.4,
3492,20250927,173,5058,1058.86,92.4,23.4,0.0
3493,20260108,122,5053,625.0,28.0,26.4,0.0
3494,20260423,156,5081,370.87,38.3,29.9,3.0
3495,20260510,215,5058,155.09,10.6,32.7,3.0
3496,20251127,256,5095,1405.1,52.4,21.1,1.0
3497,20260423,221,5056,848.56,75.3,31.3,2.0
3498,20260621,224,5038,119.68,61.5,29.5,0.0
3499,20260427,144,5097,346.82,67.1,23.3,0.0
3500,20260718,157,5062,1340.86,88.4,20.6,0.0
3501,20260329,206,5090,326.22,28.4,28.4,0.0
3502,20251022,254,5018,640.72,64.9,21.1,
3503,20260326,137,5094,1402.54,51.5,25.5,3.0
3504,20251124,250,5024,1124.25,82.9,22.1,0.0
3505,20251214,297,5093,98.55,26.3,26.2,3.0
3506,20260413,147,5099,,71.5,19.9,
3507,20260804,260,5076,499.54,15.2,29.0,
3508,20260404,269,5066,474.49,,25.7,3.0
3509,20260726,231,5011,434.43,44.9,28.5,3.0
3510,20260210,168,5020,351.47,12.5,28.5,0.0
3511,20260421,143,5001,206.28,25.1,20.4,3.0
3512,20251205,286,5076,486.82,73.1,18.9,0.0
3513,20250921,276,5076,1011.76,30.8,32.6,1.0
3514,20251216,188,5048,1085.6,58.1,23.6,
3515,20260201,217,5087,652.74,,27.6,0.0
3516,20260306,253,5084,1125.1,93.6,29.3,2.0
3517,20260411,252,5059,1028.46,81.0,32.4,2.0
3518,20260109,118,5049,1004.15,90.6,23.6,3.0
3519,20260510,159,5042,1183.07,46.0,34.2,0.0
3520,20260613,197,5057,833.39,,,
3521,20251122,199,5023,90.63,11.5,31.7,0.0
3522,20260616,134,5066,850.64,90.5,18.0,0.0
3523,20260601,128,5093,1357.33,25.6,31.0,0.0
3524,20260217,105,5076,1426.83,15.3,24.2,0.0
3525,20250819,152,5036,505.0,47.8,29.7,0.0
3526,20251002,234,5099,1076.38,90.7,30.6,0.0
3527,20260412,230,5013,254.26,67.5,27.3,2.0
3528,20251022,276,5030,1297.52,44.0,26.4,0.0
3529,20260511,208,5039,603.07,48.9,31.6,0.0
3530,20251007,139,5064,894.72,61.5,30.0,2.0
3531,20251122,256,5044,122.68,46.7,21.8,1.0
3532,20251109,125,5007,1334.88,89.8,23.0,2.0
3533,20260613,146,5073,998.04,49.3,31.3,3.0
3534,20260419,222,5067,987.62,88.0,26.3,2.0
3535,20251126,258,5068,1459.8,15.7,25.8,
3536,20260512,254,5075,685.32,39.0,23.9,3.0
3537,20250821,110,5066,464.77,19.2,20.5,0.0
3538,20260603,237,5055,725.43,13.3,26.8,0.0
3539,20250916,229,5037,323.07,27.6,28.7,0.0
3540,20260623,293,5042,104.43,82.1,25.2,0.0
3541,20260507,131,5050,351.37,31.5,29.6,
3542,20260622,124,5041,511.88,62.0,33.4,0.0
3543,20260508,224,5097,,48.9,20.2,
3544,20260303,269,5023,828.01,60.9,20.5,1.0
3545,20251104,134,5019,1197.49,86.0,22.1,2.0
3546,20260524,255,5006,581.59,87.6,,0.0
3547,20260529,239,5095,118.05,42.5,29.2,0.0
3548,20251123,101,5094,284.88,71.9,28.8,0.0
3549,20260410,299,5027,860.67,,22.1,
3550,20260715,274,5056,1419.26,26.5,21.5,0.0
3551,20251229,267,5067,662.08,30.2,19.8,0.0
3552,20260726,211,5036,540.59,68.3,26.1,0.0
3553,20260802,234,5074,700.26,29.7,21.2,
3554,20251202,208,5079,538.32,,34.1,1.0
3555,20260228,195,5041,1314.6,82.7,29.5,3.0
3556,20250814,112,5013,1387.31,16.2,21.0,1.0
3557,20251109,279,5045,281.25,60.7,22.4,
3558,20260325,236,5037,341.51,59.1,34.6,0.0
3559,20260522,210,5022,804.46,42.1,22.7,1.0
3560,20260624,159,5016,272.31,65.1,26.9,0.0
3561,20260609,224,5037,1200.15,22.5,31.2,
3562,20260709,297,5036,63.51,10.2,22.9,0.0
3563,20260424,198,5063,73.55,,30.4,0.0
3564,20260404,190,5057,528.77,12.1,19.8,3.0
3565,20260513,251,5029,881.74,17.2,21.6,0.0
3566,20260226,290,5022,206.32,,32.0,1.0
3567,20260318,295,5037,346.4,45.5,,
3568,20260521,279,5034,,,21.9,
3569,20260728,248,5078,81.85,86.3,20.9,3.0
3570,20251125,126,5097,336.04,20.7,18.6,2.0
3571,20251013,209,5014,642.02,22.4,26.2,0.0
3572,20260416,135,5030,689.41,29.8,22.2,0.0
3573,20251017,166,5086,1114.39,49.4,30.8,
3574,20251012,223,5036,228.14,73.6,33.1,0.0
3575,20260214,297,5019,1356.31,25.5,32.6,
3576,20251226,160,5013,1185.8,76.2,26.1,0.0
3577,20260113,122,5027,579.54,36.8,34.0,2.0
3578,20260301,173,5071,,62.7,30.9,1.0
3579,20250926,254,5066,684.43,37.6,30.2,
3580,20260311,240,5097,668.96,,23.2,0.0
3581,20251111,205,5022,1175.06,55.5,27.9,
3582,20251208,166,5004,934.03,47.8,32.2,0.0
3583,20260426,149,5077,553.69,24.2,,0.0
3584,20251005,102,5006,1230.05,56.5,18.2,1.0
3585,20251005,282,5070,411.23,22.3,27.0,1.0
3586,20251206,291,5069,1135.17,44.0,24.0,2.0
3587,20250828,102,5025,301.66,,32.9,
3588,20260717,248,5001,980.54,68.9,34.3,0.0
3589,20260323,234,5063,355.38,54.1,21.5,0.0
3590,20260409,131,5004,163.45,69.0,28.5,0.0
3591,20260205,234,5048,1360.09,73.1,20.1,3.0
3592,20260307,102,5027,1369.84,91.6,34.1,1.0
3593,20251219,197,5037,1115.34,93.4,19.9,0.0
3594,20260523,268,5074,856.39,24.2,31.9,0.0
3595,20251204,153,5055,424.56,93.0,30.6,0.0
3596,20251029,277,5094,757.07,57.0,21.2,3.0
3597,20251016,181,5057,390.73,86.6,24.4,1.0
3598,20250903,205,5067,364.34,32.0,18.9,0.0
3599,20260210,193,5017,1089.27,69.8,18.1,0.0
3600,20260109,128,5059,1428.6,41.1,34.9,1.0
3601,20260222,140,5038,241.12,59.3,28.1,
3602,20250912,210,5015,234.23,21.7,25.6,0.0
3603,20251029,267,5092,479.21,84.9,24.3,0.0
3604,20251027,250,5091,148.75,51.7,28.6,0.0
3605,20251209,165,5016,1459.7,,19.3,0.0
3606,20251220,167,5057,893.22,,25.6,0.0
3607,20251028,238,5056,1125.03,79.6,27.2,3.0
3608,20260512,209,5064,1499.13,79.9,22.6,0.0
3609,20260220,245,5034,,65.0,28.2,0.0
3610,20260809,194,5012,181.76,85.3,27.5,1.0
3611,20260607,257,5018,1090.66,90.8,31.1,0.0
3612,20260804,171,5036,1438.54,47.4,22.2,
3613,20250813,275,5094,1009.78,69.1,18.1,0.0
3614,20260411,202,5086,241.98,31.9,25.6,0.0
3615,20260120,294,5015,125.57,79.4,22.7,0.0
3616,20260707,153,5046,591.28,39.1,29.1,0.0
3617,20260322,206,5011,687.05,40.8,33.1,
3618,20260325,242,5096,1324.08,28.5,31.7,0.0
3619,20260726,243,5029,,56.8,27.2,0.0
3620,20260416,224,5094,1255.42,69.1,19.6,0.0
3621,20251205,146,5010,1007.8,49.9,31.5,0.0
3622,20260711,195,5042,842.37,56.5,25.6,0.0
3623,20260721,244,5021,1107.99,55.6,29.4,0.0
3624,20251229,243,5065,1439.74,11.2,27.8,
3625,20260223,224,5043,1255.96,10.3,24.7,3.0
3626,20251121,165,5036,740.62,69.2,23.2,0.0
3627,20260709,179,5059,972.29,61.5,24.2,0.0
3628,20260606,248,5081,768.03,45.4,23.2,0.0
3629,20251225,189,5095,,50.7,25.5,
3630,20260530,299,5066,650.18,48.9,26.3,
3631,20260120,281,5087,952.33,83.7,34.7,0.0
3632,20250826,202,5100,1256.99,94.5,18.3,3.0
3633,20260704,289,5010,1406.79,17.3,33.5,0.0
3634,20251019,136,5091,315.17,86.9,33.6,0.0
3635,20260214,269,5089,432.38,53.7,23.5,0.0
3636,20260723,131,5041,610.16,61.6,34.0,0.0
3637,20251010,292,5005,977.74,91.0,26.8,0.0
3638,20260725,159,5056,379.72,,32.5,0.0
3639,20260222,215,5013,1314.98,,33.6,0.0
3640,20250812,280,5091,689.02,43.9,27.4,0.0
3641,20250902,142,5067,1193.5,15.2,19.7,3.0
3642,20260412,126,5041,730.28,60.9,20.1,0.0
3643,20260520,155,5025,265.09,53.6,26.7,3.0
3644,20260622,231,5072,783.39,94.1,29.4,1.0
3645,20260112,203,5085,1400.14,86.0,31.8,0.0
3646,20250917,187,5081,310.82,68.4,27.6,0.0
3647,20260222,241,5005,509.15,16.1,30.7,3.0
3648,20260424,258,5082,108.15,64.7,26.8,
3649,20260802,279,5081,1435.89,42.1,23.5,0.0
3650,20260520,276,5002,1183.81,20.2,31.7,
3651,20260403,281,5032,547.7,12.3,20.3,3.0
3652,20260719,114,5018,621.59,,33.5,0.0
3653,20260510,142,5076,823.98,83.6,22.8,2.0
3654,20251005,200,5049,1083.29,16.3,26.2,0.0
3655,20260125,263,5029,1376.54,53.9,34.6,1.0
3656,20251209,102,5087,1100.83,46.1,31.0,
3657,20250911,124,5026,263.78,38.4,34.3,
3658,20250829,138,5034,408.74,71.9,26.8,3.0
3659,20260527,221,5061,411.2,43.8,30.5,0.0
3660,20260302,254,5020,322.06,53.8,21.7,2.0
3661,20260308,212,5063,881.43,77.6,19.2,
3662,20251101,123,5024,1413.71,16.3,24.3,3.0
3663,20251112,117,5094,1201.92,81.3,31.1,0.0
3664,20251230,168,5064,194.61,64.5,19.7,2.0
3665,20260328,157,5037,172.58,42.1,33.0,2.0
3666,20260115,195,5017,1470.02,,31.7,1.0
3667,20250816,121,5026,222.88,92.4,22.0,0.0
3668,20260413,256,5082,713.94,59.1,30.6,3.0
3669,20260221,110,5012,794.59,41.3,25.6,0.0
3670,20260401,286,5067,391.77,15.4,18.3,1.0
3671,20260324,199,5093,552.65,49.6,25.0,0.0
3672,20260513,203,5096,1048.12,,29.6,
3673,20260312,258,5028,653.1,86.3,26.4,0.0
3674,20260423,268,5001,1381.41,84.8,29.0,0.0
3675,20250905,234,5056,940.58,74.7,29.3,3.0
3676,20260715,174,5009,1020.93,94.7,24.8,0.0
3677,20250917,283,5063,1341.74,21.4,31.0,0.0
3678,20260525,253,5072,1353.27,68.2,22.0,0.0
3679,20251128,115,5079,708.9,30.2,19.7,0.0
3680,20250910,299,5027,121.75,41.7,31.4,1.0
3681,20260517,145,5091,1245.35,68.3,19.2,3.0
3682,20260117,264,5023,472.45,17.1,25.3,0.0
3683,20260101,227,5005,102.28,43.9,19.6,1.0
3684,20260408,213,5054,962.46,11.5,19.8,0.0
3685,20260130,103,5089,377.03,59.0,34.4,
3686,20260221,152,5034,269.02,17.3,23.7,0.0
3687,20250928,269,5079,200.18,62.4,30.6,
3688,20251231,233,5049,1458.86,67.9,18.4,3.0
3689,20260528,174,5081,945.01,57.3,22.2,
3690,20260225,150,5075,1056.95,54.4,21.5,0.0
3691,20260727,109,5031,308.39,10.2,19.9,0.0
3692,20251001,254,5082,511.59,69.7,21.2,3.0
3693,20260414,231,5045,1334.34,50.1,29.6,0.0
3694,20260710,233,5062,1158.26,68.8,21.9,
3695,20260527,279,5068,,76.3,26.4,0.0
3696,20260503,160,5085,300.36,68.2,19.3,1.0
3697,20251224,258,5024,256.05,51.3,25.9,2.0
3698,20260723,144,5039,763.73,86.4,31.2,1.0
3699,20260228,273,5030,612.33,41.2,21.7,
3700,20260301,110,5038,419.06,,27.7,
3701,20250924,193,5086,369.45,49.7,29.1,
3702,20250811,162,5063,708.89,18.8,18.5,0.0
3703,20260316,268,5063,287.15,90.7,19.7,3.0
3704,20260222,101,5081,573.04,50.1,27.2,2.0
3705,20260722,141,5051,469.43,34.2,20.3,
3706,20251129,123,5077,259.3,34.2,18.9,0.0
3707,20260510,171,5046,594.74,29.1,18.2,0.0
3708,20260706,300,5070,596.48,92.9,34.7,0.0
3709,20251213,203,5062,514.73,59.2,24.3,
3710,20260108,191,5038,1225.82,72.2,20.2,
3711,20260403,272,5013,907.1,60.8,26.1,0.0
3712,20260213,202,5029,986.77,48.5,31.7,0.0
3713,20251007,204,5015,1282.5,22.9,24.6,0.0
3714,20251029,251,5097,328.92,87.5,32.1,0.0
3715,20260611,152,5098,333.18,45.0,25.6,0.0
3716,20251020,233,5037,1117.11,66.9,29.8,3.0
3717,20251015,104,5054,1053.92,37.8,20.2,0.0
3718,20260529,289,5058,1233.86,15.7,25.3,2.0
3719,20260617,281,5042,343.42,13.0,,0.0
3720,20260617,118,5032,470.35,80.4,26.1,
3721,20260717,124,5085,487.96,88.6,20.5,2.0
3722,20260808,241,5055,1321.95,14.4,32.9,0.0
3723,20260125,173,5015,1258.6,49.9,33.7,2.0
3724,20260227,286,5023,491.86,79.3,19.0,0.0
3725,20251124,244,5060,1268.9,,25.2,0.0
3726,20250903,250,5041,773.69,,23.6,3.0
3727,20250914,190,5085,918.87,12.4,20.3,
3728,20260502,189,5015,1387.55,25.0,29.2,1.0
3729,20260204,171,5045,,41.6,18.4,
3730,20251209,158,5090,723.71,22.6,30.2,
3731,20250925,256,5051,1216.44,66.5,21.7,0.0
3732,20260406,150,5091,64.97,58.1,31.7,3.0
3733,20250915,217,5017,592.58,23.9,34.0,3.0
3734,20260324,204,5100,1040.52,74.8,28.6,0.0
3735,20260705,248,5062,,63.3,20.0,0.0
3736,20251204,102,5063,1042.31,69.8,18.4,
3737,20260121,167,5077,153.49,,25.7,3.0
3738,20260323,145,5053,1160.83,12.8,20.7,
3739,20251129,205,5088,504.17,11.0,33.3,2.0
3740,20260311,230,5031,1192.63,67.3,30.4,0.0
3741,20260304,128,5004,699.88,62.7,28.6,0.0
3742,20251221,244,5038,423.2,85.3,26.1,
3743,20251203,119,5035,1067.89,41.0,31.8,0.0
3744,20260113,229,5065,313.41,63.1,34.5,3.0
3745,20250811,176,5028,669.35,61.3,18.4,0.0
3746,20251108,188,5053,1004.0,32.9,22.0,0.0
3747,20251030,130,5008,281.94,,29.8,1.0
3748,20260507,232,5072,,68.9,29.9,0.0
3749,20260116,166,5099,1124.57,66.4,18.2,0.0
3750,20260613,238,5042,650.47,,34.6,0.0
3751,20250928,248,5034,438.61,64.4,19.7,0.0
3752,20260505,165,5087,705.91,,28.3,1.0
3753,20260627,278,5041,772.11,45.9,31.6,3.0
3754,20260126,214,5053,512.41,60.6,,
3755,20251219,197,5051,,73.6,25.0,
3756,20251129,245,5057,1372.47,48.4,32.6,0.0
3757,20260227,224,5055,872.5,36.3,33.9,0.0
3758,20251013,298,5052,75.43,80.7,30.7,0.0
3759,20260320,163,5034,166.8,24.2,22.7,0.0
3760,20260614,294,5007,629.08,22.9,25.4,2.0
3761,20260620,187,5035,836.97,66.4,34.2,3.0
3762,20250930,299,5063,255.55,67.8,25.6,0.0
3763,20260223,218,5094,926.65,74.9,34.9,0.0
3764,20251114,275,5029,,31.9,29.8,3.0
3765,20260630,218,5044,584.88,65.1,27.2,0.0
3766,20250906,251,5082,1101.44,14.8,19.4,0.0
3767,20250906,108,5006,278.62,17.1,30.4,0.0
3768,20250816,224,5040,909.17,34.2,22.5,0.0
3769,20260211,130,5058,219.69,39.7,34.9,0.0
3770,20250821,167,5053,517.74,71.1,18.6,
3771,20260310,118,5029,1303.79,47.5,23.3,
3772,20260105,198,5074,1396.96,13.3,18.9,3.0
3773,20260313,263,5022,645.24,77.4,34.3,0.0
3774,20260707,157,5069,110.96,67.8,24.1,
3775,20260227,274,5027,907.55,41.1,19.4,
3776,20260224,280,5100,507.92,,,0.0
3777,20260810,159,5081,1014.02,94.6,24.3,0.0
3778,20260129,181,5015,893.27,30.3,29.7,0.0
3779,20260520,206,5079,387.26,89.7,23.5,
3780,20251221,191,5079,404.33,93.6,26.2,0.0
3781,20251030,233,5043,1019.14,75.2,34.8,0.0
3782,20260519,238,5017,1227.93,,18.2,
3783,20260505,103,5078,986.34,77.1,31.4,0.0
3784,20251124,280,5070,299.92,,18.8,
3785,20260127,168,5003,952.51,43.6,30.4,2.0
3786,20260212,164,5093,480.16,58.7,29.0,0.0
3787,20260102,174,5003,1157.72,76.6,31.6,1.0
3788,20260209,124,5049,310.83,61.7,28.2,0.0
3789,20260409,203,5012,675.62,42.2,28.1,0.0
3790,20260616,273,5100,160.2,19.8,22.1,3.0
3791,20260601,292,5091,1011.71,67.5,33.7,0.0
3792,20260322,188,5043,954.08,42.0,18.4,3.0
3793,20251009,120,5046,89.25,88.0,21.8,0.0
3794,20260214,242,5099,1019.79,,22.4,0.0
3795,20260120,146,5099,542.48,37.2,28.7,3.0
3796,20251014,222,5071,332.07,52.2,23.2,0.0
3797,20260723,181,5009,1099.58,17.5,18.6,0.0
3798,20260408,191,5084,373.4,77.6,30.5,2.0
3799,20260730,156,5007,830.55,35.6,27.2,3.0
3800,20260506,247,5067,1284.43,65.9,24.6,0.0
3801,20260202,169,5027,113.23,78.0,26.1,2.0
3802,20251219,147,5047,882.15,54.3,27.7,
3803,20251029,292,5069,1284.92,62.3,32.3,0.0
3804,20260204,275,5026,375.45,43.2,31.3,1.0
3805,20250902,149,5021,1290.53,53.3,22.6,3.0
3806,20251223,228,5069,143.14,33.4,25.4,0.0
3807,20250825,289,5051,981.43,60.0,23.3,0.0
3808,20251024,152,5092,306.33,13.0,22.4,0.0
3809,20260708,161,5030,,15.0,34.6,0.0
3810,20251220,289,5038,1427.15,91.3,18.2,0.0
3811,20260128,162,5021,300.7,77.7,33.1,
3812,20260123,168,5048,160.59,52.8,18.6,0.0
3813,20250826,153,5043,1136.32,24.5,23.0,1.0
3814,20260803,159,5053,791.47,72.4,25.0,0.0
3815,20251206,152,5028,1371.96,67.3,32.4,
3816,20260424,164,5071,213.35,47.8,22.3,0.0
3817,20260216,259,5094,,32.6,25.9,0.0
3818,20260609,192,5032,272.8,12.3,27.0,0.0
3819,20260611,140,5002,681.39,62.5,21.6,0.0
3820,20251114,300,5005,654.88,57.4,30.4,
3821,20260225,128,5003,774.28,27.8,27.1,3.0
3822,20251012,131,5097,632.12,32.0,25.5,
3823,20260406,121,5068,1345.76,75.0,20.9,0.0
3824,20251221,274,5014,200.77,37.0,24.9,0.0
3825,20260406,270,5065,,92.8,22.8,2.0
3826,20260611,227,5051,819.72,72.6,33.2,2.0
3827,20260215,258,5063,430.11,19.3,27.9,0.0
3828,20251225,102,5006,828.99,86.6,20.4,
3829,20260708,296,5021,614.72,17.7,22.8,3.0
3830,20260214,239,5037,1483.79,,25.2,3.0
3831,20251217,111,5039,1137.61,87.4,23.4,3.0
3832,20260623,224,5004,1263.9,54.0,25.2,1.0
3833,20260204,196,5030,1026.89,78.1,19.4,1.0
3834,20260202,259,5081,111.74,83.2,21.3,0.0
3835,20260319,181,5099,612.99,91.8,18.7,0.0
3836,20260209,227,5089,876.53,31.3,26.0,0.0
3837,20250929,248,5032,778.59,67.6,23.6,0.0
3838,20251009,171,5005,1402.03,86.3,19.3,0.0
3839,20250907,226,5035,691.25,,34.8,0.0
3840,20260402,147,5096,810.41,66.8,19.9,0.0
3841,20251026,296,5016,404.6,71.8,29.3,0.0
3842,20251017,231,5049,504.83,60.7,19.8,0.0
3843,20251220,172,5084,524.57,79.6,31.8,3.0
3844,20260429,202,5052,1118.29,16.5,24.0,0.0
3845,20250922,157,5017,612.19,40.3,29.6,0.0
3846,20251102,293,5095,632.5,59.0,24.3,
3847,20260602,248,5035,1421.31,20.0,27.5,
3848,20260430,133,5011,628.98,66.6,20.0,0.0
3849,20260202,114,5010,500.65,14.4,27.6,0.0
3850,20260201,235,5010,1130.77,66.0,28.2,0.0
3851,20251026,209,5065,913.9,71.5,23.2,
3852,20251008,223,5093,1100.12,26.9,19.9,3.0
3853,20260611,239,5091,365.68,33.4,34.0,2.0
3854,20250818,109,5098,1004.83,89.6,25.5,2.0
3855,20250825,229,5094,212.1,55.2,32.2,2.0
3856,20260307,189,5054,254.32,84.6,32.5,2.0
3857,20251007,201,5003,1398.73,13.4,31.2,0.0
3858,20260328,276,5002,1222.56,23.3,22.4,0.0
3859,20250824,299,5096,309.62,65.8,28.7,
3860,20260307,145,5070,330.3,45.6,29.6,0.0
3861,20250830,218,5078,74.81,23.2,26.2,
3862,20251112,131,5020,1050.76,62.4,31.7,0.0
3863,20251014,279,5013,115.93,90.6,32.6,0.0
3864,20260726,233,5095,286.49,66.3,34.5,0.0
3865,20260317,218,5076,416.76,21.4,29.2,0.0
3866,20260304,181,5051,364.59,38.5,32.9,2.0
3867,20250816,277,5025,1460.24,,31.9,2.0
3868,20260430,103,5078,458.04,56.5,32.2,0.0
3869,20260409,104,5040,754.12,23.9,19.7,0.0
3870,20251121,273,5042,791.07,58.8,18.7,3.0
3871,20250910,154,5055,1325.96,83.9,34.4,2.0
3872,20260121,198,5066,1170.1,88.8,21.9,0.0
3873,20260808,249,5096,1065.03,88.3,32.0,1.0
3874,20260623,126,5003,212.28,56.6,29.9,
3875,20251011,184,5039,733.04,18.7,20.1,0.0
3876,20260609,193,5036,941.75,61.8,25.8,2.0
3877,20260317,257,5059,272.47,92.3,26.0,1.0
3878,20260527,167,5026,1152.51,82.6,20.8,
3879,20260606,148,5013,902.78,78.4,23.2,3.0
3880,20251015,241,5034,911.39,50.0,24.4,1.0
3881,20260408,168,5084,938.8,68.1,25.0,
3882,20251114,161,5074,884.28,61.8,22.3,1.0
3883,20260502,169,5061,813.93,55.9,23.0,3.0
3884,20251213,221,5049,994.95,48.0,24.5,1.0
3885,20260122,257,5038,794.85,42.9,25.1,0.0
3886,20260314,188,5055,338.79,35.0,24.2,0.0
3887,20251102,194,5012,1116.27,59.6,34.1,1.0
3888,20251229,148,5029,78.86,89.5,26.6,
3889,20250918,228,5053,368.04,,33.3,2.0
3890,20251023,209,5072,676.39,51.0,21.1,
3891,20260620,154,5036,644.24,56.5,29.6,
3892,20260210,208,5062,1119.38,31.4,19.4,
3893,20260110,280,5037,1130.43,50.3,29.3,2.0
3894,20251003,293,5090,1074.03,77.5,21.9,
3895,20250914,196,5069,140.46,25.3,26.6,
3896,20260131,194,5065,554.36,32.3,31.1,0.0
3897,20260322,203,5032,335.23,16.7,32.7,0.0
3898,20250824,172,5049,283.88,25.6,32.6,0.0
3899,20260523,216,5003,538.16,38.6,31.5,2.0
3900,20260210,147,5064,838.76,,32.7,1.0
3901,20250922,247,5094,323.4,,28.8,0.0
3902,20260202,134,5051,189.72,78.1,22.6,0.0
3903,20250926,248,5048,516.56,62.8,30.7,3.0
3904,20260318,276,5098,117.3,86.2,29.6,
3905,20260608,159,5070,1223.94,46.0,31.0,0.0
3906,20260704,126,5092,441.72,83.5,33.9,1.0
3907,20260520,285,5014,1335.13,81.3,28.1,1.0
3908,20260404,170,5058,1353.76,62.7,30.1,
3909,20260217,161,5029,847.26,52.8,31.3,3.0
3910,20251223,243,5074,52.77,65.2,25.8,2.0
3911,20250825,211,5004,565.15,48.7,30.2,0.0
3912,20260219,198,5051,1049.21,,34.6,0.0
3913,20251101,151,5099,1391.11,54.6,19.6,0.0
3914,20260530,138,5030,1271.55,90.0,32.6,0.0
3915,20260525,290,5058,943.12,38.1,33.6,2.0
3916,20251227,139,5048,1006.98,33.7,23.1,0.0
3917,20260313,222,5062,868.61,,27.0,0.0
3918,20260508,103,5073,936.62,85.1,33.7,2.0
3919,20260515,146,5014,136.48,74.5,34.9,1.0
3920,20260421,208,5083,627.26,92.2,18.3,2.0
3921,20250914,228,5040,1061.38,30.0,18.1,0.0
3922,20250928,135,5043,287.82,,29.2,
3923,20260131,262,5019,713.21,88.0,,3.0
3924,20251103,233,5081,682.41,88.7,32.5,3.0
3925,20260620,237,5011,403.9,21.6,32.7,0.0
3926,20251121,285,5013,379.35,89.5,22.3,
3927,20260626,181,5072,1273.56,94.2,24.9,0.0
3928,20260106,225,5022,1489.77,93.6,33.0,1.0
3929,20251018,177,5027,349.87,45.4,31.5,
3930,20260426,165,5063,,85.7,20.6,3.0
3931,20260525,244,5076,933.65,10.3,30.7,0.0
3932,20260309,246,5032,608.78,37.9,27.5,
3933,20250922,113,5011,1194.93,61.2,32.3,
3934,20250812,202,5019,1441.62,25.5,26.6,1.0
3935,20260406,126,5052,361.01,48.6,27.5,0.0
3936,20260418,277,5079,751.3,66.4,28.9,
3937,20251203,142,5061,1355.19,15.4,26.1,0.0
3938,20251220,116,5067,170.79,69.4,22.1,2.0
3939,20251005,156,5093,537.52,27.7,24.8,
3940,20260405,166,5073,215.36,42.0,28.9,0.0
3941,20251110,222,5098,965.1,31.2,,0.0
3942,20260618,262,5030,836.38,,25.1,3.0
3943,20260112,125,5008,1226.42,19.4,22.3,
3944,20251221,216,5099,1249.37,81.4,27.7,0.0
3945,20251118,291,5064,633.61,81.5,33.7,1.0
3946,20260416,186,5033,626.59,54.9,25.7,
3947,20260513,167,5053,201.89,76.9,18.8,
3948,20260108,193,5040,679.38,50.7,22.2,
3949,20260523,193,5095,,30.6,32.6,
3950,20260202,244,5044,1176.61,71.1,24.0,3.0
3951,20251223,243,5020,51.19,66.9,27.6,0.0
3952,20260301,166,5005,157.86,44.6,32.5,0.0
3953,20251110,189,5042,274.83,,25.7,3.0
3954,20251130,106,5089,783.47,15.9,25.2,0.0
3955,20251214,206,5073,277.43,40.6,32.4,0.0
3956,20260425,132,5077,1355.1,57.1,27.7,0.0
3957,20260506,190,5053,1089.5,44.2,23.2,3.0
3958,20260618,274,5001,270.91,69.9,25.4,1.0
3959,20260408,256,5035,1025.89,69.6,25.8,0.0
3960,20260510,151,5089,1281.27,,25.2,
3961,20260120,248,5027,1110.08,86.2,34.2,
3962,20260422,248,5097,,92.1,30.8,
3963,20251008,267,5072,1351.68,79.0,29.8,
3964,20251027,267,5063,718.58,12.4,19.4,3.0
3965,20260103,238,5070,920.13,45.6,20.0,0.0
3966,20251211,145,5064,1291.4,62.1,21.2,0.0
3967,20260227,300,5041,816.11,,24.2,1.0
3968,20260422,173,5084,521.78,,24.5,2.0
3969,20260425,191,5031,,92.3,22.3,
3970,20251007,184,5042,1117.61,,23.8,
3971,20260729,273,5060,1065.46,13.0,29.2,0.0
3972,20250811,231,5091,638.79,70.1,28.4,0.0
3973,20250912,225,5062,1348.7,48.2,19.9,0.0
3974,20251002,299,5066,,88.5,25.4,0.0
3975,20260714,289,5072,187.71,30.5,27.8,3.0
3976,20260116,215,5095,113.0,14.5,32.4,1.0
3977,20250902,121,5094,1145.5,81.1,32.4,0.0
3978,20251030,198,5011,1098.86,91.6,27.0,2.0
3979,20250908,258,5014,1247.01,25.0,24.0,
3980,20250823,174,5055,292.22,85.2,30.8,
3981,20251228,219,5090,970.47,65.3,25.6,3.0
3982,20260805,262,5010,1404.78,73.8,27.8,0.0
3983,20260322,138,5049,807.84,51.8,18.4,
3984,20260216,143,5017,1291.64,55.6,24.4,0.0
3985,20260427,264,5097,1229.17,64.0,29.1,
3986,20260316,187,5002,408.68,23.8,30.5,2.0
3987,20260722,208,5021,158.84,35.4,21.6,2.0
3988,20260606,262,5067,234.78,84.1,33.1,2.0
3989,20260401,257,5096,929.71,39.9,28.1,1.0
3990,20260117,247,5016,1436.96,26.0,29.4,1.0
3991,20251022,204,5022,219.33,15.3,34.7,1.0
3992,20260407,119,5026,1381.42,78.6,26.2,0.0
3993,20260531,121,5057,1057.45,21.1,29.2,0.0
3994,20251122,142,5015,560.9,16.5,32.5,0.0
3995,20250822,188,5005,910.46,56.2,31.3,
3996,20260317,159,5055,890.36,11.2,26.1,0.0
3997,20260214,181,5064,823.2,56.3,26.2,0.0
3998,20251102,182,5022,408.08,25.8,32.0,0.0
3999,20251011,268,5081,1054.53,86.8,19.9,0.0
4000,20250823,175,5068,,55.9,18.6,
4001,20251105,282,5063,771.34,77.8,31.7,2.0
4002,20250810,169,5018,1114.92,87.0,32.4,0.0
4003,20251006,255,5096,,45.4,26.0,
4004,20260809,266,5071,1088.48,37.1,33.7,
4005,20260522,202,5054,1111.23,85.0,20.3,1.0
4006,20251217,170,5052,1067.17,,24.2,3.0
4007,20260101,214,5002,596.46,83.3,34.2,0.0
4008,20260312,300,5038,1059.1,38.2,18.3,3.0
4009,20260215,193,5016,1241.86,44.1,19.5,
4010,20260506,292,5056,824.11,29.7,24.3,2.0
4011,20250904,251,5038,1157.39,46.8,22.8,0.0
4012,20250912,234,5093,936.87,70.2,28.5,0.0
4013,20251122,216,5087,563.16,35.2,18.6,0.0
4014,20260609,206,5035,1252.68,54.4,32.1,0.0
4015,20260710,143,5067,250.63,,28.6,3.0
4016,20251215,148,5042,699.92,63.4,28.6,3.0
4017,20260728,106,5079,496.67,56.8,27.1,1.0
4018,20251119,133,5048,785.48,54.4,25.8,3.0
4019,20260319,287,5073,869.98,38.8,23.5,0.0
4020,20251020,161,5084,1431.01,16.5,24.3,0.0
4021,20260716,270,5022,547.97,24.6,34.9,0.0
4022,20260308,165,5019,374.1,66.3,21.7,
4023,20251113,291,5038,445.6,69.9,22.4,0.0
4024,20260106,280,5067,680.98,42.4,33.4,0.0
4025,20250917,292,5088,972.87,59.6,33.9,
4026,20250905,121,5027,1157.79,87.5,27.3,0.0
4027,20251125,154,5079,,36.9,24.1,0.0
4028,20260722,143,5092,1335.56,,30.5,1.0
4029,20260530,202,5048,890.03,33.2,30.1,2.0
4030,20260726,127,5067,931.35,60.1,29.1,0.0
4031,20260626,125,5078,,70.8,24.6,0.0
4032,20260603,117,5033,959.73,54.7,32.2,
4033,20260308,222,5061,256.94,36.4,30.8,0.0
4034,20260421,241,5060,945.15,,25.0,
4035,20260729,114,5027,663.42,85.7,22.1,2.0
4036,20260304,107,5043,1483.27,94.5,23.8,0.0
4037,20260518,298,5096,491.54,81.5,22.6,0.0
4038,20260514,202,5093,1158.48,94.2,21.1,0.0
4039,20260727,235,5018,882.44,48.2,30.0,0.0
4040,20260124,296,5022,624.72,13.1,34.7,3.0
4041,20260125,122,5068,81.31,23.1,18.4,0.0
4042,20260312,127,5092,55.58,30.6,27.6,0.0
4043,20250820,168,5061,1183.68,66.9,23.8,3.0
4044,20250921,259,5002,713.06,81.4,21.7,
4045,20250903,140,5041,1044.7,24.2,18.2,1.0
4046,20260329,122,5054,772.14,,25.6,0.0
4047,20260808,268,5023,860.77,57.2,26.0,0.0
4048,20260414,200,5020,1044.1,86.9,30.5,
4049,20251102,180,5061,1283.38,17.7,20.2,1.0
4050,20251203,159,5009,462.13,72.4,28.6,3.0
4051,20260725,164,5001,449.91,83.5,29.8,2.0
4052,20260215,289,5040,1432.73,27.8,20.4,0.0
4053,20250813,173,5090,330.63,23.5,24.6,0.0
4054,20260610,214,5025,931.98,,23.6,
4055,20251108,261,5026,,83.7,26.6,0.0
4056,20250913,133,5089,488.29,90.3,27.5,0.0
4057,20260413,134,5013,645.88,54.5,19.0,0.0
4058,20260606,235,5069,401.67,93.3,30.2,0.0
4059,20250906,144,5059,1266.4,,27.9,0.0
4060,20260716,108,5043,802.53,47.6,22.6,1.0
4061,20260131,109,5013,963.37,84.2,34.0,0.0
4062,20251217,270,5008,349.07,50.8,20.7,0.0
4063,20260703,192,5080,1112.96,43.1,33.0,1.0
4064,20251116,184,5060,827.83,46.3,34.7,3.0
4065,20260722,222,5077,823.17,56.0,31.9,2.0
4066,20260417,220,5021,1496.0,66.4,18.4,0.0
4067,20260709,239,5009,474.8,,25.0,
4068,20260208,170,5045,,50.1,,2.0
4069,20251022,241,5082,90.53,55.0,28.4,2.0
4070,20260506,214,5072,470.52,72.8,18.5,3.0
4071,20260625,135,5029,64.32,93.4,28.8,3.0
4072,20251024,279,5045,927.15,71.4,31.2,2.0
4073,20251023,239,5081,1011.18,22.7,25.4,
4074,20251109,146,5002,796.42,53.0,32.9,1.0
4075,20260324,252,5025,622.02,87.6,22.5,0.0
4076,20251006,253,5036,64.37,48.2,20.9,0.0
4077,20250918,217,5037,1449.04,29.3,,0.0
4078,20260712,262,5055,221.49,32.8,28.2,
4079,20260414,292,5075,1337.06,92.4,32.0,
4080,20260409,263,5094,95.53,91.3,34.8,0.0
4081,20260322,245,5040,627.78,10.6,21.3,3.0
4082,20260516,212,5048,1443.71,,24.1,0.0
4083,20260224,235,5080,,55.6,19.0,0.0
4084,20250825,264,5099,630.31,80.0,26.2,3.0
4085,20260202,264,5052,851.67,32.6,32.1,
4086,20260325,237,5033,1357.51,63.8,31.6,2.0
4087,20260206,180,5072,76.21,79.1,25.3,0.0
4088,20260805,189,5070,839.33,74.1,21.8,0.0
4089,20260704,224,5083,442.31,93.2,26.4,1.0
4090,20260623,239,5085,,64.1,31.3,
4091,20260205,159,5026,569.93,41.3,29.6,0.0
4092,20260805,123,5010,201.34,30.6,22.4,
4093,20260711,214,5076,371.09,85.7,22.7,0.0
4094,20251120,179,5020,856.61,24.7,19.8,0.0
4095,20251030,194,5014,832.45,91.1,34.9,3.0
4096,20260309,206,5094,855.54,,27.6,0.0
4097,20250829,167,5028,1318.65,78.4,19.1,
4098,20260529,140,5036,1216.52,81.3,19.9,
4099,20260201,178,5023,528.33,52.5,21.3,
4100,20260223,103,5034,492.43,70.7,29.6,0.0
4101,20260209,101,5073,1231.47,13.1,27.9,0.0
4102,20260101,234,5014,849.04,31.6,18.4,
4103,20260418,295,5017,947.34,28.1,32.2,2.0
4104,20251012,135,5067,1118.5,55.1,26.0,
4105,20260802,189,5076,429.77,70.0,21.0,0.0
4106,20260422,174,5083,1289.19,,28.3,0.0
4107,20260125,221,5099,1492.52,15.2,23.9,2.0
4108,20260419,237,5050,852.33,20.7,19.7,0.0
4109,20250814,103,5043,653.19,49.3,28.3,0.0
4110,20251026,277,5074,1304.97,73.4,23.9,3.0
4111,20260310,226,5099,71.12,66.9,28.4,1.0
4112,20251207,294,5076,1391.91,20.8,27.0,3.0
4113,20260322,223,5078,698.26,56.8,26.2,
4114,20251113,177,5036,,79.3,26.7,0.0
4115,20260226,103,5095,68.45,78.9,21.5,
4116,20251104,297,5079,50.92,88.4,26.1,1.0
4117,20260129,211,5086,116.59,,18.8,0.0
4118,20260322,175,5061,550.12,70.3,26.9,0.0
4119,20251221,253,5027,616.05,,21.3,
4120,20260208,160,5022,1034.3,13.5,30.8,0.0
4121,20251026,102,5001,197.64,71.8,30.7,0.0
4122,20260423,241,5030,1338.48,23.0,32.0,0.0
4123,20251224,196,5028,1178.9,39.1,27.9,0.0
4124,20260618,149,5012,566.04,34.7,20.4,
4125,20251120,206,5079,344.79,44.9,34.1,
4126,20251014,244,5019,1371.18,,26.2,2.0
4127,20250926,212,5019,1427.96,77.1,21.9,
4128,20260308,202,5022,611.73,68.1,32.1,2.0
4129,20251101,164,5061,190.78,93.4,25.3,3.0
4130,20250915,142,5001,428.54,77.6,32.6,0.0
4131,20251116,284,5042,869.73,85.9,21.0,0.0
4132,20251104,289,5010,1246.93,93.6,31.3,0.0
4133,20260115,266,5007,1469.18,65.2,28.6,0.0
4134,20251227,200,5018,1014.2,34.9,19.7,
4135,20251002,197,5066,1350.94,18.8,18.1,
4136,20260727,157,5057,476.58,50.5,29.8,
4137,20251003,168,5055,700.8,57.4,29.4,
4138,20260531,121,5086,125.09,82.6,28.9,0.0
4139,20251013,209,5061,1153.7,,33.4,0.0
4140,20260208,261,5042,1375.27,77.0,28.4,1.0
4141,20260809,162,5039,1372.79,45.8,20.0,
4142,20260616,233,5065,997.76,76.7,29.8,
4143,20260215,296,5098,819.69,34.3,27.7,
4144,20260430,257,5016,284.89,83.9,23.1,2.0
4145,20260524,278,5031,1323.37,49.1,33.3,2.0
4146,20251127,276,5072,1215.29,54.8,18.7,2.0
4147,20260303,170,5051,95.28,81.5,19.2,
4148,20260305,173,5049,964.98,,19.8,0.0
4149,20260102,267,5100,345.87,39.2,20.6,0.0
4150,20260419,291,5050,589.92,61.7,25.9,2.0
4151,20250831,237,5091,1047.5,35.2,28.2,3.0
4152,20260603,169,5061,119.03,92.1,19.6,0.0
4153,20260131,206,5046,443.51,53.8,25.4,1.0
4154,20260328,149,5040,478.66,88.8,24.1,0.0
4155,20260121,118,5067,1427.06,32.5,23.9,0.0
4156,20251210,147,5041,415.49,67.0,34.6,0.0
4157,20251220,135,5068,922.11,52.5,29.1,
4158,20260303,175,5011,1410.31,29.4,18.5,1.0
4159,20260717,129,5078,620.42,25.9,21.2,0.0
4160,20251112,264,5028,447.68,25.2,21.9,3.0
4161,20250817,217,5022,547.27,82.1,31.8,0.0
4162,20250923,259,5082,661.81,92.0,30.7,3.0
4163,20260623,216,5036,1358.46,23.9,19.0,0.0
4164,20260728,170,5092,631.26,56.3,24.2,0.0
4165,20251021,280,5019,,38.1,34.2,0.0
4166,20260308,260,5056,289.01,55.4,34.7,0.0
4167,20260404,226,5072,1413.0,,29.6,0.0
4168,20251012,149,5057,597.85,47.2,29.0,
4169,20260522,183,5063,1191.73,10.9,22.3,
4170,20251217,105,5089,232.77,82.2,21.7,0.0
4171,20260413,139,5033,519.23,85.7,34.1,0.0
4172,20260204,113,5088,549.08,30.3,22.9,0.0
4173,20260506,237,5016,916.17,62.3,,3.0
4174,20260701,106,5072,,89.9,29.5,0.0
4175,20251227,148,5056,248.54,59.5,30.3,0.0
4176,20251122,127,5084,1402.04,60.4,24.1,
4177,20260329,173,5045,1163.77,81.6,32.7,0.0
4178,20251002,169,5023,317.14,91.5,30.7,0.0
4179,20251010,133,5004,1289.91,45.8,35.0,2.0
4180,20260601,284,5047,231.08,12.7,33.1,0.0
4181,20251211,213,5060,,45.1,27.0,1.0
4182,20260329,287,5099,392.07,,23.1,3.0
4183,20260307,103,5086,1401.21,60.5,22.1,0.0
4184,20260616,160,5045,988.9,27.5,30.2,3.0
4185,20250905,124,5094,477.6,17.2,22.1,
4186,20251008,139,5055,1200.04,90.2,28.7,
4187,20251101,104,5028,425.0,14.0,28.7,0.0
4188,20251203,227,5079,495.59,,23.5,0.0
4189,20251124,156,5072,1356.11,30.8,30.5,3.0
4190,20251115,188,5025,490.18,53.5,18.2,
4191,20260402,208,5049,468.43,69.0,34.7,0.0
4192,20251117,180,5048,1188.93,30.5,21.0,0.0
4193,20260119,228,5023,589.93,90.4,25.6,
4194,20260621,196,5096,373.11,52.4,31.4,0.0
4195,20251220,219,5002,683.76,,29.6,3.0
4196,20260312,279,5026,297.55,42.0,19.3,1.0
4197,20260729,109,5057,1279.75,56.3,25.7,0.0
4198,20260108,185,5047,1235.78,31.1,21.5,2.0
4199,20251016,121,5068,824.85,,19.3,0.0
4200,20250818,293,5025,503.18,,20.7,1.0
4201,20260503,138,5001,759.19,37.2,18.8,0.0
4202,20260409,115,5076,168.66,85.4,32.3,
4203,20260720,169,5040,248.91,75.9,24.0,
4204,20260423,299,5043,532.87,16.4,20.7,2.0
4205,20250908,201,5013,554.16,56.0,25.5,1.0
4206,20251010,119,5048,197.36,11.4,28.3,
4207,20250916,240,5033,1067.2,19.9,22.7,0.0
4208,20250902,221,5065,1299.69,79.6,32.3,
4209,20260627,147,5002,914.1,27.6,28.8,0.0
4210,20260226,150,5078,54.82,33.8,29.5,
4211,20250819,165,5035,411.25,78.7,30.0,0.0
4212,20260102,198,5005,235.2,37.7,22.2,
4213,20260516,104,5083,318.01,49.0,25.9,1.0
4214,20250909,132,5036,182.54,21.0,,0.0
4215,20251114,297,5083,1309.94,65.8,27.5,3.0
4216,20251005,283,5062,1397.48,51.7,25.8,0.0
4217,20260406,164,5051,1179.74,53.5,30.0,0.0
4218,20260630,199,5006,393.4,49.2,28.0,3.0
4219,20251201,298,5090,1179.26,94.8,22.1,0.0
4220,20251108,214,5091,257.62,88.7,26.7,
4221,20251122,164,5033,1456.37,41.1,29.3,1.0
4222,20260327,289,5036,767.25,46.7,27.7,0.0
4223,20250927,109,5081,667.12,62.8,22.6,0.0
4224,20260612,151,5008,442.51,49.3,28.1,0.0
4225,20250820,218,5074,981.68,87.9,31.6,
4226,20260409,289,5004,1110.68,66.8,32.5,
4227,20260620,298,5092,945.35,35.1,34.4,3.0
4228,20251207,125,5061,855.74,91.7,25.5,0.0
4229,20260131,234,5078,1082.93,39.0,26.6,0.0
4230,20260801,271,5081,515.78,39.2,26.2,3.0
4231,20260223,154,5059,520.85,58.5,26.5,0.0
4232,20251117,222,5063,312.37,93.0,27.2,1.0
4233,20260119,200,5023,1019.46,12.2,33.6,0.0
4234,20260730,275,5061,296.95,39.1,19.4,2.0
4235,20260422,180,5096,1270.46,86.2,23.0,0.0
4236,20251013,183,5083,252.92,30.4,25.5,0.0
4237,20260316,141,5097,1295.87,63.5,30.0,0.0
4238,20260328,262,5070,197.03,21.4,32.6,1.0
4239,20260330,287,5014,217.7,70.4,20.8,0.0
4240,20260304,111,5005,778.42,17.1,24.4,0.0
4241,20260217,291,5048,759.42,,28.5,3.0
4242,20260401,241,5004,941.67,53.7,31.5,0.0
4243,20251201,234,5079,700.51,84.4,23.3,1.0
4244,20251215,132,5092,129.37,91.4,32.2,0.0
4245,20260223,165,5020,1378.54,34.3,22.8,
4246,20260531,224,5091,,16.3,30.6,2.0
4247,20260118,264,5095,973.26,29.1,26.3,0.0
4248,20251221,177,5023,,,19.3,0.0
4249,20251113,151,5017,918.97,23.6,26.7,0.0
4250,20251129,193,5011,424.57,36.6,20.4,0.0
4251,20250810,114,5054,708.46,72.8,22.9,0.0
4252,20260604,271,5016,440.41,66.3,22.5,0.0
4253,20260616,156,5008,,41.2,30.0,0.0
4254,20251213,129,5057,580.88,78.8,18.1,3.0
4255,20260128,161,5082,361.49,15.2,31.7,0.0
4256,20250813,263,5091,1169.95,48.5,27.6,0.0
4257,20260713,212,5008,481.47,66.8,20.3,3.0
4258,20260722,184,5041,1317.08,,31.2,3.0
4259,20260131,104,5013,1111.11,93.0,22.8,0.0
4260,20250813,143,5070,1287.1,23.9,31.4,
4261,20260114,171,5036,478.91,74.5,22.2,0.0
4262,20251125,250,5025,1258.24,43.5,19.0,0.0
4263,20251102,131,5084,1273.95,36.6,33.7,
4264,20250812,202,5079,222.67,84.3,25.2,
4265,20251224,163,5095,891.84,61.9,,
4266,20260107,103,5003,1068.38,70.3,33.7,3.0
4267,20260303,111,5043,1470.97,17.9,22.9,
4268,20260101,249,5087,716.22,80.7,24.7,0.0
4269,20251008,277,5041,426.94,41.8,31.6,0.0
4270,20260506,222,5091,1278.74,35.1,23.4,
4271,20251230,277,5022,924.4,35.1,19.3,0.0
4272,20251226,253,5076,103.14,22.7,21.6,0.0
4273,20251114,140,5093,385.48,78.3,21.6,
4274,20260111,196,5047,790.29,13.4,19.1,0.0
4275,20251105,298,5067,93.91,78.6,19.4,
4276,20260516,123,5002,333.09,21.5,33.0,0.0
4277,20260709,164,5086,818.28,63.6,30.2,2.0
4278,20260601,141,5052,660.86,75.0,26.7,0.0
4279,20260417,228,5054,1317.08,84.9,24.3,3.0
4280,20251122,124,5086,149.54,49.4,25.5,1.0
4281,20260508,276,5086,341.51,12.2,21.8,2.0
4282,20260602,259,5008,1246.97,72.1,32.9,
4283,20260108,187,5009,805.69,56.5,31.8,
4284,20260618,295,5025,921.27,35.5,26.1,0.0
4285,20251015,261,5098,314.22,14.8,29.8,3.0
4286,20251123,116,5065,1407.69,79.9,30.3,3.0
4287,20260331,116,5019,793.82,,30.2,0.0
4288,20260324,192,5094,783.74,83.0,34.8,2.0
4289,20251117,266,5035,1339.96,,29.8,
4290,20260325,140,5011,1227.52,89.7,22.7,0.0
4291,20251017,280,5023,857.38,76.8,21.2,0.0
4292,20250817,238,5057,561.31,72.7,,2.0
4293,20250828,128,5006,302.43,34.2,25.7,0.0
4294,20260221,133,5036,837.79,94.3,25.1,0.0
4295,20251017,225,5078,334.63,,18.5,
4296,20250916,160,5026,463.6,69.7,26.5,3.0
4297,20251116,182,5089,854.54,59.5,22.0,0.0
4298,20260428,243,5065,316.73,94.9,21.1,0.0
4299,20260503,266,5053,1042.19,47.1,19.8,0.0
4300,20251103,294,5023,504.52,34.6,33.9,0.0
4301,20251004,189,5082,227.23,81.0,35.0,0.0
4302,20260206,213,5096,1052.69,76.8,32.4,0.0
4303,20251213,288,5001,,58.9,25.6,2.0
4304,20251202,150,5040,1256.01,17.7,25.7,3.0
4305,20260529,106,5036,358.42,77.8,22.0,0.0
4306,20260810,277,5072,524.78,17.5,28.1,0.0
4307,20260126,197,5045,378.32,56.9,31.8,0.0
4308,20260526,192,5016,,,29.2,
4309,20251208,286,5044,1187.16,71.1,19.4,0.0
4310,20260614,135,5060,122.5,66.1,33.1,0.0
4311,20260724,165,5073,792.23,,18.1,0.0
4312,20250830,111,5090,1302.04,58.6,29.2,0.0
4313,20260520,225,5012,566.55,59.6,34.0,
4314,20250905,281,5073,1044.06,15.2,27.6,0.0
4315,20260129,213,5060,322.59,12.3,25.0,2.0
4316,20251019,244,5012,454.86,88.6,19.3,0.0
4317,20260614,176,5015,603.2,50.7,31.6,
4318,20260605,239,5012,177.05,87.6,27.4,1.0
4319,20260609,279,5024,744.83,17.5,32.5,0.0
4320,20250923,226,5094,1126.34,78.0,33.6,0.0
4321,20260518,149,5012,1403.6,65.7,20.7,0.0
4322,20251109,246,5024,909.11,86.9,30.3,3.0
4323,20260519,148,5041,626.36,37.6,33.2,2.0
4324,20260119,240,5076,1401.61,44.6,18.3,0.0
4325,20260506,190,5081,1481.06,17.3,18.0,0.0
4326,20250822,183,5003,375.5,86.5,19.3,0.0
4327,20260125,288,5099,1229.77,17.4,26.9,0.0
4328,20260519,220,5022,248.0,92.2,23.7,0.0
4329,20260216,171,5002,926.67,19.7,32.4,
4330,20260804,254,5028,422.58,78.0,28.1,0.0
4331,20260130,242,5082,595.3,73.0,,2.0
4332,20260416,142,5048,1201.11,72.0,18.9,
4333,20251202,118,5059,429.89,29.8,33.6,1.0
4334,20251206,236,5011,1363.75,78.1,23.3,3.0
4335,20260328,140,5093,126.35,,19.4,2.0
4336,20250825,216,5032,901.94,50.2,34.2,0.0
4337,20260719,176,5040,899.46,27.2,22.2,0.0
4338,20260216,168,5088,92.04,61.1,27.2,0.0
4339,20251110,239,5083,103.55,68.3,18.7,0.0
4340,20260331,194,5025,119.93,46.8,22.7,3.0
4341,20251021,217,5096,913.59,25.0,26.0,1.0
4342,20260630,101,5097,543.41,,19.1,0.0
4343,20260622,299,5095,380.42,,27.5,0.0
4344,20251028,264,5017,74.59,17.4,,
4345,20250920,230,5040,1363.59,52.0,34.9,3.0
4346,20260329,198,5007,1257.36,34.7,18.6,2.0
4347,20251206,288,5049,1041.45,20.9,23.1,3.0
4348,20251010,148,5091,543.55,75.3,18.9,
4349,20251119,105,5037,,22.8,33.2,0.0
4350,20250922,259,5023,173.23,75.7,30.7,0.0
4351,20260525,194,5036,911.95,62.6,33.7,0.0
4352,20250813,299,5018,1012.18,85.0,30.0,
4353,20250825,259,5073,471.24,70.2,27.7,0.0
4354,20260523,162,5041,466.86,52.7,23.6,0.0
4355,20260130,183,5053,993.3,94.5,34.4,1.0
4356,20260316,285,5029,615.3,13.4,33.2,
4357,20251223,117,5025,1117.38,34.6,33.7,0.0
4358,20250911,269,5035,796.17,83.0,28.7,1.0
4359,20251006,238,5026,799.22,57.6,19.0,0.0
4360,20250912,200,5023,,,34.4,0.0
4361,20260324,149,5038,,54.7,26.2,0.0
4362,20260716,235,5034,1267.09,61.2,28.2,1.0
4363,20260809,275,5090,941.85,57.3,21.2,
4364,20260326,228,5057,,64.8,33.1,0.0
4365,20250831,297,5034,587.53,70.5,32.7,3.0
4366,20260402,242,5012,297.51,59.2,31.5,
4367,20260423,140,5063,,67.6,34.7,
4368,20260526,257,5046,587.86,35.7,26.4,0.0
4369,20250925,173,5075,1173.94,40.6,26.2,0.0
4370,20251103,183,5047,760.9,26.0,,0.0
4371,20260804,205,5045,970.91,,18.8,2.0
4372,20260525,265,5099,877.97,19.2,23.6,1.0
4373,20260513,183,5083,1143.64,58.9,33.5,0.0
4374,20260531,129,5067,233.31,60.2,32.3,0.0
4375,20260117,125,5058,801.55,53.6,23.6,0.0
4376,20251019,234,5081,211.18,,20.5,3.0
4377,20260419,269,5088,908.89,28.4,26.0,
4378,20251219,118,5022,,,18.1,3.0
4379,20250928,112,5005,153.61,92.0,22.6,3.0
4380,20260704,134,5075,1130.53,71.8,21.1,
4381,20260203,146,5050,,69.2,24.8,0.0
4382,20260117,109,5020,831.28,18.0,22.4,1.0
4383,20251125,152,5069,1007.48,91.5,19.0,0.0
4384,20260422,128,5073,1010.73,29.8,28.0,0.0
4385,20251018,225,5027,965.24,46.6,22.5,2.0
4386,20251017,150,5090,157.27,83.3,30.7,0.0
4387,20251215,126,5056,249.61,43.9,26.5,
4388,20260505,109,5045,816.78,14.6,30.9,2.0
4389,20251118,247,5083,321.92,35.5,31.3,1.0
4390,20260610,265,5088,932.23,88.7,30.9,3.0
4391,20260710,200,5037,1296.82,84.8,23.7,
4392,20260228,269,5027,1353.13,94.2,22.4,2.0
4393,20250904,226,5044,720.08,87.5,19.8,0.0
4394,20251005,235,5090,1393.03,17.2,26.8,3.0
4395,20251126,260,5065,1138.39,83.0,26.5,
4396,20251114,280,5071,817.23,28.5,26.5,1.0
4397,20251222,252,5096,1378.06,56.6,31.5,0.0
4398,20250810,166,5035,430.9,57.9,23.1,2.0
4399,20260331,113,5012,526.66,62.6,27.5,0.0
4400,20251226,194,5066,193.38,85.5,31.4,0.0
4401,20251016,157,5099,435.52,77.4,24.5,3.0
4402,20250816,256,5027,,50.7,24.3,2.0
4403,20260619,284,5034,666.91,13.0,27.5,0.0
4404,20260521,119,5028,1152.8,79.1,34.1,0.0
4405,20251105,104,5060,281.82,12.6,27.6,0.0
4406,20260430,154,5034,1492.63,30.3,29.4,0.0
4407,20260407,268,5005,1473.96,27.5,32.7,3.0
4408,20260223,226,5015,201.98,23.5,24.0,1.0
4409,20251229,121,5067,314.23,74.9,26.3,0.0
4410,20260217,220,5085,365.57,93.8,27.5,3.0
4411,20260208,264,5081,93.04,33.2,24.8,0.0
4412,20260227,116,5024,815.84,77.9,30.5,3.0
4413,20260322,193,5061,545.49,60.4,24.5,0.0
4414,20251206,243,5018,679.91,46.5,34.3,2.0
4415,20260401,291,5060,827.75,91.4,33.1,1.0
4416,20250919,207,5076,1174.27,16.5,22.5,3.0
4417,20260217,195,5042,888.28,86.0,30.5,0.0
4418,20250903,282,5048,934.14,50.4,19.6,2.0
4419,20260611,115,5073,1479.47,43.2,23.1,
4420,20250926,258,5049,1259.72,14.9,34.7,0.0
4421,20260625,169,5085,165.69,,30.7,0.0
4422,20251022,236,5076,1420.63,48.6,28.6,0.0
4423,20260203,111,5005,538.01,73.8,33.7,0.0
4424,20250915,288,5042,66.47,23.0,31.0,2.0
4425,20260306,119,5090,1240.55,70.1,30.7,0.0
4426,20260612,178,5014,1119.94,65.5,26.4,
4427,20260407,120,5081,944.93,22.9,28.7,
4428,20260218,156,5046,1379.53,16.4,27.0,
4429,20260423,233,5002,1450.8,42.1,19.0,2.0
4430,20251111,125,5021,1094.2,,23.9,
4431,20251222,126,5054,963.9,20.0,18.7,0.0
4432,20260319,286,5061,292.04,12.2,23.6,0.0
4433,20250904,160,5043,202.78,,20.1,
4434,20260716,237,5044,728.61,52.3,25.5,
4435,20251025,199,5083,118.14,64.6,26.7,0.0
4436,20260205,149,5013,507.65,,25.1,0.0
4437,20260701,150,5024,862.4,17.9,31.1,1.0
4438,20250908,235,5046,666.58,92.7,21.0,2.0
4439,20260530,269,5040,663.29,,26.7,1.0
4440,20250901,164,5021,351.2,93.0,32.9,0.0
4441,20260302,246,5060,1243.51,14.7,34.1,
4442,20260719,261,5070,591.82,75.5,25.6,
4443,20260109,146,5024,960.61,68.7,23.0,
4444,20251223,243,5097,1002.64,47.4,22.3,1.0
4445,20260426,292,5003,,82.0,25.0,
4446,20260607,243,5057,830.77,12.6,27.6,0.0
4447,20251115,207,5079,,26.0,26.6,3.0
4448,20250824,292,5059,1096.77,82.8,23.0,0.0
4449,20250904,128,5076,1443.72,62.0,32.9,0.0
4450,20251129,297,5074,67.24,83.1,33.8,3.0
4451,20260721,264,5089,1262.4,27.5,25.6,3.0
4452,20260727,248,5056,511.7,46.1,24.5,0.0
4453,20250914,192,5094,233.48,83.9,27.2,3.0
4454,20260502,273,5052,622.12,11.9,25.5,0.0
4455,20260220,218,5061,1131.89,39.4,,3.0
4456,20251018,280,5032,226.23,61.6,25.3,0.0
4457,20260218,271,5033,884.73,44.2,19.3,0.0
4458,20251109,210,5093,1191.53,60.8,22.5,0.0
4459,20260326,127,5048,165.74,81.2,25.2,0.0
4460,20251014,143,5077,410.5,43.7,27.8,
4461,20260511,147,5044,1293.59,68.3,20.6,2.0
4462,20260108,241,5062,232.19,30.9,33.8,1.0
4463,20250917,203,5087,881.58,70.8,28.1,2.0
4464,20260331,230,5052,737.75,93.9,29.1,0.0
4465,20251219,187,5039,244.88,31.1,25.9,
4466,20260124,269,5006,1305.9,68.7,25.0,0.0
4467,20260410,141,5030,556.86,15.0,19.8,3.0
4468,20260629,237,5098,402.86,51.9,18.8,0.0
4469,20251010,254,5065,668.56,73.1,22.3,
4470,20251015,214,5014,882.25,37.1,32.7,1.0
4471,20260103,191,5054,1050.62,79.6,31.3,3.0
4472,20251211,181,5055,525.73,76.4,23.5,
4473,20251006,241,5100,825.77,59.3,18.5,0.0
4474,20260810,184,5035,196.54,83.7,26.4,0.0
4475,20260119,196,5074,778.32,,18.2,2.0
4476,20251216,206,5052,228.37,65.8,29.7,0.0
4477,20251203,296,5076,460.94,57.6,32.8,
4478,20260807,263,5004,138.44,26.8,23.9,2.0
4479,20251206,211,5021,246.66,25.5,34.3,0.0
4480,20251224,286,5066,357.66,35.4,30.1,2.0
4481,20260516,183,5022,718.51,81.8,27.1,0.0
4482,20260114,256,5039,630.67,77.9,18.1,0.0
4483,20260502,162,5077,1363.38,44.5,33.3,
4484,20260320,245,5090,1402.37,85.6,33.5,0.0
4485,20260304,240,5068,1202.86,76.2,27.4,2.0
4486,20251027,155,5026,819.85,34.9,21.0,0.0
4487,20260517,197,5073,,84.9,22.8,0.0
4488,20260714,297,5097,1148.41,56.0,24.3,2.0
4489,20251110,241,5018,252.8,54.7,25.8,0.0
4490,20260727,291,5017,687.81,26.4,19.7,3.0
4491,20260120,166,5085,364.7,84.4,28.6,0.0
4492,20260102,193,5043,555.58,24.5,33.7,0.0
4493,20260502,216,5007,1094.91,49.8,26.2,0.0
4494,20260804,215,5012,631.37,61.0,18.8,
4495,20260316,202,5040,405.75,10.4,25.3,0.0
4496,20260215,101,5099,562.18,59.1,20.2,3.0
4497,20260808,286,5019,1207.79,25.9,19.6,3.0
4498,20251128,109,5045,137.51,54.6,30.3,
4499,20251127,173,5059,60.32,,31.6,0.0
4500,20251030,253,5051,534.1,87.6,21.0,0.0
4501,20260619,105,5022,516.55,81.3,30.9,0.0
4502,20250817,233,5059,1317.03,22.0,23.1,
4503,20260606,135,5001,1139.35,41.8,32.7,1.0
4504,20260419,178,5085,1457.94,90.4,22.4,0.0
4505,20251119,102,5019,181.0,73.1,18.2,0.0
4506,20260228,177,5026,967.66,40.3,28.8,
4507,20260301,157,5023,473.25,94.9,31.5,0.0
4508,20260714,155,5039,1015.21,19.6,,0.0
4509,20251005,181,5040,174.62,62.7,20.7,
4510,20250823,106,5011,,19.7,34.2,0.0
4511,20251218,298,5024,609.46,59.0,30.7,
4512,20250929,277,5031,,45.8,28.6,0.0
4513,20251222,171,5027,897.94,12.0,27.1,0.0
4514,20260311,242,5056,873.74,28.3,21.3,0.0
4515,20251103,231,5012,567.75,,34.2,0.0
4516,20260602,243,5093,1195.29,83.3,25.9,0.0
4517,20250912,247,5032,,76.2,34.5,1.0
4518,20260103,247,5020,600.75,30.0,31.3,3.0
4519,20260711,140,5088,406.84,52.1,18.9,0.0
4520,20260505,125,5072,1436.95,57.7,26.9,
4521,20260501,110,5100,939.49,27.5,27.8,3.0
4522,20260527,218,5048,1007.04,70.4,20.9,3.0
4523,20251012,192,5001,1265.56,26.6,31.1,1.0
4524,20260608,140,5062,,84.6,23.9,1.0
4525,20260419,136,5021,733.73,81.5,27.9,2.0
4526,20260308,168,5045,313.48,26.4,22.5,
4527,20260708,194,5013,90.85,91.0,22.9,0.0
4528,20260315,250,5061,279.69,55.2,25.9,3.0
4529,20251127,164,5071,912.03,12.8,32.9,
4530,20260504,160,5088,1495.31,69.1,24.6,
4531,20260308,166,5051,992.73,45.0,30.5,0.0
4532,20250907,177,5090,644.3,,27.1,2.0
4533,20250830,124,5028,547.52,,32.6,0.0
4534,20260519,247,5061,411.59,45.1,18.5,0.0
4535,20251215,203,5086,306.78,,21.0,1.0
4536,20260605,246,5049,169.2,33.2,31.2,2.0
4537,20260109,156,5060,1220.5,46.6,23.8,0.0
4538,20260623,288,5091,421.82,50.8,,
4539,20260624,120,5032,1234.65,,20.2,0.0
4540,20251031,286,5098,1040.29,18.4,27.0,3.0
4541,20260405,184,5013,160.99,29.6,25.1,0.0
4542,20260318,224,5050,1345.29,75.2,30.6,3.0
4543,20250814,145,5017,954.01,,32.6,2.0
4544,20260521,225,5041,1060.02,44.0,27.2,1.0
4545,20251227,277,5098,1440.4,19.0,20.5,1.0
4546,20251129,280,5018,518.83,38.3,,0.0
4547,20250825,248,5052,1342.88,85.7,29.2,
4548,20260223,125,5099,535.41,58.9,31.5,0.0
4549,20251003,253,5042,1314.68,50.9,32.4,0.0
4550,20260209,265,5037,970.48,13.2,32.9,3.0
4551,20251029,177,5087,484.44,32.1,20.9,2.0
4552,20250828,110,5094,1250.94,53.6,18.8,0.0
4553,20260504,288,5055,112.14,10.4,29.1,2.0
4554,20251231,248,5077,,18.8,30.2,0.0
4555,20260120,198,5051,230.44,73.7,25.8,0.0
4556,20260315,121,5069,323.92,32.9,21.9,3.0
4557,20260210,300,5010,862.31,,24.3,1.0
4558,20251030,115,5045,51.77,,23.7,0.0
4559,20251124,298,5063,761.1,25.2,24.0,0.0
4560,20260101,186,5086,360.29,19.6,33.0,2.0
4561,20250927,190,5095,432.89,36.5,19.8,0.0
4562,20250909,212,5076,,28.2,20.1,
4563,20260307,207,5004,,42.2,25.4,
4564,20250828,131,5029,244.77,15.8,24.4,0.0
4565,20260103,298,5078,1292.96,45.2,19.3,0.0
4566,20250910,159,5023,1314.93,42.4,30.0,0.0
4567,20260209,292,5099,,18.7,20.6,0.0
4568,20260520,268,5031,425.79,42.9,27.7,0.0
4569,20250926,255,5048,442.35,12.6,32.9,0.0
4570,20250928,103,5047,218.29,26.9,34.5,2.0
4571,20260302,263,5044,1144.72,41.9,27.2,
4572,20260204,300,5065,383.38,17.6,24.7,1.0
4573,20260405,262,5001,509.63,61.6,32.8,0.0
4574,20251020,198,5079,356.55,44.0,21.3,
4575,20260323,114,5077,81.33,,32.5,0.0
4576,20260506,179,5097,647.05,76.5,18.9,
4577,20251108,235,5051,1206.07,39.0,31.3,0.0
4578,20250905,111,5010,656.66,70.3,22.1,0.0
4579,20260521,182,5083,633.09,32.9,32.6,
4580,20251206,239,5030,1058.0,92.6,26.7,0.0
4581,20260714,245,5018,1297.82,,21.2,0.0
4582,20250911,139,5064,1005.95,24.9,20.5,
4583,20260412,184,5025,929.88,,19.0,0.0
4584,20260112,229,5006,1449.53,92.4,20.5,0.0
4585,20251215,279,5028,1383.81,42.3,23.5,1.0
4586,20251205,157,5039,876.02,74.0,22.7,0.0
4587,20260315,140,5056,301.04,88.6,18.8,0.0
4588,20250818,113,5012,828.04,90.2,27.3,0.0
4589,20251129,273,5044,1294.38,92.5,34.1,1.0
4590,20260806,288,5050,1410.8,94.3,18.3,
4591,20260323,201,5084,788.26,52.5,28.4,2.0
4592,20260807,215,5024,1159.63,17.6,18.3,0.0
4593,20260118,293,5055,1313.19,32.7,25.5,0.0
4594,20251002,253,5020,1143.88,12.3,31.6,0.0
4595,20250826,248,5037,558.38,34.7,25.9,
4596,20260605,230,5040,1290.73,77.9,21.5,3.0
4597,20251022,124,5050,393.84,33.2,34.3,
4598,20251224,157,5087,1255.58,68.3,29.0,0.0
4599,20260514,211,5062,526.54,33.9,27.5,0.0
4600,20260618,175,5005,1135.49,38.7,33.5,1.0
4601,20250920,201,5034,707.83,58.2,31.9,0.0
4602,20250829,138,5054,1276.49,67.3,27.1,2.0
4603,20260723,134,5023,228.76,77.0,21.4,0.0
4604,20260715,187,5021,435.53,12.4,33.1,
4605,20260623,122,5051,334.99,29.6,33.2,0.0
4606,20260606,222,5088,980.62,,30.8,0.0
4607,20250815,247,5067,665.99,17.3,34.7,3.0
4608,20260420,291,5014,851.55,,28.9,2.0
4609,20250919,113,5060,861.93,45.2,25.4,1.0
4610,20260121,241,5011,223.74,93.3,23.5,3.0
4611,20250818,203,5045,203.2,22.9,23.0,3.0
4612,20251025,168,5088,606.43,75.9,22.9,3.0
4613,20260222,122,5094,1256.55,91.3,34.3,0.0
4614,20251023,203,5013,442.93,92.3,34.4,0.0
4615,20260217,229,5084,1095.22,42.0,32.5,3.0
4616,20251112,212,5052,,59.9,30.8,3.0
4617,20260202,299,5002,344.49,87.1,31.4,0.0
4618,20260504,279,5021,1423.31,68.4,21.9,0.0
4619,20250930,134,5041,906.44,68.7,18.5,0.0
4620,20260422,296,5017,1152.01,65.4,18.1,2.0
4621,20250816,135,5074,1356.66,71.8,25.3,1.0
4622,20260311,224,5065,785.52,75.1,21.8,1.0
4623,20260409,244,5050,348.04,73.2,31.8,3.0
4624,20250825,151,5088,731.35,78.2,32.2,0.0
4625,20251011,225,5059,995.25,43.2,30.1,0.0
4626,20251121,202,5002,570.76,55.1,18.0,0.0
4627,20260525,267,5063,792.36,55.5,27.1,2.0
4628,20260324,247,5084,1111.83,65.9,29.8,1.0
4629,20250829,151,5086,360.95,84.4,34.2,3.0
4630,20260406,244,5052,461.75,,26.4,
4631,20250813,258,5055,738.6,37.6,18.6,
4632,20251230,289,5099,70.19,67.7,22.7,0.0
4633,20251117,235,5007,,48.3,32.7,
4634,20260617,164,5039,387.19,93.3,29.6,0.0
4635,20260408,163,5055,62.22,59.8,26.0,0.0
4636,20260622,119,5034,,32.0,28.6,
4637,20250816,169,5095,1374.06,76.4,18.1,
4638,20260623,299,5082,1416.02,61.4,22.8,0.0
4639,20260404,211,5015,556.2,17.2,33.0,0.0
4640,20251102,183,5078,793.34,68.1,,3.0
4641,20251227,276,5058,973.53,87.1,28.8,0.0
4642,20260802,248,5065,657.74,12.8,34.1,2.0
4643,20250915,123,5048,83.63,19.6,30.7,0.0
4644,20251203,129,5100,840.18,26.1,32.0,0.0
4645,20260623,272,5061,624.05,78.3,19.0,0.0
4646,20260220,206,5092,555.59,77.2,26.0,1.0
4647,20251017,209,5043,1191.91,82.8,20.2,0.0
4648,20260209,194,5069,1456.34,74.1,29.1,0.0
4649,20260124,190,5047,1389.55,90.5,27.8,0.0
4650,20260715,149,5015,148.34,,20.7,2.0
4651,20250817,183,5023,1278.7,79.4,25.7,0.0
4652,20251108,189,5055,1300.42,63.4,22.5,
4653,20260219,253,5069,387.33,57.8,19.9,
4654,20251210,268,5098,173.24,26.0,21.2,1.0
4655,20251231,107,5050,100.53,,29.7,0.0
4656,20251006,298,5087,995.94,50.3,31.1,3.0
4657,20251214,179,5011,702.8,49.4,23.5,2.0
4658,20251216,144,5020,244.23,11.3,28.7,1.0
4659,20260326,190,5001,439.37,45.7,,0.0
4660,20251104,258,5044,455.27,78.9,32.5,
4661,20260803,214,5091,78.54,88.9,33.2,3.0
4662,20260209,260,5076,1075.55,38.1,27.3,0.0
4663,20260603,138,5034,767.38,66.2,34.2,
4664,20260327,213,5026,907.77,38.5,33.6,
4665,20260627,112,5066,1071.02,70.3,23.6,0.0
4666,20260701,160,5079,194.57,35.9,26.2,3.0
4667,20260604,152,5094,361.88,25.4,33.3,0.0
4668,20250820,276,5059,442.55,91.1,26.6,0.0
4669,20260301,196,5056,1496.85,31.7,18.0,2.0
4670,20251120,140,5007,398.29,62.1,22.8,0.0
4671,20251004,294,5060,848.72,42.9,26.2,2.0
4672,20260704,287,5037,159.16,59.0,18.4,
4673,20260407,122,5006,951.01,,20.7,0.0
4674,20250911,129,5016,1086.15,81.0,20.8,0.0
4675,20251227,290,5063,498.87,93.4,23.5,
4676,20260727,114,5059,1434.39,73.9,18.0,0.0
4677,20260322,163,5047,1389.22,50.5,20.8,0.0
4678,20260326,259,5007,,69.1,,2.0
4679,20251101,138,5077,451.72,92.4,21.1,0.0
4680,20251105,174,5088,1430.57,81.8,24.3,0.0
4681,20251004,104,5048,90.83,21.1,20.4,0.0
4682,20260731,188,5033,1108.78,39.1,27.1,
4683,20260708,278,5055,859.13,52.5,19.2,3.0
4684,20251208,129,5044,268.98,92.2,32.3,
4685,20260224,179,5087,615.17,,33.3,1.0
4686,20251024,216,5038,420.85,92.2,20.0,3.0
4687,20250929,221,5099,1403.29,73.1,23.6,3.0
4688,20260224,106,5004,639.97,94.7,22.3,3.0
4689,20260529,185,5070,315.83,89.1,19.4,0.0
4690,20260621,154,5035,591.13,83.5,31.6,0.0
4691,20251201,290,5023,1488.19,65.1,27.4,0.0
4692,20260425,238,5038,1270.87,48.0,26.1,
4693,20260217,155,5046,1200.5,33.0,30.9,0.0
4694,20250928,153,5054,319.01,49.2,31.2,3.0
4695,20260809,240,5003,70.28,,18.2,0.0
4696,20260802,234,5058,1256.95,34.2,24.1,0.0
4697,20251002,293,5042,1056.15,73.9,21.5,2.0
4698,20260717,167,5039,1026.5,59.7,32.7,0.0
4699,20260711,241,5082,299.97,29.9,30.7,0.0
4700,20251204,224,5005,194.53,67.3,20.0,
4701,20260301,260,5077,823.68,,,0.0
4702,20260723,287,5015,951.69,70.5,,0.0
4703,20250922,137,5046,101.4,56.8,26.7,
4704,20251204,278,5094,492.94,80.0,24.1,0.0
4705,20260627,279,5005,812.47,45.9,19.6,
4706,20260503,272,5069,193.86,87.3,22.9,
4707,20260517,105,5095,603.15,53.7,20.2,0.0
4708,20260628,197,5051,,51.3,34.5,2.0
4709,20260108,250,5032,67.4,17.7,33.9,
4710,20260107,270,5023,841.93,91.2,18.1,0.0
4711,20260119,235,5011,700.54,82.4,22.4,0.0
4712,20260717,112,5069,996.56,14.5,33.7,
4713,20260703,166,5013,131.33,47.8,,1.0
4714,20260717,144,5017,1398.45,49.5,30.5,2.0
4715,20251118,116,5094,1179.6,92.1,24.4,0.0
4716,20260522,173,5019,96.11,18.8,23.6,3.0
4717,20250918,152,5082,536.07,68.1,27.9,2.0
4718,20251016,279,5064,,63.0,33.5,1.0
4719,20260516,259,5056,616.84,64.1,21.6,3.0
4720,20260321,170,5036,1213.75,,31.6,2.0
4721,20251115,114,5045,1096.09,44.4,20.6,0.0
4722,20260305,220,5059,151.61,16.4,24.9,0.0
4723,20251102,268,5089,,,28.6,0.0
4724,20251102,103,5080,643.44,13.5,31.3,0.0
4725,20260418,118,5032,838.37,,24.5,2.0
4726,20251219,200,5094,95.21,94.9,27.7,
4727,20260418,270,5068,541.5,90.5,33.6,0.0
4728,20260131,170,5073,739.9,,22.5,
4729,20260209,270,5059,503.83,57.6,21.8,
4730,20260319,269,5006,136.9,17.6,25.9,2.0
4731,20260427,193,5010,767.65,88.3,28.4,
4732,20251224,128,5042,248.01,34.5,18.7,3.0
4733,20260617,105,5048,1435.21,63.2,33.9,
4734,20260205,175,5005,866.47,85.7,29.5,0.0
4735,20250929,267,5019,67.87,82.1,21.0,3.0
4736,20251019,199,5078,1207.87,78.0,21.5,
4737,20250821,160,5093,363.47,36.6,18.8,
4738,20260516,198,5082,719.14,39.8,34.6,
4739,20250815,231,5013,324.78,22.7,24.2,0.0
4740,20251116,282,5049,1179.1,,21.4,2.0
4741,20260108,126,5066,998.81,,31.8,
4742,20260508,181,5093,298.91,56.1,25.5,0.0
4743,20260806,225,5011,185.61,64.4,20.5,0.0
4744,20260514,253,5044,346.08,51.1,32.1,1.0
4745,20250903,237,5082,1228.85,67.3,32.4,3.0
4746,20260715,123,5096,871.24,78.8,21.5,1.0
4747,20260805,148,5039,1127.7,70.6,21.5,
4748,20260623,151,5055,735.29,83.1,32.4,0.0
4749,20260205,229,5052,159.58,66.0,28.5,0.0
4750,20251206,218,5003,615.28,58.8,20.3,0.0
4751,20260124,244,5024,256.68,,23.3,
4752,20251108,283,5096,223.93,66.1,34.8,1.0
4753,20260105,106,5033,1216.18,14.1,19.2,1.0
4754,20250825,111,5093,418.13,21.8,21.8,0.0
4755,20260506,164,5084,1311.7,,25.3,3.0
4756,20251227,236,5096,1079.42,42.2,27.8,
4757,20251202,179,5011,455.03,64.2,32.8,
4758,20260321,186,5056,640.89,90.8,25.3,2.0
4759,20260508,226,5015,212.22,50.2,21.5,0.0
4760,20260315,201,5025,769.17,80.4,25.3,
4761,20260218,291,5074,875.75,,29.5,
4762,20260626,141,5034,843.38,57.6,21.3,1.0
4763,20260525,105,5039,1489.57,85.1,29.2,0.0
4764,20260216,189,5079,149.18,72.0,33.3,1.0
4765,20260122,276,5066,1259.64,,34.5,
4766,20260608,191,5070,709.44,54.6,29.8,1.0
4767,20250825,191,5032,494.27,,28.1,1.0
4768,20260809,261,5089,640.24,49.8,31.5,0.0
4769,20260215,178,5007,1475.71,13.2,24.3,
4770,20260101,161,5048,259.81,85.7,25.2,3.0
4771,20260506,229,5074,377.1,77.2,30.9,0.0
4772,20260302,171,5061,487.22,33.6,24.3,0.0
4773,20260214,116,5028,1292.4,89.3,30.8,0.0
4774,20260328,261,5098,1399.48,89.6,27.9,
4775,20250828,166,5056,241.03,51.4,34.9,0.0
4776,20251124,200,5036,572.79,59.0,33.6,0.0
4777,20260102,108,5096,184.62,19.9,24.5,2.0
4778,20251129,243,5089,626.1,45.4,22.0,2.0
4779,20260608,172,5100,258.9,16.5,29.1,0.0
4780,20260125,158,5024,312.57,89.3,34.6,
4781,20260111,139,5036,1371.49,31.9,27.1,0.0
4782,20260322,188,5065,441.32,42.5,28.5,
4783,20250829,201,5086,169.31,65.2,27.8,0.0
4784,20260215,269,5006,1433.81,92.3,32.9,0.0
4785,20251001,136,5078,1375.1,94.9,31.3,0.0
4786,20260609,123,5052,1013.26,82.8,22.1,2.0
4787,20260122,287,5024,74.68,30.5,29.5,1.0
4788,20260501,198,5087,,74.5,18.8,1.0
4789,20250920,234,5037,1125.77,48.9,21.4,
4790,20260522,274,5035,696.81,78.0,22.8,0.0
4791,20260719,257,5001,1271.73,24.7,31.8,0.0
4792,20260421,261,5053,1330.79,75.2,21.6,3.0
4793,20250928,276,5027,594.95,84.2,31.8,3.0
4794,20260108,159,5003,82.78,51.6,29.8,3.0
4795,20260122,207,5054,1027.88,91.6,26.9,0.0
4796,20251014,162,5085,659.97,79.1,30.9,0.0
4797,20260314,247,5017,956.99,67.0,19.8,1.0
4798,20260427,140,5036,507.92,,27.7,0.0
4799,20251022,210,5035,375.74,,18.1,3.0
4800,20260123,180,5060,239.3,75.1,20.5,0.0
4801,20251109,255,5077,,92.5,18.5,0.0
4802,20260420,185,5082,994.74,25.7,30.3,0.0
4803,20260708,215,5041,923.88,52.2,29.2,
4804,20260528,239,5013,485.16,71.3,26.4,
4805,20260429,134,5029,857.93,51.0,22.4,
4806,20250924,153,5029,1457.24,34.9,18.4,
4807,20250920,268,5003,1031.83,67.3,23.3,0.0
4808,20260121,136,5091,442.01,,31.2,2.0
4809,20251220,249,5042,550.17,52.1,27.3,0.0
4810,20260217,239,5029,1053.46,10.4,25.4,
4811,20251228,276,5009,897.3,49.8,24.5,2.0
4812,20260526,152,5079,558.6,57.6,26.8,1.0
4813,20260213,136,5037,604.28,20.3,25.9,
4814,20260723,180,5094,240.55,22.5,31.8,0.0
4815,20251226,277,5092,204.14,30.6,29.1,0.0
4816,20251227,281,5078,1017.75,38.4,24.6,0.0
4817,20260518,235,5059,513.52,18.1,30.5,2.0
4818,20260709,135,5076,1398.7,17.4,25.9,0.0
4819,20260304,211,5054,893.09,65.2,26.1,1.0
4820,20260408,298,5082,1270.31,75.5,26.6,0.0
4821,20251003,138,5077,,,25.1,3.0
4822,20260623,268,5043,673.31,56.8,25.3,3.0
4823,20251014,245,5070,1327.22,23.9,25.0,0.0
4824,20260427,141,5050,1490.38,24.1,,0.0
4825,20260110,182,5061,1069.52,51.1,21.5,1.0
4826,20251201,118,5072,1112.13,92.6,34.9,0.0
4827,20260518,243,5002,1213.38,15.1,21.3,3.0
4828,20260120,237,5044,,44.8,19.0,0.0
4829,20260327,285,5044,420.18,44.5,27.4,2.0
4830,20250922,131,5041,856.2,71.9,26.9,
4831,20250927,148,5045,1197.19,22.6,34.3,
4832,20251023,182,5057,1367.04,46.6,21.4,0.0
4833,20260325,138,5020,794.86,87.4,33.0,2.0
4834,20251110,287,5060,660.89,81.7,18.7,2.0
4835,20260124,108,5096,360.15,56.7,25.8,2.0
4836,20260619,296,5064,600.09,28.3,19.6,0.0
4837,20260224,182,5027,135.24,58.5,31.6,2.0
4838,20250812,206,5069,64.02,94.8,27.9,0.0
4839,20260629,206,5090,812.0,49.0,20.9,2.0
4840,20251105,178,5022,502.34,44.8,25.9,0.0
4841,20260313,214,5087,425.29,44.2,18.9,0.0
4842,20260131,291,5050,791.2,80.1,29.7,1.0
4843,20260107,264,5033,384.55,55.0,24.2,0.0
4844,20250908,290,5052,1240.25,92.9,26.9,3.0
4845,20260317,171,5005,858.36,75.3,33.7,2.0
4846,20251107,139,5085,178.43,10.1,20.4,0.0
4847,20260226,300,5074,868.6,11.2,18.1,
4848,20260324,149,5011,879.24,68.0,26.6,2.0
4849,20260302,128,5081,761.51,73.3,28.6,0.0
4850,20260608,134,5063,948.58,10.8,31.5,0.0
4851,20250827,148,5072,872.52,74.3,32.1,2.0
4852,20251003,107,5045,174.34,60.5,25.0,
4853,20260406,296,5011,486.12,93.6,,0.0
4854,20250823,257,5027,123.01,48.0,25.8,3.0
4855,20260618,258,5096,878.36,78.9,33.9,3.0
4856,20260411,169,5068,1102.84,51.4,29.7,
4857,20260612,256,5048,817.18,76.0,26.6,2.0
4858,20251127,246,5039,1244.63,,29.1,
4859,20260712,257,5038,1345.91,53.5,32.9,0.0
4860,20250827,160,5097,1463.0,72.3,27.3,0.0
4861,20260109,253,5041,619.91,88.1,27.8,0.0
4862,20251014,160,5058,1444.82,69.9,18.2,
4863,20260412,160,5087,956.72,46.9,24.4,0.0
4864,20260321,276,5060,1258.73,78.6,33.0,
4865,20260420,107,5004,1188.86,59.3,24.8,0.0
4866,20260315,192,5020,1470.49,24.0,31.5,0.0
4867,20260525,121,5080,453.97,52.4,29.6,1.0
4868,20251013,277,5075,440.07,81.5,26.9,2.0
4869,20260123,300,5022,683.72,,32.9,3.0
4870,20260309,223,5080,701.12,13.0,20.7,0.0
4871,20260716,135,5046,1428.35,91.9,28.0,3.0
4872,20250913,229,5073,781.05,85.7,23.3,0.0
4873,20251127,255,5056,220.04,29.9,32.7,0.0
4874,20251222,221,5054,882.42,52.9,24.3,0.0
4875,20251226,283,5098,815.29,60.5,,
4876,20250903,267,5003,511.91,67.2,22.5,2.0
4877,20260113,196,5097,675.96,68.8,23.5,3.0
4878,20260227,148,5037,264.65,51.8,33.8,0.0
4879,20251125,200,5072,1290.74,35.9,25.2,0.0
4880,20250928,226,5096,293.85,,31.2,0.0
4881,20260421,222,5063,1496.91,44.8,29.5,0.0
4882,20251118,136,5031,338.99,68.1,28.1,0.0
4883,20260218,142,5049,1103.94,62.3,20.7,0.0
4884,20260218,150,5069,1045.16,,22.9,0.0
4885,20260421,158,5017,1126.69,82.5,29.3,2.0
4886,20260322,109,5049,1306.02,77.9,28.4,
4887,20250919,205,5078,570.96,,25.8,0.0
4888,20260504,296,5016,526.84,32.9,28.3,1.0
4889,20260328,104,5013,1324.04,38.9,18.1,0.0
4890,20260806,170,5051,1153.98,,20.1,
4891,20260203,206,5028,52.87,21.3,27.5,0.0
4892,20260419,157,5028,79.9,50.0,27.0,0.0
4893,20260717,291,5015,845.39,40.6,22.5,3.0
4894,20260805,272,5074,596.51,33.5,30.3,1.0
4895,20251123,152,5038,,75.7,28.5,
4896,20260320,294,5023,1128.48,53.3,33.5,0.0
4897,20251203,153,5021,1491.39,52.7,23.9,0.0
4898,20260218,117,5099,707.48,48.0,30.3,
4899,20260809,146,5100,910.93,59.8,,
4900,20251217,213,5095,937.67,52.4,27.0,0.0
4901,20250926,258,5052,54.87,59.1,25.8,0.0
4902,20260303,226,5071,805.58,10.3,27.7,1.0
4903,20260216,277,5053,1163.77,88.2,34.1,0.0
4904,20260329,184,5046,873.79,13.4,31.6,0.0
4905,20260206,218,5097,180.47,36.1,22.6,0.0
4906,20251014,164,5028,415.58,75.0,34.1,1.0
4907,20260321,210,5054,638.98,74.2,22.2,0.0
4908,20260426,204,5077,53.84,,22.3,1.0
4909,20260803,299,5036,890.49,,33.3,0.0
4910,20250810,111,5041,1291.02,25.3,23.4,0.0
4911,20250818,256,5099,183.9,62.0,24.4,
4912,20260326,289,5047,873.19,93.0,29.8,0.0
4913,20250922,198,5081,1125.0,15.0,33.6,0.0
4914,20260616,285,5014,,20.6,28.8,0.0
4915,20260529,181,5086,390.89,73.2,24.6,2.0
4916,20260810,201,5088,1043.99,66.4,21.1,1.0
4917,20260108,257,5082,342.24,86.8,21.7,0.0
4918,20251210,291,5098,712.28,39.4,29.4,0.0
4919,20260303,247,5082,1255.92,91.0,26.6,2.0
4920,20260331,253,5041,1026.22,41.6,18.5,2.0
4921,20250814,238,5065,1420.35,47.7,30.0,1.0
4922,20251022,235,5069,886.9,30.5,30.7,2.0
4923,20251121,265,5069,716.76,,25.1,1.0
4924,20260526,281,5051,1088.72,70.8,19.0,0.0
4925,20251130,110,5029,114.86,12.8,33.7,0.0
4926,20260211,234,5052,62.91,94.4,28.3,
4927,20251206,128,5064,1202.98,74.0,27.8,3.0
4928,20250812,216,5097,538.42,79.7,28.8,3.0
4929,20260418,217,5060,837.82,75.9,23.2,
4930,20251212,111,5037,1271.84,,28.9,1.0
4931,20260502,163,5058,169.19,42.4,27.0,3.0
4932,20260323,233,5021,1289.13,38.5,30.3,
4933,20250820,238,5023,1369.12,46.8,18.1,0.0
4934,20251013,202,5052,666.62,,29.9,
4935,20251208,289,5037,1499.96,65.0,25.6,0.0
4936,20251211,111,5001,613.34,33.1,20.9,0.0
4937,20260413,243,5069,108.91,44.0,34.6,
4938,20260711,200,5043,83.43,50.7,31.2,0.0
4939,20260528,233,5098,915.25,20.4,30.0,
4940,20260403,296,5060,1269.68,39.1,32.3,1.0
4941,20260202,262,5084,904.76,57.4,25.5,0.0
4942,20260327,113,5023,452.13,51.0,20.2,3.0
4943,20260702,149,5088,,63.8,30.5,
4944,20260222,175,5013,680.11,60.5,32.9,0.0
4945,20251210,213,5050,1340.96,12.1,27.0,
4946,20260523,202,5075,1098.37,,18.4,3.0
4947,20260108,178,5084,404.26,40.4,34.9,0.0
4948,20260508,299,5054,696.22,81.3,19.4,3.0
4949,20260611,174,5054,1397.88,27.8,31.4,0.0
4950,20251127,219,5053,808.92,71.5,23.4,0.0
4951,20260502,143,5025,173.49,75.2,27.2,0.0
4952,20251203,209,5082,184.08,61.0,28.8,3.0
4953,20260222,176,5004,,27.8,22.0,0.0
4954,20251025,257,5080,986.35,21.6,30.5,0.0
4955,20260417,114,5029,1056.74,,21.4,
4956,20260529,277,5018,528.1,28.5,19.3,1.0
4957,20260701,233,5079,255.21,31.9,31.9,1.0
4958,20251217,137,5080,881.33,22.7,34.5,
4959,20260730,219,5065,1217.04,90.2,20.0,1.0
4960,20251120,266,5011,267.62,69.3,26.1,0.0
4961,20250821,216,5077,76.35,23.5,23.7,2.0
4962,20260805,124,5074,972.09,90.4,34.7,1.0
4963,20260327,285,5094,1217.13,54.2,22.6,2.0
4964,20260614,229,5053,1013.86,49.6,28.1,2.0
4965,20260306,129,5003,149.2,,22.7,2.0
4966,20251230,147,5042,345.01,80.8,30.3,
4967,20260315,300,5079,1155.83,79.2,22.2,1.0
4968,20260622,250,5032,452.71,52.3,32.2,0.0
4969,20260512,279,5022,646.12,25.0,26.4,0.0
4970,20260425,240,5073,697.39,38.6,27.3,2.0
4971,20251203,135,5081,,59.3,25.6,2.0
4972,20250821,201,5061,883.39,18.7,30.3,0.0
4973,20260108,206,5088,915.98,29.8,18.7,0.0
4974,20260207,183,5012,460.91,29.5,29.0,0.0
4975,20251104,216,5048,1341.33,50.1,28.5,0.0
4976,20260122,107,5003,446.34,75.2,24.9,0.0
4977,20260723,146,5096,636.41,69.4,20.3,
4978,20251028,217,5077,690.34,85.3,27.0,0.0
4979,20251128,252,5084,1088.37,,32.0,2.0
4980,20250920,283,5050,188.46,68.9,33.7,
4981,20260524,152,5071,848.28,,25.5,3.0
4982,20260521,217,5066,437.15,65.7,,
4983,20260710,124,5025,983.75,31.3,33.6,0.0
4984,20260119,165,5021,73.25,86.2,22.3,2.0
4985,20250819,183,5059,251.95,27.4,18.2,1.0
4986,20260202,278,5048,1166.49,47.9,20.0,0.0
4987,20260209,267,5093,1369.86,32.7,25.5,3.0
4988,20251018,283,5031,1048.64,,23.0,2.0
4989,20260714,142,5023,,85.4,34.5,0.0
4990,20260505,284,5061,249.77,26.7,20.4,
4991,20260217,288,5092,372.61,20.5,28.2,3.0
4992,20260520,132,5026,,63.3,29.9,
4993,20251001,124,5042,,85.4,26.7,0.0
4994,20260625,130,5017,469.03,53.7,23.4,1.0
4995,20260606,281,5038,51.64,,25.3,1.0
4996,20260719,216,5009,1443.41,41.2,28.7,0.0
4997,20260414,263,5004,617.07,63.9,23.4,2.0
4998,20250927,193,5027,98.84,92.3,23.8,2.0
4999,20260502,122,5074,552.64,20.9,32.5,0.0
5000,20260125,235,5060,1336.5,64.9,20.5,2.0
5001,20260428,282,5059,770.48,,23.7,1.0
5002,20260217,199,5032,1048.8,63.2,31.4,0.0
5003,20250811,287,5088,1362.01,11.1,24.8,3.0
5004,20260717,231,5078,727.98,49.5,21.0,2.0
5005,20260418,257,5057,,47.4,21.0,0.0
5006,20260315,141,5031,569.84,60.4,28.3,
5007,20250910,197,5023,1457.86,78.1,34.9,0.0
5008,20260127,241,5060,646.8,64.5,20.8,1.0
5009,20250826,198,5065,281.67,41.6,34.7,3.0
5010,20260216,112,5083,1399.3,89.5,25.1,0.0
5011,20260408,297,5015,549.44,,28.5,0.0
5012,20251202,144,5078,708.93,50.6,18.7,0.0
5013,20260309,186,5043,62.21,45.8,29.3,0.0
5014,20251202,245,5021,176.43,,19.7,0.0
5015,20260702,269,5032,948.64,55.9,,
5016,20251205,139,5060,1489.11,86.0,22.4,1.0
5017,20251019,142,5093,862.02,65.5,21.9,0.0
5018,20251119,138,5009,252.26,42.8,20.8,0.0
5019,20251204,146,5001,1066.77,41.4,30.2,0.0
5020,20260118,297,5096,205.42,70.0,33.8,3.0
5021,20250922,283,5005,218.48,36.1,27.5,0.0
5022,20251003,114,5088,657.08,71.9,29.4,0.0
5023,20251118,208,5087,150.69,68.7,26.9,0.0
5024,20250815,179,5053,,18.1,34.8,
5025,20260325,180,5067,965.74,51.6,28.5,3.0
5026,20260214,287,5061,524.68,69.2,31.7,2.0
5027,20251024,297,5050,868.47,77.3,32.2,
5028,20251216,215,5010,465.95,49.4,29.3,1.0
5029,20251204,174,5054,1306.1,66.8,28.3,0.0
5030,20250930,261,5034,626.49,47.0,24.6,0.0
5031,20260424,147,5092,1330.89,12.6,20.6,0.0
5032,20251121,131,5069,138.21,27.5,29.0,
5033,20251107,134,5016,922.34,22.4,22.3,
5034,20250905,152,5092,367.64,80.0,29.0,2.0
5035,20260322,101,5100,433.53,26.8,30.6,
5036,20251211,260,5078,642.18,92.4,21.2,0.0
5037,20260119,296,5083,127.98,92.3,25.0,0.0
5038,20250926,165,5069,235.29,46.4,25.3,1.0
5039,20260129,104,5092,401.34,55.0,19.5,
5040,20260414,218,5004,257.82,62.4,21.9,0.0
5041,20250917,228,5057,175.67,32.4,24.8,2.0
5042,20250829,228,5062,180.11,91.7,26.5,2.0
5043,20260113,240,5093,1324.52,54.7,28.9,
5044,20251014,102,5008,1365.69,57.3,18.9,
5045,20260316,256,5038,340.73,64.0,33.5,0.0
5046,20260314,227,5051,1360.92,,,2.0
5047,20260612,161,5093,873.31,28.8,29.1,0.0
5048,20260422,156,5099,1485.8,48.8,19.3,
5049,20260323,251,5006,959.36,87.4,23.2,
5050,20251202,269,5047,149.53,49.8,31.1,0.0
5051,20260605,222,5052,179.88,87.9,20.7,0.0
5052,20260427,217,5092,92.58,,20.5,0.0
5053,20260412,205,5066,,83.3,21.9,2.0
5054,20260221,214,5081,1422.43,67.6,24.2,0.0
5055,20260801,121,5084,1087.23,16.8,29.0,
5056,20260513,254,5057,66.72,41.6,18.5,0.0
5057,20260127,254,5055,1116.37,30.2,30.4,
5058,20250927,102,5016,681.08,18.0,20.5,0.0
5059,20260603,163,5014,521.4,53.3,25.3,3.0
5060,20260712,241,5019,1435.79,74.4,32.7,
5061,20260128,172,5034,1169.26,80.1,32.5,0.0
5062,20260123,259,5098,1109.24,45.8,28.8,1.0
5063,20260417,261,5075,1461.65,39.4,18.6,2.0
5064,20260426,243,5097,424.9,40.8,31.6,0.0
5065,20260127,154,5015,603.66,16.9,19.3,0.0
5066,20251102,113,5093,116.71,68.2,28.3,3.0
5067,20251030,148,5022,1319.21,12.5,18.6,0.0
5068,20260621,138,5047,999.88,38.2,33.4,0.0
5069,20260323,115,5053,1346.06,,19.4,0.0
5070,20260710,268,5085,1468.78,46.9,18.8,0.0
5071,20251231,190,5044,657.49,87.5,19.8,2.0
5072,20260423,110,5019,367.21,65.2,24.7,
5073,20260410,138,5032,,44.4,32.2,3.0
5074,20260525,109,5062,605.09,67.0,28.1,0.0
5075,20260628,271,5027,1451.27,13.1,23.5,
5076,20260122,248,5034,205.25,64.9,23.8,3.0
5077,20250821,255,5013,,29.0,23.3,0.0
5078,20260130,177,5043,393.07,35.3,30.2,3.0
5079,20251216,185,5083,580.63,45.5,18.7,1.0
5080,20260125,123,5089,1092.81,18.0,19.6,
5081,20251011,113,5010,1207.9,,33.0,0.0
5082,20260518,128,5059,1475.4,58.3,32.8,0.0
5083,20260319,207,5091,1447.86,67.7,32.5,2.0
5084,20250925,146,5063,498.24,46.4,20.2,2.0
5085,20250916,142,5097,1275.75,22.1,30.5,0.0
5086,20260605,273,5032,426.24,,26.3,1.0
5087,20260528,173,5097,557.1,71.6,23.1,0.0
5088,20251207,257,5034,1443.6,17.6,30.9,
5089,20260404,270,5044,170.46,72.1,29.7,0.0
5090,20260527,278,5038,1498.8,29.6,31.7,0.0
5091,20260220,280,5089,825.4,38.5,18.1,
5092,20260103,253,5057,286.61,36.4,29.0,3.0
5093,20260108,247,5043,510.88,82.8,21.1,0.0
5094,20260325,244,5058,197.26,42.4,30.1,0.0
5095,20260226,146,5090,1035.11,23.0,23.8,0.0
5096,20260801,217,5034,1247.77,37.6,29.5,
5097,20251228,292,5073,1018.86,58.1,27.7,2.0
5098,20251212,249,5036,,44.0,33.9,0.0
5099,20260603,193,5077,706.94,87.1,25.8,3.0
5100,20260314,110,5005,55.5,47.6,33.8,0.0
5101,20260524,124,5098,618.38,27.5,21.4,
5102,20260116,297,5018,656.54,67.5,26.5,2.0
5103,20260525,177,5019,1223.4,45.2,34.3,
5104,20260225,183,5067,,60.7,20.7,0.0
5105,20251104,195,5037,1401.23,31.9,25.0,2.0
5106,20260409,198,5004,,38.6,24.7,0.0
5107,20250907,118,5029,1431.42,60.7,32.0,0.0
5108,20260716,295,5048,1291.09,10.6,33.3,
5109,20260308,210,5073,450.29,57.3,27.7,
5110,20260204,241,5047,161.05,39.6,19.8,
5111,20260314,117,5092,1393.57,77.0,30.7,0.0
5112,20260126,175,5038,1325.02,34.3,19.0,0.0
5113,20260301,221,5040,1331.62,40.8,27.0,3.0
5114,20260606,135,5092,642.72,,29.4,3.0
5115,20251013,132,5021,841.38,65.5,30.8,2.0
5116,20260725,278,5073,,26.9,19.1,3.0
5117,20250904,171,5082,1274.25,49.9,20.0,3.0
5118,20250918,185,5040,1195.66,53.7,26.4,0.0
5119,20260603,235,5061,475.51,28.5,21.6,
5120,20260519,206,5092,727.27,14.6,33.5,0.0
5121,20251226,235,5057,166.75,72.8,18.0,1.0
5122,20260206,154,5087,281.48,17.7,20.5,0.0
5123,20260408,279,5038,137.13,66.3,18.6,
5124,20250912,154,5020,351.16,72.6,18.4,0.0
5125,20260605,257,5096,71.81,90.3,22.6,
5126,20260630,115,5089,,89.9,20.5,0.0
5127,20260706,128,5017,1402.34,42.3,25.8,3.0
5128,20260330,247,5019,1219.1,42.0,25.1,0.0
5129,20250810,287,5078,489.8,68.0,31.4,
5130,20251002,262,5038,,92.7,22.2,0.0
5131,20251003,236,5050,1490.46,,32.1,3.0
5132,20260220,123,5033,1461.65,43.2,29.0,3.0
5133,20251230,224,5082,232.05,77.6,31.0,0.0
5134,20260309,286,5030,504.15,27.4,25.0,2.0
5135,20251020,277,5004,444.22,69.9,20.4,0.0
5136,20260416,255,5028,353.74,25.8,25.3,0.0
5137,20251203,281,5075,127.79,90.5,29.7,0.0
5138,20260306,174,5039,1102.78,27.4,24.1,0.0
5139,20260710,210,5019,1324.12,88.0,32.4,0.0
5140,20251129,256,5075,1143.16,48.4,34.5,
5141,20260721,182,5002,844.14,,22.8,0.0
5142,20260116,167,5034,1423.84,,33.1,0.0
5143,20260804,235,5047,268.68,15.6,29.4,2.0
5144,20251214,248,5093,537.6,66.7,22.5,1.0
5145,20250911,260,5066,973.94,10.4,19.4,3.0
5146,20250812,191,5096,1273.04,18.2,25.0,0.0
5147,20260806,134,5067,926.67,20.5,20.7,0.0
5148,20260104,258,5052,1139.25,61.3,24.4,3.0
5149,20250925,245,5062,287.26,35.7,27.7,0.0
5150,20251125,228,5080,422.33,54.1,24.0,0.0
5151,20251223,234,5022,1189.2,,30.2,
5152,20260226,287,5045,74.93,92.5,34.7,0.0
5153,20250829,262,5083,629.52,11.9,34.2,3.0
5154,20260424,228,5020,1051.89,47.6,27.1,3.0
5155,20260606,227,5076,1211.49,93.0,26.5,0.0
5156,20251219,147,5065,982.09,73.4,24.1,0.0
5157,20260621,257,5041,177.52,45.1,28.9,0.0
5158,20260622,160,5067,229.4,35.9,27.5,2.0
5159,20251104,282,5048,1022.34,74.2,33.7,0.0
5160,20260424,175,5049,938.07,75.8,27.6,0.0
5161,20260101,150,5063,1172.46,57.4,30.6,0.0
5162,20251204,101,5083,,58.5,19.0,
5163,20251228,131,5022,166.45,68.7,30.3,
5164,20251227,107,5068,262.79,66.5,29.4,1.0
5165,20260225,220,5062,411.16,53.7,33.0,2.0
5166,20260409,261,5023,1292.9,62.2,20.8,
5167,20260130,131,5062,672.1,63.6,31.4,0.0
5168,20251017,289,5049,494.75,33.7,27.0,0.0
5169,20251228,154,5002,539.18,,31.3,1.0
5170,20260714,258,5086,900.8,46.6,33.6,0.0
5171,20260613,207,5009,466.88,15.0,31.0,
5172,20251005,206,5044,1317.93,79.4,18.8,
5173,20260810,112,5029,778.9,67.0,32.7,0.0
5174,20260412,186,5040,309.22,,24.8,0.0
5175,20250928,190,5027,143.92,,34.0,0.0
5176,20250905,244,5029,799.38,,30.4,0.0
5177,20250815,264,5020,900.7,34.9,18.3,1.0
5178,20260501,155,5036,658.67,89.7,,1.0
5179,20260204,103,5078,83.64,70.1,28.7,0.0
5180,20260116,264,5100,637.47,,34.9,
5181,20260807,152,5094,426.52,64.3,28.3,0.0
5182,20250909,277,5016,1172.49,57.5,26.4,3.0
5183,20260402,173,5084,553.61,11.2,30.0,3.0
5184,20260109,166,5026,192.59,39.8,23.0,2.0
5185,20260123,118,5046,196.1,,31.2,0.0
5186,20260525,179,5064,113.43,31.0,21.9,0.0
5187,20260319,177,5059,182.11,33.1,31.2,0.0
5188,20260112,230,5073,1232.01,47.0,34.6,3.0
5189,20251014,241,5082,588.05,58.8,28.1,0.0
5190,20260212,183,5002,334.31,35.5,23.3,0.0
5191,20260228,297,5096,1137.14,87.7,29.5,0.0
5192,20260121,102,5068,169.28,77.4,26.9,3.0
5193,20251218,130,5030,1103.0,68.5,34.1,0.0
5194,20251016,276,5095,408.35,,33.6,2.0
5195,20260319,186,5026,92.5,55.9,29.8,2.0
5196,20260309,188,5047,1076.94,75.3,,0.0
5197,20260615,202,5086,123.89,85.0,32.9,
5198,20251104,286,5005,936.39,73.3,18.9,0.0
5199,20260209,246,5052,1429.04,76.8,35.0,2.0
5200,20260107,258,5081,664.63,90.3,33.3,
5201,20260225,108,5013,1244.5,37.7,34.0,0.0
5202,20251222,145,5043,397.59,52.6,20.2,
5203,20260803,150,5065,,58.7,28.8,3.0
5204,20260305,185,5009,1084.62,66.0,31.0,
5205,20260424,187,5035,980.7,43.1,30.2,0.0
5206,20250920,273,5071,782.59,39.3,33.5,0.0
5207,20260202,223,5069,126.66,93.9,26.2,1.0
5208,20260419,222,5095,134.76,57.0,31.4,0.0
5209,20251001,110,5069,286.58,,31.4,1.0
5210,20260504,266,5011,1499.28,77.9,31.7,
5211,20260804,135,5008,342.38,35.8,21.6,1.0
5212,20260805,224,5058,912.28,48.2,31.2,3.0
5213,20260522,140,5073,848.6,17.7,19.7,0.0
5214,20260127,261,5067,908.73,54.9,31.5,0.0
5215,20250907,218,5032,926.37,74.1,25.0,
5216,20260701,238,5032,1439.05,52.7,28.7,3.0
5217,20250911,186,5033,166.26,93.0,31.5,3.0
5218,20260129,219,5095,1221.0,33.2,32.8,0.0
5219,20260508,206,5024,97.03,79.3,18.4,0.0
5220,20260727,291,5089,69.15,40.2,28.1,0.0
5221,20250907,115,5084,481.83,61.5,25.5,0.0
5222,20260329,234,5032,1408.34,44.3,23.0,0.0
5223,20260529,177,5030,1229.27,37.1,34.7,1.0
5224,20251202,245,5089,399.02,28.2,28.4,
5225,20250829,286,5092,1137.81,13.4,20.8,2.0
5226,20251213,274,5059,769.75,23.4,27.7,
5227,20260521,181,5023,193.41,37.5,19.1,0.0
5228,20260128,243,5006,1242.82,22.7,28.8,1.0
5229,20260213,238,5078,1154.8,13.8,20.2,0.0
5230,20260128,105,5035,854.43,83.1,20.2,0.0
5231,20260505,154,5071,116.1,64.8,20.2,0.0
5232,20260111,248,5036,1136.36,80.4,24.0,
5233,20260727,276,5012,1332.71,43.1,23.9,0.0
5234,20260529,185,5096,1148.62,43.4,28.3,1.0
5235,20251123,191,5025,1331.95,61.7,34.5,1.0
5236,20250822,117,5094,275.6,64.4,18.9,0.0
5237,20260713,139,5009,1482.16,32.5,33.6,1.0
5238,20260511,172,5017,564.43,28.9,31.0,0.0
5239,20260503,108,5067,,75.8,22.8,
5240,20260304,187,5039,1467.77,29.7,28.1,2.0
5241,20250901,197,5008,1486.41,31.3,18.0,
5242,20260130,261,5027,1096.55,44.5,28.9,2.0
5243,20251010,237,5030,424.64,38.0,26.0,2.0
5244,20250828,143,5032,,94.7,27.7,0.0
5245,20260807,247,5075,463.1,25.9,19.5,
5246,20260602,256,5098,1468.36,18.7,31.0,
5247,20260326,200,5075,726.66,40.2,32.1,1.0
5248,20251122,148,5062,809.63,12.7,30.6,
5249,20250909,253,5060,1307.64,30.0,21.9,1.0
5250,20260211,130,5013,1385.83,48.4,29.5,1.0
5251,20260617,293,5069,961.6,10.4,24.0,1.0
5252,20251119,179,5007,161.71,56.4,24.4,3.0
5253,20250927,281,5041,1439.4,27.8,34.3,0.0
5254,20251120,181,5082,544.05,83.8,29.1,
5255,20260619,282,5010,539.66,,34.9,3.0
5256,20250815,109,5026,290.19,34.7,21.8,
5257,20250919,170,5062,223.1,46.3,,0.0
5258,20251012,206,5015,735.19,86.9,22.5,
5259,20260314,123,5057,291.38,59.9,18.9,1.0
5260,20251004,228,5011,816.3,15.0,32.8,0.0
5261,20260120,161,5061,1307.48,50.5,29.8,1.0
5262,20260601,196,5026,693.28,32.1,26.7,0.0
5263,20251113,216,5013,1129.78,33.5,18.3,0.0
5264,20260423,178,5070,733.93,46.6,32.5,0.0
5265,20260203,156,5076,1180.11,87.7,21.7,0.0
5266,20260529,235,5028,918.18,,34.0,0.0
5267,20260621,178,5077,131.55,73.0,22.1,
5268,20251213,145,5063,378.71,17.0,23.6,3.0
5269,20250909,129,5039,212.33,16.9,29.0,1.0
5270,20251002,196,5073,652.48,25.1,22.1,0.0
5271,20260717,110,5002,668.79,79.1,33.9,0.0
5272,20251005,300,5075,851.16,13.8,27.2,2.0
5273,20260207,152,5056,792.38,74.1,31.3,0.0
5274,20260808,124,5015,1179.84,71.8,33.6,0.0
5275,20260518,214,5093,731.47,,32.6,0.0
5276,20251105,230,5057,1260.44,44.4,28.5,2.0
5277,20260118,107,5100,238.18,36.6,30.6,0.0
5278,20260331,224,5083,344.06,,21.6,0.0
5279,20251026,229,5025,913.8,77.0,,1.0
5280,20260505,140,5076,1149.34,70.4,32.2,0.0
5281,20251214,149,5082,968.93,70.4,20.7,1.0
5282,20260402,188,5079,607.09,,20.8,0.0
5283,20260513,224,5097,747.63,64.3,28.8,2.0
5284,20250921,288,5059,1173.6,86.7,31.5,
5285,20251010,235,5001,826.44,13.8,21.1,2.0
5286,20260102,180,5033,,,23.2,3.0
5287,20251128,299,5097,1264.38,,20.6,0.0
5288,20260510,184,5053,108.46,36.7,34.5,
5289,20260512,137,5077,1323.54,61.2,26.7,
5290,20260220,297,5035,,28.3,23.4,0.0
5291,20251227,126,5064,203.76,41.7,22.5,0.0
5292,20260425,233,5081,1359.26,81.8,26.4,0.0
5293,20260130,274,5023,313.99,45.4,27.4,0.0
5294,20251002,134,5043,465.85,70.8,27.9,1.0
5295,20260624,153,5065,71.64,44.1,31.0,3.0
5296,20250814,286,5062,1098.05,18.5,28.8,0.0
5297,20260715,110,5066,846.11,29.0,25.7,
5298,20260121,218,5037,1187.35,36.7,26.3,0.0
5299,20260415,200,5083,725.01,73.7,24.3,2.0
5300,20260728,283,5039,1456.91,75.1,18.5,1.0
5301,20260416,234,5034,95.64,12.2,18.4,1.0
5302,20250825,130,5069,296.09,59.8,24.3,0.0
5303,20260711,102,5032,422.5,76.8,29.0,0.0
5304,20260331,180,5044,1308.78,51.0,18.3,1.0
5305,20260725,112,5036,331.52,77.1,24.8,0.0
5306,20260115,276,5087,1163.65,11.0,20.2,3.0
5307,20260712,253,5072,359.27,94.3,29.4,
5308,20260620,123,5065,623.13,85.2,21.2,0.0
5309,20251210,186,5040,320.02,15.8,24.9,3.0
5310,20251115,220,5081,1456.9,82.7,33.8,
5311,20250914,112,5057,226.24,78.9,30.1,0.0
5312,20260406,127,5015,898.37,82.8,32.8,3.0
5313,20251231,234,5097,1194.55,18.0,32.9,2.0
5314,20260519,297,5024,607.46,56.1,21.4,0.0
5315,20260511,269,5063,1019.89,87.5,25.3,
5316,20260505,291,5001,604.52,57.5,25.7,0.0
5317,20260313,180,5041,561.0,42.7,18.1,0.0
5318,20251020,106,5066,711.04,87.7,31.1,0.0
5319,20251211,248,5061,,78.7,28.3,0.0
5320,20260419,295,5064,734.63,60.8,18.9,0.0
5321,20251014,180,5021,613.95,61.6,30.6,3.0
5322,20260226,264,5023,691.6,75.5,18.7,1.0
5323,20260413,154,5009,1039.83,19.9,26.7,3.0
5324,20260610,183,5098,,87.6,35.0,3.0
5325,20250814,152,5056,948.63,63.2,30.6,0.0
5326,20250914,150,5087,221.67,71.5,28.9,0.0
5327,20250917,174,5039,,13.1,25.5,1.0
5328,20260120,171,5013,1474.69,40.3,33.7,
5329,20251029,237,5057,1400.7,20.3,26.5,0.0
5330,20251121,182,5044,1060.62,18.1,29.3,0.0
5331,20251019,298,5082,1412.42,79.1,20.8,0.0
5332,20250818,213,5088,1417.82,78.9,34.5,0.0
5333,20250912,272,5069,179.69,28.9,21.2,2.0
5334,20260719,131,5024,129.63,88.9,28.0,
5335,20260407,170,5025,217.39,45.0,25.4,2.0
5336,20260611,139,5100,639.53,47.2,32.2,0.0
5337,20260723,141,5014,482.38,52.6,24.6,
5338,20260331,171,5098,260.53,77.6,31.7,0.0
5339,20260426,130,5030,155.41,51.9,31.8,3.0
5340,20250922,104,5028,746.5,51.1,23.1,0.0
5341,20260619,260,5040,63.99,55.6,22.7,
5342,20250926,244,5065,336.56,64.6,19.8,
5343,20260407,232,5040,117.31,61.9,29.5,
5344,20260705,127,5041,1414.47,22.5,28.0,0.0
5345,20260305,153,5099,1229.39,82.3,29.5,1.0
5346,20260729,239,5068,807.89,,34.7,
5347,20260703,190,5061,424.14,73.9,33.5,0.0
5348,20260421,241,5014,1183.57,90.6,,0.0
5349,20251110,182,5088,459.0,82.2,,2.0
5350,20260127,170,5039,357.23,87.1,27.7,0.0
5351,20260718,137,5079,,91.1,27.0,0.0
5352,20260331,281,5027,213.13,82.0,24.8,0.0
5353,20260713,173,5074,830.38,94.1,20.5,3.0
5354,20251119,247,5087,372.09,11.5,28.3,1.0
5355,20260113,163,5020,248.58,,19.7,0.0
5356,20260706,144,5042,835.65,69.7,31.7,0.0
5357,20260518,119,5021,474.61,61.0,24.0,
5358,20251206,180,5025,145.64,17.1,23.4,3.0
5359,20251008,257,5099,84.2,91.8,30.3,0.0
5360,20250906,187,5051,487.07,28.7,23.3,2.0
5361,20260521,239,5022,205.35,79.1,26.2,
5362,20251228,214,5021,666.38,16.3,22.8,
5363,20251209,113,5079,1223.58,26.6,32.5,0.0
5364,20250831,134,5085,158.16,59.0,27.2,
5365,20260725,108,5021,72.43,23.9,30.6,
5366,20251114,221,5042,1294.32,21.5,26.4,1.0
5367,20260118,273,5067,117.93,57.8,19.7,0.0
5368,20260205,113,5061,196.35,,28.9,0.0
5369,20260715,128,5084,1371.81,75.6,30.5,0.0
5370,20260321,199,5077,596.73,32.5,21.3,
5371,20251014,114,5054,1093.56,66.6,21.5,0.0
5372,20260206,123,5100,1157.29,90.2,34.6,3.0
5373,20251001,210,5093,1085.75,80.3,25.6,0.0
5374,20260518,201,5035,,50.6,34.0,0.0
5375,20251028,146,5030,1062.51,67.5,21.9,
5376,20260402,281,5034,636.21,89.5,31.5,2.0
5377,20260710,253,5061,1201.57,,21.6,0.0
5378,20260428,252,5039,385.08,40.9,23.1,
5379,20250916,262,5048,1308.22,,26.4,0.0
5380,20250905,277,5019,940.97,42.8,33.2,1.0
5381,20260307,280,5040,528.49,70.9,33.0,0.0
5382,20251109,215,5043,499.29,31.7,28.5,
5383,20260120,258,5094,181.54,10.6,25.2,2.0
5384,20260704,192,5046,54.55,44.0,19.6,
5385,20251003,180,5096,74.76,15.8,25.9,0.0
5386,20260401,186,5041,221.81,88.0,24.1,0.0
5387,20260717,151,5058,1153.53,90.5,18.9,0.0
5388,20260410,283,5040,1372.52,25.4,19.9,3.0
5389,20251115,295,5055,659.89,45.2,18.3,
5390,20260423,272,5073,1164.63,93.0,18.3,0.0
5391,20260707,237,5051,275.43,21.2,18.7,0.0
5392,20260308,121,5098,783.07,12.8,26.5,0.0
5393,20260214,294,5054,1222.16,29.5,25.2,0.0
5394,20260720,296,5001,,15.1,29.3,0.0
5395,20260205,220,5098,1290.51,43.0,31.1,0.0
5396,20260116,246,5052,227.31,94.7,24.1,2.0
5397,20260614,134,5008,735.07,41.5,31.9,0.0
5398,20260522,124,5053,850.12,16.2,26.9,0.0
5399,20260524,279,5046,515.38,,33.6,1.0
5400,20260223,220,5083,1159.13,67.3,32.8,0.0
5401,20250811,125,5018,1303.13,,25.9,3.0
5402,20260725,217,5059,248.38,,31.1,2.0
5403,20260605,180,5099,1167.12,46.7,24.0,1.0
5404,20260202,276,5036,1363.46,80.7,28.8,0.0
5405,20260305,265,5003,,15.4,34.0,0.0
5406,20260718,282,5091,527.8,17.0,21.9,0.0
5407,20251219,297,5026,192.8,20.3,33.3,0.0
5408,20260416,220,5027,389.6,72.0,18.9,
5409,20260103,221,5085,589.57,83.4,29.0,2.0
5410,20260329,160,5092,866.04,70.4,25.2,0.0
5411,20260726,158,5033,784.7,76.3,19.6,0.0
5412,20250912,137,5038,544.98,84.4,29.9,2.0
5413,20260221,258,5048,426.42,62.2,23.6,
5414,20260727,167,5004,595.75,61.7,21.7,0.0
5415,20250908,194,5042,1411.39,28.8,26.4,2.0
5416,20260125,201,5055,116.14,15.0,33.3,0.0
5417,20260517,147,5049,1023.6,37.6,34.8,1.0
5418,20260404,280,5042,917.91,59.6,21.5,
5419,20251013,271,5072,283.13,73.4,30.4,0.0
5420,20250824,185,5072,1114.81,,26.0,1.0
5421,20251228,184,5095,77.35,59.4,27.8,3.0
5422,20251018,217,5026,478.67,87.8,32.1,3.0
5423,20260421,225,5028,474.44,15.1,20.9,0.0
5424,20260704,108,5080,1149.65,77.0,32.8,0.0
5425,20260328,117,5065,1271.73,28.8,34.2,1.0
5426,20251219,222,5057,586.23,77.2,22.9,1.0
5427,20250910,129,5036,456.27,79.4,32.3,2.0
5428,20260329,190,5014,1171.09,39.0,24.5,
5429,20260506,223,5010,729.42,46.6,21.2,0.0
5430,20250930,219,5032,103.18,65.9,24.7,3.0
5431,20251019,144,5021,143.75,52.9,26.8,0.0
5432,20260430,173,5042,197.53,61.5,28.4,0.0
5433,20260315,297,5093,718.0,81.9,23.4,0.0
5434,20260205,190,5062,,19.0,19.5,1.0
5435,20250902,255,5093,775.06,11.7,,
5436,20260223,248,5076,227.63,59.5,23.9,0.0
5437,20251130,133,5061,,42.9,29.4,0.0
5438,20260221,231,5006,432.18,19.2,30.9,0.0
5439,20260611,127,5100,995.89,74.8,21.5,3.0
5440,20260121,204,5085,820.76,83.1,26.4,0.0
5441,20260809,283,5050,979.77,14.1,32.6,
5442,20250823,128,5089,383.33,34.5,18.4,0.0
5443,20250830,184,5091,1013.64,,23.5,0.0
5444,20260525,243,5063,,23.9,,0.0
5445,20250825,267,5032,191.67,15.5,30.5,3.0
5446,20250922,119,5036,511.17,74.1,23.3,
5447,20260601,178,5078,1469.12,81.6,29.1,0.0
5448,20260411,237,5076,818.61,,22.3,0.0
5449,20260124,219,5049,1175.66,,28.3,0.0
5450,20260415,203,5008,1338.57,20.4,31.8,0.0
5451,20260625,252,5013,479.93,76.8,31.6,3.0
5452,20251003,206,5008,,76.0,28.1,2.0
5453,20260310,162,5082,487.49,90.0,27.6,0.0
5454,20260714,259,5044,1277.68,85.6,29.2,0.0
5455,20250823,163,5036,1073.23,75.3,23.4,0.0
5456,20250930,241,5069,1023.99,31.5,29.5,
5457,20260406,141,5048,605.82,,34.5,2.0
5458,20260129,224,5057,284.9,78.6,30.9,2.0
5459,20260711,199,5037,300.5,81.4,29.1,0.0
5460,20250826,117,5015,426.36,84.5,21.0,0.0
5461,20260423,188,5061,1140.02,,22.5,2.0
5462,20250926,154,5018,1043.61,68.8,21.4,0.0
5463,20251012,278,5096,634.1,52.5,,
5464,20250828,252,5010,263.88,18.7,34.4,
5465,20251130,211,5042,703.76,13.2,34.1,0.0
5466,20260527,212,5100,854.75,75.8,30.2,2.0
5467,20260123,246,5094,1259.16,81.5,20.4,
5468,20251011,188,5053,1495.7,33.2,26.4,0.0
5469,20260314,240,5020,700.61,57.9,34.0,
5470,20260605,278,5020,671.49,32.4,19.3,
5471,20250917,161,5076,247.35,58.1,24.0,3.0
5472,20260207,145,5039,695.71,40.0,32.5,0.0
5473,20260529,270,5074,1343.93,79.7,21.9,0.0
5474,20251029,272,5026,1040.63,,28.8,0.0
5475,20260531,120,5072,258.53,,27.0,0.0
5476,20260112,290,5012,1421.11,82.2,18.1,
5477,20260603,283,5057,1296.52,38.3,25.6,0.0
5478,20260804,247,5032,1074.29,87.2,23.4,0.0
5479,20260415,225,5042,1417.46,52.6,19.9,0.0
5480,20251206,130,5074,,45.2,27.2,
5481,20260802,252,5070,845.31,21.2,23.9,0.0
5482,20260308,253,5098,1385.23,90.3,29.0,2.0
5483,20250929,219,5085,740.04,32.3,20.0,0.0
5484,20260612,184,5034,1052.86,,18.5,
5485,20260527,243,5072,569.3,60.5,21.3,3.0
5486,20260516,125,5068,231.8,28.7,29.1,1.0
5487,20260315,214,5038,1345.02,62.6,25.4,3.0
5488,20251210,146,5089,675.29,56.4,20.2,2.0
5489,20250923,179,5003,780.73,80.8,18.3,3.0
5490,20250930,204,5018,739.02,58.6,24.0,
5491,20260108,118,5099,125.57,13.5,19.8,0.0
5492,20260421,254,5099,1349.09,31.9,22.7,0.0
5493,20260228,128,5009,1056.42,61.7,30.6,3.0
5494,20260117,276,5090,1206.13,33.3,25.0,3.0
5495,20260714,253,5092,799.67,35.9,34.2,0.0
5496,20250824,298,5095,1407.38,66.5,19.3,
5497,20250915,198,5041,1490.79,65.9,24.9,
5498,20260616,184,5047,907.42,34.7,24.8,0.0
5499,20260322,227,5099,388.95,40.5,25.8,3.0
5500,20260521,266,5058,133.42,89.0,24.4,0.0
5501,20250815,270,5096,535.18,94.7,18.2,
5502,20260204,116,5028,587.25,,19.6,0.0
5503,20250812,124,5024,391.21,46.6,23.7,1.0
5504,20251014,156,5042,,36.9,30.2,2.0
5505,20250911,136,5060,1192.9,26.2,22.0,
5506,20260405,249,5030,1046.59,74.7,,1.0
5507,20260630,294,5059,1418.21,,31.1,0.0
5508,20260109,263,5047,925.78,48.6,18.0,
5509,20260601,101,5043,259.95,74.0,21.2,3.0
5510,20260519,294,5026,340.02,61.4,29.1,0.0
5511,20260420,138,5087,656.27,84.6,23.8,0.0
5512,20251024,270,5091,171.52,78.5,24.4,0.0
5513,20260401,139,5034,1361.97,26.6,23.2,3.0
5514,20260217,216,5033,914.46,18.1,24.3,0.0
5515,20260107,237,5078,701.59,89.7,32.4,2.0
5516,20260719,175,5096,1429.74,92.2,32.4,3.0
5517,20260321,200,5003,1175.94,52.1,32.2,0.0
5518,20250823,258,5018,505.69,54.6,24.7,0.0
5519,20251014,248,5016,1038.63,63.6,30.7,3.0
5520,20260208,215,5083,1119.91,20.5,33.0,0.0
5521,20260723,151,5053,646.67,94.1,30.3,
5522,20260327,153,5055,133.77,67.1,28.0,0.0
5523,20260523,275,5051,736.85,41.9,26.1,3.0
5524,20251215,182,5063,913.3,54.1,34.6,
5525,20250811,177,5007,721.89,59.5,19.4,1.0
5526,20251104,246,5068,1080.49,11.2,19.0,0.0
5527,20250922,274,5008,549.18,92.1,18.0,0.0
5528,20260220,178,5066,280.24,91.8,26.8,0.0
5529,20250914,212,5048,1283.28,42.9,28.4,
5530,20251220,284,5003,900.71,61.7,31.5,3.0
5531,20260515,189,5073,1300.85,47.9,31.6,
5532,20260223,123,5056,399.8,43.0,20.6,0.0
5533,20251029,250,5005,1182.82,20.3,,0.0
5534,20260518,103,5065,426.52,43.2,28.4,0.0
5535,20260408,257,5042,1275.36,21.7,23.0,0.0
5536,20251119,231,5069,741.44,71.1,32.8,3.0
5537,20251019,204,5063,1297.45,43.9,30.9,0.0
5538,20260528,133,5037,1136.89,10.7,21.2,0.0
5539,20260417,176,5074,238.84,26.1,23.3,3.0
5540,20260730,116,5043,1106.53,60.7,26.2,2.0
5541,20260130,195,5082,,20.8,18.4,2.0
5542,20251013,241,5009,1073.94,,25.1,
5543,20260412,114,5095,,44.0,19.7,0.0
5544,20250825,101,5010,983.02,56.6,24.4,
5545,20260403,281,5073,749.11,88.0,32.2,1.0
5546,20251122,244,5012,204.3,94.8,21.7,0.0
5547,20260116,192,5072,158.77,67.4,32.2,
5548,20251210,129,5100,723.94,51.1,25.9,2.0
5549,20260531,173,5015,587.94,13.9,32.2,3.0
5550,20260514,108,5069,1336.16,43.6,31.4,
5551,20250825,161,5021,667.59,42.2,23.5,0.0
5552,20260507,211,5066,225.0,81.3,31.2,1.0
5553,20260714,280,5012,763.14,73.4,32.9,0.0
5554,20251013,252,5074,663.25,79.8,20.8,2.0
5555,20260524,201,5060,132.95,35.1,28.1,0.0
5556,20260203,261,5079,477.07,23.4,34.2,0.0
5557,20250921,182,5084,944.34,86.2,30.1,0.0
5558,20260703,283,5025,837.63,79.9,19.2,2.0
5559,20260501,198,5097,215.33,52.3,33.1,0.0
5560,20260314,204,5010,,21.2,25.1,0.0
5561,20251207,198,5099,851.11,,27.8,1.0
5562,20251021,212,5088,886.83,,19.1,2.0
5563,20260414,240,5056,387.4,37.4,27.8,0.0
5564,20251207,155,5036,593.46,33.2,29.0,0.0
5565,20260522,270,5060,1413.0,91.7,19.9,2.0
5566,20251207,145,5058,1261.54,38.9,32.8,3.0
5567,20250914,222,5095,1435.26,39.0,26.1,
5568,20260507,136,5020,61.4,73.1,32.6,0.0
5569,20260624,149,5084,,80.6,18.9,0.0
5570,20251225,243,5043,1219.38,10.1,24.8,2.0
5571,20251029,199,5010,321.41,37.3,24.8,
5572,20260129,193,5024,1352.81,81.1,18.9,0.0
5573,20260203,207,5083,1132.97,81.2,25.4,
5574,20260701,140,5074,1492.61,,32.8,
5575,20251002,174,5044,1476.72,43.2,19.0,2.0
5576,20260715,272,5059,1202.33,15.3,27.8,2.0
5577,20260123,133,5068,70.18,25.3,22.6,0.0
5578,20251229,135,5100,1495.48,40.8,20.0,
5579,20250928,103,5089,1341.2,82.2,29.2,0.0
5580,20260430,119,5095,317.36,38.9,27.8,0.0
5581,20260329,266,5056,626.4,,32.5,0.0
5582,20260802,105,5003,768.41,63.2,26.0,2.0
5583,20251023,137,5052,162.28,87.2,28.3,0.0
5584,20250925,285,5074,662.34,86.3,29.5,0.0
5585,20260420,225,5038,86.65,38.1,19.8,0.0
5586,20250831,269,5001,153.61,75.2,27.8,0.0
5587,20250928,212,5080,723.6,26.0,22.8,0.0
5588,20260617,135,5050,1336.24,20.1,25.5,0.0
5589,20260124,122,5003,78.02,33.1,27.7,2.0
5590,20251011,136,5002,363.25,88.1,,0.0
5591,20251213,265,5029,1496.8,11.4,29.4,
5592,20260630,207,5042,630.09,62.1,27.3,
5593,20260318,217,5055,331.33,80.5,22.6,1.0
5594,20260525,279,5020,1336.29,29.5,25.1,0.0
5595,20260331,255,5034,107.04,,19.2,0.0
5596,20260321,209,5029,546.53,30.6,20.5,
5597,20251011,260,5075,65.63,20.8,28.3,3.0
5598,20260731,147,5087,97.7,71.0,33.8,1.0
5599,20260618,217,5099,895.79,20.5,21.7,0.0
5600,20250910,231,5042,352.58,61.4,26.7,
5601,20260619,209,5069,649.24,85.1,30.8,
5602,20260205,242,5059,715.32,88.3,27.2,1.0
5603,20260809,216,5084,418.02,59.2,23.3,0.0
5604,20260314,199,5086,455.51,87.9,26.0,1.0
5605,20260612,191,5026,887.48,85.6,32.4,1.0
5606,20251120,158,5099,1286.58,29.2,27.2,
5607,20260504,148,5074,1301.39,19.3,33.4,0.0
5608,20260506,209,5046,688.83,79.2,20.6,0.0
5609,20251108,255,5092,866.64,87.2,31.2,3.0
5610,20251207,102,5074,1184.65,64.5,25.7,1.0
5611,20260310,248,5020,678.19,16.4,28.6,2.0
5612,20260702,228,5025,400.42,,34.8,2.0
5613,20260314,288,5099,855.05,78.6,30.6,2.0
5614,20251003,161,5019,832.9,55.8,27.1,0.0
5615,20260307,283,5027,1438.96,77.2,25.3,1.0
5616,20250811,229,5040,97.14,53.5,21.0,2.0
5617,20260803,169,5024,626.66,32.5,34.8,0.0
5618,20250824,206,5013,1397.96,87.1,33.7,0.0
5619,20260129,240,5004,427.16,82.9,21.2,2.0
5620,20260518,248,5069,276.6,67.9,29.8,1.0
5621,20250822,194,5078,557.2,64.0,18.2,
5622,20260220,109,5006,1106.36,84.5,31.2,0.0
5623,20260201,110,5100,,50.9,18.6,0.0
5624,20260529,246,5017,847.56,74.8,30.1,
5625,20260606,224,5070,207.65,,19.1,3.0
5626,20260122,281,5045,925.25,84.3,23.5,1.0
5627,20251106,195,5009,1120.33,13.8,26.3,
5628,20260302,129,5042,376.06,22.6,23.7,0.0
5629,20250814,249,5041,,88.9,34.8,1.0
5630,20260504,224,5030,279.11,46.3,18.3,3.0
5631,20260723,277,5085,1149.26,55.1,31.8,0.0
5632,20250927,121,5027,311.26,29.4,21.3,0.0
5633,20251126,137,5026,1298.71,28.4,30.9,0.0
5634,20260404,287,5039,282.09,62.9,34.0,
5635,20250912,288,5021,880.26,58.1,24.5,3.0
5636,20260201,235,5055,1242.26,67.9,32.6,1.0
5637,20251129,293,5035,372.2,73.4,30.4,0.0
5638,20260424,300,5030,995.72,16.9,19.5,0.0
5639,20260619,172,5028,482.77,19.3,32.2,1.0
5640,20260510,220,5099,1169.99,11.3,24.5,2.0
5641,20250818,233,5046,1234.8,13.6,31.0,0.0
5642,20260123,121,5004,136.27,67.9,26.9,3.0
5643,20260519,234,5018,1254.15,42.5,19.1,0.0
5644,20260625,257,5057,1091.86,83.2,18.3,
5645,20260105,123,5016,706.22,23.8,20.7,2.0
5646,20260526,163,5049,986.53,44.7,27.1,1.0
5647,20251223,221,5004,1244.89,94.4,34.1,
5648,20260126,262,5057,707.75,54.1,30.8,0.0
5649,20260329,290,5096,291.0,,24.9,0.0
5650,20260620,270,5095,984.56,78.5,33.9,0.0
5651,20250904,272,5027,566.05,78.9,28.9,1.0
5652,20260702,120,5049,347.84,67.7,32.2,3.0
5653,20251209,276,5007,759.42,40.7,31.8,
5654,20250821,263,5058,953.97,50.2,20.0,
5655,20260112,239,5057,958.57,92.7,22.1,2.0
5656,20251116,249,5052,591.77,76.0,19.4,3.0
5657,20260722,180,5026,706.33,84.0,31.5,
5658,20260224,257,5027,50.83,83.7,19.0,0.0
5659,20260527,114,5099,1295.79,45.4,22.7,0.0
5660,20260525,188,5049,680.53,75.2,28.9,3.0
5661,20250908,237,5076,1233.29,35.5,29.3,
5662,20260628,300,5016,657.11,54.4,31.3,2.0
5663,20260506,103,5012,767.98,55.3,29.2,1.0
5664,20250830,221,5023,576.91,26.6,24.4,0.0
5665,20260721,217,5065,648.54,74.4,27.7,
5666,20260413,232,5075,1313.0,52.0,28.9,
5667,20260630,221,5093,,63.2,26.0,
5668,20250919,247,5067,841.18,36.7,27.2,0.0
5669,20251221,288,5016,1014.41,35.1,31.5,1.0
5670,20260324,185,5021,1387.43,25.8,20.0,2.0
5671,20251221,208,5097,869.31,64.3,29.1,1.0
5672,20251013,191,5027,1271.49,27.2,28.4,1.0
5673,20260302,176,5016,299.05,19.9,24.2,1.0
5674,20250903,175,5063,117.36,86.4,26.7,0.0
5675,20260426,143,5095,319.95,92.4,19.3,
5676,20251023,110,5078,162.74,67.8,22.1,
5677,20260804,278,5046,588.54,74.4,31.7,0.0
5678,20251105,253,5096,1246.66,,31.7,0.0
5679,20250920,292,5041,483.97,38.1,18.4,0.0
5680,20260201,178,5054,1230.08,93.7,33.3,0.0
5681,20260719,287,5025,948.56,31.4,28.1,
5682,20260310,245,5027,455.26,41.1,23.2,0.0
5683,20260727,167,5012,836.21,57.1,30.5,0.0
5684,20251025,116,5065,1375.11,54.8,22.8,
5685,20260509,262,5047,897.93,53.4,22.4,0.0
5686,20251031,222,5062,301.36,,31.1,0.0
5687,20251217,249,5033,277.47,10.6,29.6,0.0
5688,20251115,144,5066,1437.82,32.3,27.3,0.0
5689,20260415,247,5015,408.54,43.7,23.6,0.0
5690,20251119,114,5059,301.3,47.0,28.3,0.0
5691,20250902,269,5003,1438.24,87.8,21.8,0.0
5692,20251214,175,5001,404.78,70.2,22.3,
5693,20260203,289,5049,147.49,55.2,20.6,
5694,20260218,260,5054,273.25,55.9,27.5,
5695,20250923,107,5052,592.65,92.4,33.1,0.0
5696,20260426,174,5013,995.37,35.4,35.0,2.0
5697,20260415,225,5046,530.51,70.1,30.0,0.0
5698,20260221,122,5047,1287.59,80.4,34.6,0.0
5699,20251124,133,5040,136.1,48.0,28.6,
5700,20260325,230,5009,946.38,71.5,29.7,3.0
5701,20260529,120,5056,1107.61,21.0,25.4,0.0
5702,20260722,172,5084,1484.5,63.2,32.3,3.0
5703,20260602,165,5039,461.34,36.6,28.1,0.0
5704,20260720,134,5030,1204.51,16.1,18.4,
5705,20250903,258,5090,1040.28,81.6,26.5,
5706,20260702,172,5011,98.42,28.3,34.9,0.0
5707,20260124,171,5084,1290.21,87.5,34.3,3.0
5708,20250908,166,5083,892.3,57.2,18.8,
5709,20260704,104,5050,1229.08,61.4,25.2,0.0
5710,20251123,290,5061,1222.38,18.7,33.7,1.0
5711,20260726,129,5003,463.01,76.1,19.2,0.0
5712,20250919,255,5036,1185.88,70.3,34.3,
5713,20251118,145,5094,954.48,43.7,23.0,0.0
5714,20260422,252,5083,1144.83,18.1,32.6,0.0
5715,20260207,290,5042,406.12,65.7,25.3,0.0
5716,20260626,139,5006,1318.96,50.9,,2.0
5717,20260216,269,5019,477.09,35.1,32.8,2.0
5718,20260327,215,5032,407.12,86.4,24.6,3.0
5719,20251125,195,5023,1382.75,17.0,19.7,1.0
5720,20260730,145,5073,908.54,77.2,30.9,0.0
5721,20260224,167,5002,241.78,32.4,29.6,3.0
5722,20250927,280,5017,1227.18,10.3,32.2,2.0
5723,20251214,161,5067,88.65,79.6,22.7,
5724,20260119,225,5020,868.28,11.3,34.5,0.0
5725,20260402,147,5018,,43.0,25.0,1.0
5726,20251124,236,5089,1499.74,33.6,32.7,0.0
5727,20250902,109,5061,384.21,34.3,18.9,3.0
5728,20260625,188,5098,233.17,22.1,34.5,2.0
5729,20251103,122,5005,1450.58,77.0,23.8,2.0
5730,20260722,138,5008,440.73,60.8,26.8,
5731,20260402,253,5077,441.82,89.2,34.6,0.0
5732,20260107,140,5027,284.45,40.0,27.4,3.0
5733,20251213,227,5095,890.69,49.2,22.8,2.0
5734,20260403,293,5085,694.28,,29.5,1.0
5735,20251207,206,5038,533.34,27.4,22.3,
5736,20260315,298,5048,917.74,15.9,29.0,0.0
5737,20260422,199,5080,503.93,77.6,26.2,0.0
5738,20260614,161,5054,1318.12,82.3,29.6,3.0
5739,20260119,270,5021,921.66,18.2,34.6,0.0
5740,20251129,213,5054,244.15,20.4,23.5,0.0
5741,20250927,286,5023,131.84,82.4,26.2,1.0
5742,20260525,264,5023,256.83,29.3,22.8,0.0
5743,20251011,143,5067,1452.12,79.6,18.1,1.0
5744,20251113,154,5020,632.16,85.4,21.9,0.0
5745,20260203,248,5095,159.12,76.8,21.4,0.0
5746,20260731,288,5086,716.69,89.3,24.2,0.0
5747,20260518,189,5024,902.6,,30.7,0.0
5748,20250827,114,5047,452.89,46.7,26.8,2.0
5749,20251217,265,5015,145.07,62.3,25.0,3.0
5750,20260123,168,5021,,12.4,25.6,1.0
5751,20251009,294,5004,314.27,12.1,28.0,
5752,20260714,130,5064,1173.57,13.9,28.4,0.0
5753,20260427,114,5027,438.89,27.5,21.0,
5754,20251122,143,5040,,63.8,20.6,0.0
5755,20260801,219,5052,344.57,29.2,23.3,0.0
5756,20260613,203,5081,699.8,35.6,23.2,0.0
5757,20260420,222,5048,952.09,,33.8,
5758,20260410,178,5034,1205.4,41.0,25.1,3.0
5759,20251005,222,5080,899.64,70.5,29.0,0.0
5760,20251105,292,5042,312.18,69.6,19.7,0.0
5761,20250825,293,5004,697.19,79.2,22.6,0.0
5762,20251203,237,5004,1069.34,70.9,34.4,2.0
5763,20250925,160,5043,194.82,63.3,23.9,0.0
5764,20251113,198,5004,,72.4,26.6,0.0
5765,20251016,275,5061,1097.69,,21.6,3.0
5766,20260303,281,5005,235.76,17.8,34.9,0.0
5767,20250822,200,5095,664.15,89.3,19.3,0.0
5768,20251204,222,5019,1428.65,53.5,27.7,2.0
5769,20251213,168,5053,736.51,14.6,19.4,0.0
5770,20251224,138,5006,269.16,70.4,20.3,
5771,20260223,236,5070,1286.92,89.1,32.6,0.0
5772,20251008,212,5049,962.86,85.0,24.9,0.0
5773,20251128,104,5098,628.03,19.8,21.6,
5774,20260712,174,5077,605.49,58.7,33.8,0.0
5775,20260105,215,5093,1351.08,23.0,32.2,2.0
5776,20260208,198,5068,255.71,61.6,34.7,1.0
5777,20251002,274,5022,86.84,28.5,25.5,2.0
5778,20260124,181,5021,950.18,47.2,30.8,
5779,20251205,236,5013,224.68,88.1,29.9,2.0
5780,20250811,275,5002,1222.54,53.8,26.0,0.0
5781,20260507,111,5045,381.42,51.7,27.0,1.0
5782,20260802,125,5029,56.54,,27.8,
5783,20251209,237,5012,909.98,83.7,32.5,3.0
5784,20260425,264,5054,1006.77,91.0,20.8,
5785,20260130,191,5009,,27.9,26.6,1.0
5786,20251124,211,5015,1358.46,20.0,22.0,3.0
5787,20260721,257,5061,507.34,24.2,29.2,1.0
5788,20260803,267,5060,249.27,29.5,24.1,2.0
5789,20260307,170,5054,138.57,61.2,24.3,3.0
5790,20251002,186,5069,291.01,32.4,21.4,0.0
5791,20260304,170,5057,203.55,13.5,22.7,0.0
5792,20260707,169,5018,563.06,84.8,27.1,0.0
5793,20260118,126,5078,383.89,11.2,21.1,0.0
5794,20260419,166,5082,531.2,48.3,22.1,
5795,20260504,268,5001,,,28.8,0.0
5796,20260705,250,5040,186.43,93.3,20.0,0.0
5797,20250930,201,5061,354.33,72.2,23.3,
5798,20260227,219,5061,1169.24,84.7,32.6,
5799,20251130,298,5033,195.53,84.6,26.1,0.0
5800,20260103,273,5017,977.78,54.7,28.2,1.0
5801,20260613,292,5042,484.29,77.8,31.2,0.0
5802,20260120,162,5085,1015.98,,29.4,0.0
5803,20250912,288,5070,121.59,36.3,24.3,0.0
5804,20250830,273,5047,1284.46,50.1,34.6,3.0
5805,20260401,251,5079,,83.0,21.6,
5806,20260311,298,5086,907.36,31.7,27.3,3.0
5807,20251030,150,5092,,49.0,33.2,0.0
5808,20260718,234,5013,428.35,28.8,34.7,
5809,20251119,187,5062,927.92,42.7,31.7,0.0
5810,20250818,274,5064,233.93,83.1,22.2,2.0
5811,20260223,277,5096,1054.02,93.5,33.4,0.0
5812,20260120,147,5074,414.42,40.0,21.5,0.0
5813,20260412,181,5026,240.37,11.1,24.1,0.0
5814,20250910,241,5017,1457.58,67.1,26.6,0.0
5815,20260213,103,5029,777.49,48.2,21.7,
5816,20251020,273,5066,392.59,91.8,26.4,0.0
5817,20251204,103,5017,1237.03,21.8,20.0,0.0
5818,20260319,118,5019,961.01,82.7,23.4,0.0
5819,20260721,104,5029,1029.34,56.7,20.8,
5820,20260708,206,5085,1065.6,,23.4,0.0
5821,20251220,126,5011,832.57,83.6,29.6,2.0
5822,20251003,235,5096,208.72,25.4,30.2,
5823,20260618,127,5013,311.48,68.4,20.5,0.0
5824,20251223,276,5092,1395.12,55.8,22.0,0.0
5825,20251224,215,5052,60.76,20.3,29.9,0.0
5826,20251122,190,5037,,80.5,19.6,0.0
5827,20251216,157,5079,750.5,28.1,21.5,
5828,20260802,286,5014,110.1,82.8,23.9,2.0
5829,20260625,173,5032,764.43,45.3,30.6,0.0
5830,20250911,165,5029,604.2,91.5,31.5,0.0
5831,20260503,150,5033,883.14,24.0,33.1,0.0
5832,20260119,109,5024,1444.38,57.2,23.5,0.0
5833,20260808,107,5094,1326.91,32.2,25.4,2.0
5834,20260531,259,5085,1148.45,47.4,27.4,0.0
5835,20251123,124,5039,903.92,46.3,26.3,
5836,20260531,115,5043,1479.96,70.2,33.1,3.0
5837,20260731,253,5091,673.5,28.3,24.4,
5838,20260112,269,5060,188.15,27.5,18.2,1.0
5839,20260704,156,5086,1315.28,82.3,30.1,0.0
5840,20250930,254,5076,1417.0,87.0,32.6,3.0
5841,20260312,264,5067,290.6,,23.5,3.0
5842,20250910,132,5067,727.54,,23.5,0.0
5843,20251025,282,5074,837.21,59.8,26.9,0.0
5844,20260130,131,5035,470.26,81.3,35.0,
5845,20260623,123,5098,678.27,58.4,23.2,0.0
5846,20260806,255,5017,133.13,,26.8,3.0
5847,20250903,134,5042,803.66,13.1,28.4,0.0
5848,20260727,197,5055,972.98,44.2,23.0,
5849,20260513,269,5048,1189.13,66.1,26.1,0.0
5850,20250911,296,5085,570.95,43.8,29.5,
5851,20260106,266,5019,814.57,85.4,20.7,3.0
5852,20260710,245,5075,328.55,56.2,24.4,
5853,20260108,148,5095,1121.29,,24.2,3.0
5854,20260301,129,5005,299.1,18.0,23.9,2.0
5855,20260426,279,5096,1173.51,27.2,25.5,2.0
5856,20260513,148,5050,1064.23,65.5,21.1,0.0
5857,20250929,165,5081,1080.37,32.5,21.2,2.0
5858,20251017,176,5007,742.85,94.9,30.5,0.0
5859,20251227,220,5026,636.57,54.3,25.7,2.0
5860,20260228,270,5024,299.26,71.8,31.0,1.0
5861,20250825,120,5002,1122.5,59.2,32.9,0.0
5862,20260608,264,5019,435.88,95.0,20.7,
5863,20260611,217,5082,749.27,17.8,28.9,0.0
5864,20251129,171,5005,1004.77,92.2,32.8,3.0
5865,20260302,297,5031,1179.43,65.9,34.2,
5866,20260126,210,5021,575.5,93.4,30.3,0.0
5867,20250819,278,5051,1389.77,77.9,24.5,0.0
5868,20250810,271,5042,1300.28,39.9,26.9,
5869,20251114,298,5002,974.59,23.1,24.2,0.0
5870,20260725,298,5074,512.38,32.2,27.2,
5871,20260611,183,5062,591.19,,32.0,3.0
5872,20260129,166,5062,1189.32,84.2,20.3,0.0
5873,20260406,142,5045,618.1,73.7,20.4,0.0
5874,20260702,300,5025,855.4,49.8,21.4,2.0
5875,20260109,119,5081,300.29,68.0,30.0,0.0
5876,20260206,171,5074,1310.89,50.3,19.4,0.0
5877,20260418,299,5052,62.5,70.1,24.9,
5878,20251107,116,5058,204.12,36.1,25.8,3.0
5879,20250922,198,5028,315.86,70.4,32.4,0.0
5880,20251119,200,5059,,89.7,19.1,0.0
5881,20260808,186,5080,1012.35,77.1,24.3,2.0
5882,20250903,116,5034,971.66,31.5,32.5,0.0
5883,20260509,167,5070,293.6,90.7,28.8,
5884,20260310,168,5057,1330.24,18.1,25.6,1.0
5885,20260305,146,5016,484.82,68.6,18.4,0.0
5886,20260623,213,5096,299.55,71.8,31.2,0.0
5887,20260327,118,5036,,59.2,32.2,0.0
5888,20260131,226,5084,904.02,88.7,31.0,0.0
5889,20260421,152,5099,415.33,72.7,32.1,0.0
5890,20250922,257,5066,311.41,79.7,32.9,0.0
5891,20260213,201,5044,68.43,78.6,33.9,2.0
5892,20260308,146,5044,1284.07,70.3,25.5,0.0
5893,20260615,266,5024,295.81,58.7,33.7,
5894,20251008,226,5033,285.66,31.9,30.9,
5895,20250831,128,5044,1386.98,16.2,32.5,2.0
5896,20251205,137,5063,176.42,31.0,27.3,0.0
5897,20260627,239,5099,876.11,58.8,29.8,1.0
5898,20250928,297,5071,303.75,26.8,25.2,0.0
5899,20251008,211,5059,66.59,18.9,30.5,3.0
5900,20251117,156,5085,69.49,74.9,19.5,0.0
5901,20260110,258,5013,1068.14,44.9,34.8,1.0
5902,20260709,265,5086,655.38,87.3,34.8,0.0
5903,20251218,128,5044,296.85,43.5,28.0,2.0
5904,20251124,214,5098,1055.75,59.0,,2.0
5905,20260219,284,5067,107.65,25.1,26.9,2.0
5906,20260718,167,5034,644.37,44.0,32.6,0.0
5907,20260214,127,5009,50.36,46.4,29.7,0.0
5908,20260517,109,5047,1381.91,51.9,32.4,
5909,20251016,119,5055,1343.19,51.5,,
5910,20250913,119,5083,1250.65,58.3,21.1,0.0
5911,20260512,247,5004,126.29,40.7,33.9,
5912,20260224,287,5070,892.03,57.5,27.4,
5913,20260625,165,5017,673.95,16.1,34.9,0.0
5914,20260608,299,5013,318.41,80.8,31.6,0.0
5915,20260417,215,5030,741.96,36.2,30.0,
5916,20251128,105,5059,463.31,51.3,29.1,0.0
5917,20260417,228,5015,107.04,,31.2,
5918,20260418,139,5016,1089.91,16.2,34.7,0.0
5919,20250914,268,5071,941.06,39.4,32.8,0.0
5920,20260310,264,5092,122.36,75.8,24.6,
5921,20260607,101,5038,1152.37,94.6,32.1,
5922,20250814,110,5017,883.64,12.0,25.7,2.0
5923,20260215,271,5045,406.13,56.6,30.7,0.0
5924,20251224,200,5040,1156.37,,32.4,
5925,20260203,169,5058,831.18,35.3,30.9,1.0
5926,20251212,139,5056,307.57,46.8,26.3,
5927,20260709,280,5071,282.47,,30.9,0.0
5928,20250916,185,5011,1262.71,21.1,22.6,3.0
5929,20251005,201,5065,185.79,27.0,22.9,3.0
5930,20251029,248,5024,1426.97,61.6,19.9,3.0
5931,20251017,101,5051,372.18,67.8,28.6,0.0
5932,20260704,232,5066,1285.66,51.7,33.8,
5933,20260322,282,5025,1057.5,,20.6,
5934,20260610,298,5019,658.81,40.9,20.9,0.0
5935,20260218,226,5088,80.84,12.3,18.2,2.0
5936,20260220,223,5029,816.87,18.0,34.4,3.0
5937,20260227,212,5100,719.04,,29.2,0.0
5938,20260513,204,5003,1005.66,61.8,31.3,0.0
5939,20250920,287,5026,514.54,38.4,31.1,0.0
5940,20260125,300,5094,457.43,54.7,32.1,
5941,20250906,118,5096,210.8,10.0,29.5,0.0
5942,20260605,239,5046,1043.38,34.1,31.6,0.0
5943,20260713,158,5068,656.08,,20.2,0.0
5944,20260201,101,5077,1268.79,45.1,27.6,0.0
5945,20251202,199,5100,737.3,31.3,30.5,
5946,20251220,277,5020,682.09,62.6,20.1,1.0
5947,20260605,300,5073,238.21,74.4,26.8,1.0
5948,20260701,224,5068,458.0,32.2,25.6,0.0
5949,20260316,132,5068,1077.63,59.7,27.5,3.0
5950,20260516,246,5007,1084.18,,33.0,
5951,20251213,238,5069,563.28,,24.4,2.0
5952,20260426,192,5047,71.35,71.7,33.6,
5953,20250820,186,5070,522.07,90.8,25.4,
5954,20260604,275,5030,721.39,18.3,28.1,3.0
5955,20251030,178,5089,339.83,89.4,29.1,0.0
5956,20260619,203,5068,664.31,76.1,28.3,
5957,20251001,115,5022,694.8,87.1,22.5,0.0
5958,20251031,262,5048,667.14,31.3,19.3,2.0
5959,20250924,266,5021,262.59,49.1,34.2,
5960,20250926,124,5013,373.25,61.5,29.2,0.0
5961,20250907,194,5088,211.42,36.5,27.0,0.0
5962,20260419,237,5022,1475.41,63.5,26.8,2.0
5963,20260523,188,5082,1334.79,78.1,20.6,3.0
5964,20250907,121,5082,1190.43,61.2,20.4,3.0
5965,20260520,218,5080,216.27,91.2,24.5,0.0
5966,20260514,295,5029,982.23,39.1,34.6,2.0
5967,20250825,297,5097,1199.22,87.0,26.8,0.0
5968,20250918,175,5092,425.51,29.1,30.4,0.0
5969,20260527,266,5020,1083.2,66.2,18.3,0.0
5970,20260213,152,5070,1449.25,12.3,29.8,0.0
5971,20250831,146,5079,484.52,48.6,26.2,2.0
5972,20250922,242,5055,1411.1,89.8,24.3,0.0
5973,20251110,111,5026,1087.35,42.4,26.4,1.0
5974,20250903,199,5036,614.18,66.6,31.6,3.0
5975,20260411,270,5007,450.23,42.9,30.8,0.0
5976,20260513,149,5052,1234.83,25.4,22.2,3.0
5977,20260523,177,5038,218.64,13.1,29.1,0.0
5978,20260712,279,5050,1135.86,67.4,28.8,2.0
5979,20251024,200,5067,716.66,20.0,24.1,0.0
5980,20260705,128,5054,722.69,78.1,28.2,0.0
5981,20251016,262,5061,1004.81,74.7,29.1,0.0
5982,20251216,277,5060,613.12,48.9,29.1,0.0
5983,20250912,192,5042,574.92,46.7,25.1,0.0
5984,20260615,225,5018,1428.98,29.0,21.0,1.0
5985,20260720,122,5093,1346.73,24.7,28.7,3.0
5986,20260723,262,5039,1140.48,40.9,29.7,0.0
5987,20251215,213,5001,661.89,77.9,24.5,0.0
5988,20251007,289,5010,1054.19,58.2,23.1,0.0
5989,20260209,149,5033,1195.56,,20.4,2.0
5990,20260503,136,5091,926.39,23.4,23.4,
5991,20251106,110,5072,311.09,32.7,27.3,
5992,20260306,150,5086,1463.28,40.9,27.3,1.0
5993,20250915,107,5040,1237.24,93.7,27.9,1.0
5994,20260309,285,5027,1326.0,,31.5,0.0
5995,20250815,252,5094,1222.84,81.8,18.0,1.0
5996,20251028,162,5079,736.4,64.9,34.4,
5997,20251019,226,5077,1294.6,40.8,27.3,
5998,20251121,200,5009,195.13,68.0,26.7,
5999,20260706,117,5008,848.19,,31.0,0.0
6000,20260222,239,5097,78.67,23.3,33.9,3.0
6001,20260801,265,5053,,84.5,31.0,0.0
6002,20250915,179,5018,1277.03,49.7,26.9,0.0
6003,20251027,228,5019,948.6,20.1,19.6,0.0
6004,20260210,237,5062,868.72,67.9,33.2,3.0
6005,20260426,216,5021,300.03,36.2,25.8,1.0
6006,20251222,105,5098,1061.13,62.6,22.8,0.0
6007,20260313,110,5032,109.71,80.9,30.7,2.0
6008,20260117,187,5051,294.62,49.7,33.5,1.0
6009,20260726,115,5021,862.52,52.4,21.5,
6010,20251015,187,5083,695.68,63.2,24.8,2.0
6011,20251217,285,5054,436.58,25.5,22.2,
6012,20251226,111,5051,437.61,,34.5,3.0
6013,20251027,204,5076,1164.44,45.2,26.7,1.0
6014,20251101,131,5025,293.92,79.5,26.6,0.0
6015,20250920,155,5032,439.57,59.8,,1.0
6016,20260805,268,5045,671.18,53.2,27.5,2.0
6017,20250924,271,5010,536.1,,26.6,2.0
6018,20250919,234,5029,334.74,,22.4,3.0
6019,20250928,218,5036,1244.68,55.6,31.1,3.0
6020,20260515,274,5018,880.27,64.5,21.6,0.0
6021,20260424,238,5052,700.52,56.8,32.2,
6022,20260301,139,5016,1153.24,74.1,20.3,2.0
6023,20250824,290,5093,65.63,13.0,19.9,1.0
6024,20251208,249,5095,570.46,74.3,21.4,
6025,20250921,160,5075,475.46,39.2,25.3,2.0
6026,20251121,119,5087,827.3,61.4,31.4,0.0
6027,20260317,110,5020,1130.77,27.0,30.1,1.0
6028,20251202,289,5027,598.83,39.5,34.9,
6029,20260802,137,5057,,,32.5,0.0
6030,20260119,226,5019,656.13,92.3,21.6,2.0
6031,20260228,268,5087,873.34,83.3,27.5,0.0
6032,20251124,105,5036,457.27,79.5,34.2,
6033,20260619,221,5098,728.04,,31.2,0.0
6034,20251018,259,5042,336.9,34.9,19.2,2.0
6035,20250904,112,5002,679.12,28.1,28.0,1.0
6036,20260613,163,5082,1073.84,69.2,29.6,0.0
6037,20260131,280,5016,141.67,26.5,26.6,
6038,20260415,267,5067,67.53,82.7,31.6,0.0
6039,20251014,134,5040,1438.05,33.3,22.0,1.0
6040,20260810,104,5068,913.65,85.1,33.2,3.0
6041,20260205,145,5014,379.35,14.3,29.9,0.0
6042,20250917,262,5099,1317.88,42.5,18.8,
6043,20260117,113,5081,957.44,22.8,28.1,0.0
6044,20260408,179,5077,503.78,43.6,26.0,
6045,20250910,125,5061,1125.78,51.9,34.5,2.0
6046,20251001,217,5030,438.48,46.1,23.6,2.0
6047,20260103,257,5085,182.49,78.2,31.1,0.0
6048,20260314,144,5057,1102.86,84.3,26.7,0.0
6049,20250916,252,5039,389.96,,31.4,0.0
6050,20260714,117,5016,1181.33,78.7,21.0,
6051,20260802,128,5070,924.94,77.9,27.4,2.0
6052,20250902,130,5096,1261.08,72.5,27.5,3.0
6053,20260801,228,5079,97.13,54.1,34.3,0.0
6054,20251211,253,5059,1182.47,65.7,19.1,1.0
6055,20260315,258,5020,741.59,42.9,26.9,0.0
6056,20260807,157,5010,,62.6,,3.0
6057,20250923,117,5097,1024.34,79.6,22.7,
6058,20260612,152,5093,122.37,63.8,20.8,0.0
6059,20260502,210,5044,758.66,92.7,19.6,0.0
6060,20251119,187,5035,988.94,73.3,34.2,
6061,20260428,289,5006,645.32,39.7,33.1,2.0
6062,20260310,274,5049,186.1,81.6,19.8,2.0
6063,20251117,203,5033,372.09,78.8,20.7,0.0
6064,20260525,184,5015,782.52,30.3,24.6,
6065,20260402,131,5081,1364.47,82.6,28.5,0.0
6066,20260103,276,5060,429.79,87.1,25.5,0.0
6067,20260131,248,5055,357.8,83.4,24.6,1.0
6068,20260318,240,5075,124.28,65.1,21.7,0.0
6069,20260105,136,5022,1105.23,70.9,20.2,0.0
6070,20260203,183,5091,169.41,21.0,21.6,2.0
6071,20251120,155,5089,1141.04,12.0,20.3,0.0
6072,20260518,296,5063,1272.7,41.0,26.3,0.0
6073,20250918,112,5098,1446.38,47.6,19.9,0.0
6074,20251109,252,5038,559.53,24.4,31.4,
6075,20260208,145,5029,652.67,65.0,18.3,1.0
6076,20260327,186,5067,1349.34,57.5,21.0,0.0
6077,20250928,117,5014,1281.17,33.2,22.2,
6078,20250915,131,5012,240.49,80.7,20.4,0.0
6079,20250829,171,5094,1321.42,54.6,32.6,0.0
6080,20250903,137,5078,1144.78,43.9,26.9,0.0
6081,20260415,294,5077,635.99,84.7,27.4,
6082,20260731,207,5047,1390.69,64.5,32.8,0.0
6083,20251228,144,5031,1356.93,32.0,27.1,0.0
6084,20260415,279,5086,1184.12,84.6,28.4,0.0
6085,20251004,195,5064,583.23,30.1,20.8,0.0
6086,20260325,242,5090,480.56,78.4,25.0,0.0
6087,20250914,143,5056,1056.31,39.7,18.4,0.0
6088,20250907,213,5054,,57.1,22.4,0.0
6089,20260512,163,5008,1233.89,90.1,24.5,
6090,20260517,249,5082,1132.49,75.7,20.2,0.0
6091,20260527,111,5014,,51.0,25.7,
6092,20251022,135,5099,1410.65,10.6,32.9,3.0
6093,20260409,126,5036,266.27,29.5,19.5,0.0
6094,20260205,262,5093,739.3,28.4,33.1,2.0
6095,20251113,257,5094,1058.88,72.0,19.7,3.0
6096,20251213,197,5036,886.45,41.6,27.8,0.0
6097,20260620,300,5033,209.49,44.2,21.8,2.0
6098,20260226,141,5082,,,33.9,3.0
6099,20260724,105,5066,496.69,71.3,18.3,0.0
6100,20250821,225,5043,109.46,20.3,33.3,
6101,20260114,121,5054,708.91,44.6,19.2,0.0
6102,20260710,102,5086,1269.82,42.3,28.2,3.0
6103,20251228,102,5033,865.04,93.0,32.3,0.0
6104,20251203,146,5046,79.63,54.6,30.9,0.0
6105,20251225,123,5011,1465.62,69.2,19.1,2.0
6106,20260125,281,5002,576.84,33.5,24.7,2.0
6107,20250822,267,5013,1141.7,76.4,28.8,
6108,20260301,252,5092,671.19,50.4,20.7,0.0
6109,20260620,173,5063,539.32,49.0,27.2,0.0
6110,20251128,207,5032,102.93,14.7,18.3,0.0
6111,20260425,278,5075,1073.54,78.2,21.7,0.0
6112,20260205,298,5064,694.1,33.4,25.6,3.0
6113,20250928,222,5029,1376.53,39.9,18.5,1.0
6114,20260428,278,5076,908.6,71.3,18.5,0.0
6115,20260204,133,5056,406.19,42.8,27.6,2.0
6116,20250919,153,5086,89.22,25.0,33.1,0.0
6117,20260414,137,5035,750.42,94.1,33.1,0.0
6118,20260408,264,5014,688.05,31.9,19.5,0.0
6119,20260417,170,5100,355.94,12.5,28.1,0.0
6120,20260307,234,5091,1235.26,18.8,18.1,3.0
6121,20260131,216,5063,732.95,78.2,32.7,2.0
6122,20260618,206,5072,,84.8,30.8,0.0
6123,20260211,162,5078,1361.91,44.6,24.6,0.0
6124,20251231,145,5073,844.59,53.9,24.6,0.0
6125,20260207,257,5049,246.68,83.9,32.7,0.0
6126,20260731,278,5078,1115.6,48.4,22.0,0.0
6127,20260323,110,5067,659.91,59.4,24.9,
6128,20251217,253,5086,1337.39,27.5,33.9,1.0
6129,20260802,147,5049,739.29,85.7,26.4,0.0
6130,20251205,284,5006,883.22,88.6,33.2,3.0
6131,20250820,228,5078,457.75,49.7,20.7,
6132,20250826,257,5014,167.86,65.1,28.8,1.0
6133,20260612,123,5076,73.41,32.7,22.8,0.0
6134,20251215,261,5083,792.26,93.6,18.8,
6135,20260508,178,5013,786.72,,30.1,0.0
6136,20250819,190,5074,785.25,,34.3,
6137,20260702,208,5013,,83.4,18.1,0.0
6138,20251212,102,5016,778.45,73.4,30.5,0.0
6139,20250914,243,5098,527.76,31.0,33.2,0.0
6140,20251214,161,5031,,82.3,29.7,0.0
6141,20251218,150,5047,1248.35,90.9,33.1,1.0
6142,20251216,131,5075,611.46,86.8,24.0,3.0
6143,20260409,236,5087,1139.57,26.7,22.1,3.0
6144,20251108,125,5091,880.33,76.6,21.5,
6145,20260404,259,5078,346.31,62.6,18.5,1.0
6146,20260314,193,5054,1035.62,32.5,34.2,
6147,20260709,295,5051,295.28,38.5,30.1,
6148,20250902,239,5092,796.8,22.5,25.2,0.0
6149,20251129,230,5096,945.98,14.6,23.5,
6150,20251211,157,5006,1279.34,91.2,19.2,0.0
6151,20250817,219,5045,1146.11,,23.3,
6152,20251207,298,5083,1481.75,,32.2,0.0
6153,20260125,261,5057,84.9,15.9,22.6,2.0
6154,20260621,269,5059,1273.56,84.6,34.0,
6155,20260305,154,5074,,11.8,26.3,0.0
6156,20260705,171,5067,974.64,63.4,18.6,
6157,20251115,114,5005,1279.83,47.1,33.2,
6158,20260421,150,5052,1273.57,51.0,29.3,3.0
6159,20260313,129,5081,973.36,55.3,31.8,0.0
6160,20260805,139,5096,877.95,68.0,34.1,
6161,20251226,276,5100,251.55,60.7,19.7,0.0
6162,20251230,222,5056,221.02,19.8,21.8,1.0
6163,20260307,228,5086,710.35,35.4,20.1,0.0
6164,20260601,146,5004,430.42,54.0,28.1,2.0
6165,20250915,141,5028,1291.85,60.3,25.5,3.0
6166,20260414,272,5073,662.75,49.2,18.9,3.0
6167,20251210,112,5024,1065.23,58.1,32.7,3.0
6168,20260210,114,5004,162.74,49.9,28.0,3.0
6169,20260516,266,5081,1303.26,54.1,33.9,
6170,20251212,194,5043,1040.05,94.6,31.5,
6171,20260323,173,5013,692.03,83.4,23.0,3.0
6172,20251220,154,5038,640.35,11.8,18.0,
6173,20260116,212,5053,348.6,17.4,23.3,1.0
6174,20260207,165,5004,1266.46,,28.8,3.0
6175,20260616,186,5094,1155.68,85.6,21.4,0.0
6176,20260525,258,5059,633.22,48.0,27.6,0.0
6177,20260613,295,5033,286.15,65.7,29.6,1.0
6178,20260222,217,5046,1399.85,32.9,25.1,0.0
6179,20251123,112,5088,1030.44,90.5,22.1,
6180,20250827,127,5045,1325.51,54.9,27.6,0.0
6181,20260809,290,5046,,27.9,21.8,1.0
6182,20260104,114,5032,1418.08,39.0,24.5,0.0
6183,20251031,238,5036,891.31,90.4,29.2,3.0
6184,20260508,146,5058,307.1,87.5,26.8,0.0
6185,20250912,141,5007,1263.62,,34.2,1.0
6186,20260614,108,5042,1266.99,75.3,26.2,
6187,20250913,225,5059,166.13,68.3,21.4,0.0
6188,20251211,232,5090,1493.03,44.8,28.3,1.0
6189,20250903,130,5082,1233.78,25.8,28.0,2.0
6190,20260530,119,5034,1399.21,49.7,32.9,
6191,20260130,161,5099,761.28,71.7,18.3,
6192,20251025,285,5021,864.69,83.2,18.2,
6193,20260528,214,5027,657.09,50.0,31.5,1.0
6194,20260405,252,5072,518.14,46.8,23.1,3.0
6195,20251128,249,5099,1331.18,50.0,24.7,
6196,20260531,184,5071,345.91,50.9,29.6,
6197,20260115,208,5083,,,26.3,0.0
6198,20260223,151,5042,722.29,87.7,18.7,1.0
6199,20251022,292,5095,713.43,56.0,30.1,0.0
6200,20260104,274,5052,1375.91,90.1,25.3,
6201,20260326,184,5097,58.81,,22.1,
6202,20260122,159,5045,663.19,61.0,20.1,1.0
6203,20260516,300,5100,1254.16,30.3,24.7,3.0
6204,20251015,129,5023,935.58,71.1,18.1,2.0
6205,20250816,184,5064,298.84,88.4,32.1,
6206,20260424,159,5012,,83.3,18.3,1.0
6207,20260621,126,5043,278.72,58.4,27.8,0.0
6208,20260309,161,5046,349.06,20.8,31.1,
6209,20251026,289,5079,1058.41,51.8,33.4,0.0
6210,20260728,206,5069,826.57,31.6,24.3,0.0
6211,20260508,152,5095,1432.84,60.8,32.3,2.0
6212,20260128,197,5030,389.91,60.0,26.7,
6213,20260719,157,5041,1332.2,92.1,29.5,
6214,20260220,119,5040,1028.13,91.6,30.2,0.0
6215,20260322,221,5013,,18.7,22.9,0.0
6216,20260518,250,5093,523.91,72.6,32.6,0.0
6217,20260115,225,5012,1046.28,27.6,,3.0
6218,20260305,114,5082,977.61,87.6,20.7,3.0
6219,20260327,212,5052,1053.88,52.3,19.7,2.0
6220,20260217,138,5041,213.78,89.5,19.8,1.0
6221,20251221,156,5080,570.25,47.9,29.0,3.0
6222,20251003,257,5064,870.09,38.4,28.2,2.0
6223,20251004,217,5082,1468.67,68.9,20.4,2.0
6224,20260417,146,5024,701.98,76.2,20.9,1.0
6225,20251127,200,5097,1491.13,11.0,19.6,
6226,20260116,196,5049,918.28,59.2,34.6,0.0
6227,20251204,135,5026,142.09,74.5,19.8,1.0
6228,20260609,218,5034,542.97,63.4,26.9,0.0
6229,20250902,285,5091,830.98,74.1,33.8,0.0
6230,20251023,150,5063,325.28,81.8,18.1,2.0
6231,20260107,262,5045,583.4,40.9,,2.0
6232,20260607,192,5044,1494.54,,32.3,0.0
6233,20260403,170,5057,819.23,79.6,19.9,0.0
6234,20251111,152,5047,1439.96,32.7,26.3,0.0
6235,20260318,186,5097,443.75,52.2,23.9,1.0
6236,20260105,133,5021,864.05,92.1,25.8,1.0
6237,20250920,109,5022,793.31,54.9,23.8,
6238,20251019,278,5042,1174.87,74.7,33.6,0.0
6239,20251107,246,5003,1005.1,67.9,30.6,0.0
6240,20260608,116,5015,405.77,35.6,33.7,1.0
6241,20260126,172,5025,128.74,55.1,24.6,0.0
6242,20260302,135,5075,262.71,32.9,33.4,1.0
6243,20260116,129,5040,1313.77,92.4,26.0,0.0
6244,20260403,220,5065,1033.53,78.5,24.0,0.0
6245,20250823,218,5090,1123.55,29.4,18.4,
6246,20251007,208,5083,725.57,54.0,24.8,
6247,20250928,144,5072,831.23,75.3,33.1,0.0
6248,20251112,295,5038,650.71,49.3,29.0,0.0
6249,20260531,188,5097,777.9,46.8,29.3,0.0
6250,20260408,157,5072,1394.76,83.6,29.5,
6251,20251013,176,5069,610.23,66.1,33.4,3.0
6252,20260618,255,5023,596.51,68.7,28.7,3.0
6253,20260728,141,5051,979.3,10.6,22.8,
6254,20260203,264,5080,1011.82,34.7,21.3,2.0
6255,20250817,257,5090,1032.81,32.3,28.3,0.0
6256,20260620,144,5010,548.42,21.0,25.3,0.0
6257,20250909,248,5026,985.54,25.7,25.2,1.0
6258,20260318,242,5012,890.85,14.9,33.0,
6259,20260623,159,5012,1145.63,10.8,32.8,
6260,20260705,123,5092,1359.25,20.0,27.5,
6261,20260105,206,5077,125.12,48.4,30.9,2.0
6262,20251221,234,5085,600.44,83.9,26.5,0.0
6263,20260407,226,5052,1283.83,53.0,34.3,0.0
6264,20250912,156,5034,1329.6,77.3,18.2,2.0
6265,20260721,252,5019,892.33,76.8,33.1,2.0
6266,20260502,222,5092,1097.93,78.3,22.4,0.0
6267,20250930,219,5044,255.78,31.8,34.5,0.0
6268,20250919,172,5069,1282.39,72.8,27.4,1.0
6269,20260505,104,5046,790.95,17.0,26.3,0.0
6270,20260717,287,5051,526.42,51.9,33.1,
6271,20260217,210,5018,339.58,54.1,32.1,0.0
6272,20260609,289,5050,700.71,73.4,24.5,
6273,20260723,164,5014,117.25,52.7,29.5,
6274,20260716,164,5095,740.13,,21.9,0.0
6275,20251110,184,5038,1408.53,32.2,26.3,2.0
6276,20260629,212,5079,1467.12,32.7,30.8,0.0
6277,20251105,249,5073,647.79,13.5,19.5,3.0
6278,20250923,157,5011,482.6,57.8,23.0,3.0
6279,20260601,252,5042,697.09,58.7,20.4,1.0
6280,20251208,139,5029,119.49,36.8,34.4,3.0
6281,20260311,247,5057,95.08,73.1,32.6,0.0
6282,20251230,102,5006,962.2,28.3,26.0,0.0
6283,20260510,207,5032,95.6,27.0,29.7,2.0
6284,20251104,112,5071,978.9,25.8,27.9,
6285,20260111,111,5020,1305.94,,25.4,0.0
6286,20251001,221,5086,1295.55,49.2,23.0,2.0
6287,20251013,288,5036,708.68,85.4,21.7,
6288,20260730,297,5004,633.06,47.0,32.7,0.0
6289,20260117,230,5064,,81.8,24.2,0.0
6290,20251111,109,5029,920.93,80.1,24.3,1.0
6291,20260313,209,5089,651.2,23.1,18.3,
6292,20260205,236,5029,302.09,62.6,27.5,1.0
6293,20251225,201,5032,1311.67,,18.9,0.0
6294,20260723,223,5029,479.17,20.6,20.5,0.0
6295,20251203,279,5057,483.76,40.7,28.5,
6296,20260112,126,5083,813.54,27.6,18.3,
6297,20260416,216,5028,1140.79,87.5,25.3,
6298,20260728,227,5019,93.78,13.2,27.9,0.0
6299,20260627,162,5002,1283.46,21.1,23.2,0.0
6300,20260718,122,5038,713.58,90.5,21.3,1.0
6301,20251220,243,5032,798.69,66.0,23.4,3.0
6302,20260428,293,5003,1006.67,44.2,33.5,
6303,20260606,104,5079,1450.61,26.6,22.3,1.0
6304,20250817,278,5062,1429.54,11.8,31.8,0.0
6305,20260729,288,5057,316.58,,29.7,
6306,20260319,205,5054,987.93,85.8,28.1,0.0
6307,20260613,156,5072,965.45,87.4,21.5,0.0
6308,20260409,134,5071,178.79,40.4,28.7,0.0
6309,20260720,192,5073,657.48,,18.6,2.0
6310,20260419,176,5025,53.16,40.0,31.3,0.0
6311,20260525,162,5053,1408.74,92.4,18.4,
6312,20251105,266,5024,1043.86,93.2,26.9,
6313,20260228,124,5067,1092.89,12.5,20.7,2.0
6314,20251201,105,5075,1332.61,60.8,23.5,0.0
6315,20260726,223,5052,,60.4,29.0,
6316,20251220,272,5081,209.76,78.3,20.0,0.0
6317,20260603,179,5074,1209.72,33.4,30.1,
6318,20250923,142,5050,638.91,77.6,29.3,0.0
6319,20260623,281,5096,242.03,15.1,25.5,0.0
6320,20260619,218,5034,858.33,25.3,20.6,0.0
6321,20251230,247,5091,819.06,49.3,21.4,2.0
6322,20260708,292,5047,1268.97,88.6,18.1,0.0
6323,20251231,250,5034,398.16,12.2,23.0,
6324,20260802,107,5056,224.07,22.4,26.4,0.0
6325,20251111,217,5048,132.39,92.8,31.3,0.0
6326,20250912,219,5047,1148.24,61.8,18.2,1.0
6327,20260607,298,5031,304.08,28.3,20.9,2.0
6328,20251104,136,5041,1388.1,57.5,20.9,0.0
6329,20251026,281,5070,332.2,88.3,23.5,
6330,20260701,204,5046,1356.96,10.4,33.6,0.0
6331,20260711,148,5010,433.62,34.8,29.2,0.0
6332,20260329,195,5089,440.52,27.0,19.4,0.0
6333,20260627,261,5018,522.79,66.5,22.3,
6334,20260517,219,5042,912.55,55.2,19.6,1.0
6335,20260105,281,5090,963.81,69.5,25.2,
6336,20250822,263,5032,316.63,74.4,34.9,0.0
6337,20260623,101,5069,416.97,68.9,27.3,3.0
6338,20260607,261,5075,1497.56,42.7,33.4,1.0
6339,20260720,119,5017,1036.68,54.0,23.9,
6340,20260129,199,5013,1318.82,78.7,33.7,1.0
6341,20260108,277,5065,,14.7,26.4,1.0
6342,20260613,186,5091,167.77,54.9,22.5,3.0
6343,20260429,236,5061,65.88,20.6,18.5,0.0
6344,20260626,109,5069,,68.9,24.6,
6345,20260606,176,5041,1225.23,58.2,34.6,0.0
6346,20260607,210,5014,1399.15,87.4,25.6,0.0
6347,20260422,293,5078,256.78,14.8,18.6,0.0
6348,20260211,170,5030,,91.7,31.1,0.0
6349,20251216,279,5093,1321.51,35.3,22.6,1.0
6350,20260318,257,5045,361.68,34.5,20.8,0.0
6351,20260603,239,5092,915.17,48.1,19.9,
6352,20260507,248,5090,899.07,87.8,21.2,0.0
6353,20260122,154,5083,1411.24,40.5,21.5,0.0
6354,20250820,276,5071,276.5,74.3,30.8,
6355,20250829,121,5029,373.1,51.3,28.4,0.0
6356,20260401,259,5060,578.14,48.0,24.9,0.0
6357,20260328,186,5035,62.98,27.4,28.7,0.0
6358,20260526,289,5074,849.41,79.0,19.8,0.0
6359,20250928,115,5007,436.08,90.0,30.9,0.0
6360,20260103,232,5059,704.46,22.8,34.3,3.0
6361,20260327,273,5080,1243.23,80.6,33.1,0.0
6362,20251202,194,5057,1393.93,38.0,27.2,1.0
6363,20250909,114,5064,135.26,67.8,31.6,1.0
6364,20251006,129,5076,934.57,30.1,25.2,0.0
6365,20260214,199,5056,991.09,80.5,29.2,0.0
6366,20260730,194,5009,700.85,41.9,24.0,3.0
6367,20260610,220,5022,241.2,17.2,34.2,0.0
6368,20260516,259,5003,1143.61,23.3,20.3,3.0
6369,20260615,111,5072,401.31,22.4,19.0,0.0
6370,20260417,194,5058,511.46,67.7,32.3,2.0
6371,20260527,194,5072,1274.47,75.0,24.5,2.0
6372,20251204,145,5084,1342.53,,24.6,1.0
6373,20260201,266,5008,497.09,47.1,30.3,0.0
6374,20260506,244,5045,560.3,,32.2,0.0
6375,20251113,281,5062,372.34,21.2,35.0,0.0
6376,20260418,118,5091,1157.94,40.2,24.4,0.0
6377,20260608,244,5019,420.97,91.3,25.9,
6378,20260529,282,5009,1143.15,,31.9,
6379,20251021,299,5088,,25.7,24.5,
6380,20260108,153,5046,1231.97,40.8,23.6,2.0
6381,20251015,136,5009,1195.17,65.0,18.8,
6382,20260626,186,5093,1179.38,68.3,22.4,3.0
6383,20260721,162,5036,453.65,75.8,24.0,0.0
6384,20260629,239,5073,73.59,76.6,30.7,
6385,20251031,130,5033,402.45,66.2,19.3,2.0
6386,20260723,267,5094,,16.7,,2.0
6387,20260713,223,5004,1067.45,86.9,33.1,2.0
6388,20260403,289,5092,1268.58,60.3,23.2,0.0
6389,20260327,293,5077,1353.35,30.7,31.5,1.0
6390,20260707,249,5063,842.84,89.6,32.1,3.0
6391,20260801,280,5056,222.34,20.5,27.8,
6392,20251021,154,5091,1317.7,46.0,27.6,3.0
6393,20260423,293,5098,876.44,71.8,24.1,
6394,20251010,291,5018,1497.21,80.6,33.0,0.0
6395,20260103,295,5051,,37.9,33.0,1.0
6396,20260113,158,5028,585.69,35.8,27.8,1.0
6397,20251113,183,5085,1411.65,73.0,20.9,3.0
6398,20250911,191,5058,630.1,48.5,25.3,
6399,20251222,169,5040,270.79,18.8,18.1,1.0
6400,20260722,229,5069,336.5,77.9,26.9,0.0
6401,20250921,275,5090,234.4,11.3,28.7,0.0
6402,20260430,209,5087,670.44,70.2,31.0,2.0
6403,20260116,171,5039,602.68,35.0,19.8,2.0
6404,20260712,114,5043,1219.86,57.1,22.1,1.0
6405,20260123,117,5030,926.26,59.7,29.5,0.0
6406,20260413,196,5073,956.15,19.8,20.6,3.0
6407,20250922,189,5066,816.96,70.6,29.6,2.0
6408,20260428,216,5053,461.37,37.7,20.4,0.0
6409,20251018,225,5019,156.85,12.6,22.2,2.0
6410,20260621,229,5099,590.61,58.6,34.0,3.0
6411,20260523,235,5070,500.1,65.6,29.4,0.0
6412,20251123,132,5088,1234.07,34.5,,
6413,20260206,221,5076,1453.3,70.5,30.9,0.0
6414,20250926,282,5041,1290.21,13.5,23.7,0.0
6415,20260619,237,5001,1016.54,,27.6,0.0
6416,20260317,274,5079,302.56,12.3,27.1,3.0
6417,20260809,237,5007,1135.32,89.3,34.4,0.0
6418,20251121,175,5092,1429.41,45.1,32.6,1.0
6419,20260414,216,5097,319.69,89.1,27.6,0.0
6420,20260110,259,5046,810.43,39.5,32.5,0.0
6421,20260106,195,5076,317.55,39.9,18.6,
6422,20251002,273,5016,1443.81,69.3,23.9,3.0
6423,20251124,278,5100,867.33,75.8,27.0,
6424,20251113,117,5010,236.78,27.9,,2.0
6425,20260324,149,5079,606.56,83.2,28.3,0.0
6426,20260708,218,5009,627.32,53.2,35.0,0.0
6427,20251223,123,5068,1451.42,16.6,18.7,
6428,20260417,121,5053,,15.3,32.6,1.0
6429,20260124,201,5094,875.33,74.3,21.3,0.0
6430,20250813,146,5021,641.86,21.4,34.5,0.0
6431,20250927,174,5094,324.26,23.0,26.3,0.0
6432,20251206,120,5025,549.89,47.3,33.1,0.0
6433,20260420,128,5032,934.9,38.0,30.5,3.0
6434,20260418,143,5077,905.51,48.0,27.2,0.0
6435,20260428,171,5100,1340.05,81.1,31.8,
6436,20260426,129,5098,921.19,63.3,21.9,0.0
6437,20260506,279,5023,1240.63,89.4,33.3,0.0
6438,20251111,138,5024,902.58,,22.9,
6439,20250913,228,5004,1118.99,58.8,19.8,3.0
6440,20250831,139,5084,1197.13,,25.3,0.0
6441,20251209,153,5064,1114.32,34.1,26.1,
6442,20251103,234,5094,409.53,70.2,31.5,1.0
6443,20260708,261,5016,514.89,20.7,28.1,
6444,20260809,106,5043,851.63,53.7,29.8,0.0
6445,20260719,176,5012,742.32,22.6,32.8,2.0
6446,20260729,207,5013,,34.5,27.9,0.0
6447,20260316,275,5052,856.17,59.9,29.0,0.0
6448,20260510,239,5074,722.79,79.0,30.5,
6449,20250826,134,5090,768.38,51.0,23.6,2.0
6450,20251110,222,5088,935.83,49.9,32.4,1.0
6451,20260324,189,5050,589.64,13.3,33.0,1.0
6452,20251128,208,5053,1182.43,51.9,27.8,
6453,20260101,214,5049,67.92,70.4,18.6,
6454,20251223,289,5090,226.06,84.3,24.0,
6455,20260730,266,5061,419.47,85.9,26.2,0.0
6456,20260302,106,5018,300.37,,34.5,0.0
6457,20260310,175,5044,808.72,34.2,30.9,
6458,20251113,149,5024,1307.05,80.7,23.9,0.0
6459,20260210,117,5013,414.63,58.4,30.0,2.0
6460,20260716,106,5040,931.61,72.7,18.4,0.0
6461,20260627,160,5046,408.18,,25.4,0.0
6462,20250927,234,5023,524.69,32.5,34.0,3.0
6463,20251204,266,5091,924.53,71.2,34.9,0.0
6464,20260220,186,5056,1131.75,85.9,33.1,2.0
6465,20250930,206,5033,1465.27,47.1,22.2,2.0
6466,20250921,249,5064,,21.3,25.7,0.0
6467,20250826,188,5012,274.4,67.6,25.4,3.0
6468,20250925,268,5024,232.78,39.0,21.5,0.0
6469,20260625,266,5034,64.27,45.9,28.9,0.0
6470,20260611,184,5052,56.41,81.9,22.2,
6471,20260510,225,5026,146.42,20.0,31.1,0.0
6472,20260715,252,5030,481.36,38.0,33.7,
6473,20251121,271,5045,995.94,59.8,23.4,0.0
6474,20260626,279,5083,1004.43,39.2,31.6,0.0
6475,20260322,236,5082,726.3,12.5,25.0,0.0
6476,20260515,241,5011,628.4,24.3,25.2,0.0
6477,20251114,214,5044,1268.11,48.3,23.3,0.0
6478,20251202,218,5058,1100.35,48.0,33.5,3.0
6479,20260702,178,5097,1418.65,,28.6,0.0
6480,20251203,246,5013,1437.05,77.3,,2.0
6481,20260809,134,5068,492.19,41.9,21.1,0.0
6482,20260516,179,5033,995.49,20.5,25.0,3.0
6483,20251004,144,5003,378.9,,20.8,3.0
6484,20260618,167,5078,98.95,75.9,26.1,
6485,20260407,159,5008,462.15,23.0,20.8,3.0
6486,20260529,224,5072,1406.89,22.5,22.5,0.0
6487,20250829,196,5008,152.54,51.0,21.9,3.0
6488,20251003,174,5088,485.75,40.6,30.9,3.0
6489,20251102,298,5048,74.19,78.4,21.2,1.0
6490,20250823,113,5013,799.05,90.1,32.6,0.0
6491,20251113,138,5022,883.62,79.4,28.5,
6492,20260425,191,5001,516.03,90.6,27.7,2.0
6493,20260116,173,5068,1356.64,68.9,34.8,0.0
6494,20260809,217,5002,1273.24,27.2,23.5,2.0
6495,20260715,143,5001,731.61,18.8,24.9,
6496,20250824,259,5042,98.1,87.0,23.5,0.0
6497,20251218,142,5050,938.7,64.1,31.7,3.0
6498,20260426,283,5040,680.43,14.2,19.9,1.0
6499,20260203,238,5004,,38.8,33.9,2.0
6500,20260206,174,5073,1023.47,91.6,19.1,0.0
6501,20260615,147,5073,480.83,38.6,22.0,0.0
6502,20260623,145,5048,1126.31,30.5,21.3,0.0
6503,20250924,282,5009,1017.34,34.6,33.2,0.0
6504,20250913,278,5023,,,24.8,0.0
6505,20260623,271,5025,480.43,91.9,29.1,0.0
6506,20251015,140,5082,66.47,85.5,21.9,3.0
6507,20251010,142,5080,950.57,40.9,34.1,1.0
6508,20260212,161,5064,1078.66,47.0,31.3,
6509,20251117,130,5024,269.43,,25.5,
6510,20260702,111,5069,801.96,20.5,31.8,1.0
6511,20260312,182,5028,388.62,94.3,27.3,2.0
6512,20260311,248,5045,1255.89,91.3,28.9,0.0
6513,20260731,133,5013,94.92,66.4,30.7,0.0
6514,20260218,213,5088,1402.11,27.3,18.6,
6515,20260306,167,5020,1490.32,77.5,24.0,1.0
6516,20260109,195,5077,670.76,88.9,30.3,3.0
6517,20250907,148,5048,1416.49,51.1,19.5,0.0
6518,20260518,153,5074,198.34,92.5,19.8,0.0
6519,20260414,244,5023,1417.75,75.0,31.5,3.0
6520,20260630,282,5057,860.11,45.3,20.7,0.0
6521,20250819,109,5091,949.64,,22.6,0.0
6522,20260416,271,5099,231.4,79.7,32.7,0.0
6523,20260416,182,5023,1409.65,62.1,25.3,
6524,20260101,189,5065,1413.24,74.5,22.1,0.0
6525,20260314,138,5020,1249.56,35.6,22.3,0.0
6526,20260724,196,5057,840.54,78.3,29.2,0.0
6527,20260612,215,5004,1460.53,59.3,25.9,0.0
6528,20251005,239,5080,1233.86,12.5,27.1,1.0
6529,20250908,142,5005,991.1,45.5,19.1,3.0
6530,20260610,237,5069,1293.09,71.0,34.5,
6531,20260408,178,5016,633.33,35.0,26.9,1.0
6532,20260123,132,5040,240.98,16.8,22.5,2.0
6533,20260725,107,5038,56.26,17.5,22.9,0.0
6534,20260315,204,5014,737.09,87.4,21.2,0.0
6535,20250812,228,5045,578.52,67.8,32.6,0.0
6536,20260730,297,5088,960.52,57.5,26.2,1.0
6537,20260407,138,5024,54.03,75.1,20.0,0.0
6538,20260724,218,5076,942.75,17.9,25.4,1.0
6539,20251206,182,5067,643.11,,27.5,0.0
6540,20260504,140,5022,1407.85,48.8,25.0,3.0
6541,20260505,102,5013,674.39,,19.1,1.0
6542,20260726,290,5064,533.15,43.2,30.6,2.0
6543,20260306,240,5025,746.42,42.6,22.9,0.0
6544,20251026,230,5078,1148.66,13.9,24.5,3.0
6545,20250827,185,5020,994.87,89.7,33.2,0.0
6546,20260402,266,5079,1112.18,67.9,18.4,3.0
6547,20251206,281,5044,1447.2,30.6,21.5,
6548,20250830,176,5059,471.05,15.8,25.8,0.0
6549,20250904,222,5085,1277.61,,26.2,
6550,20260724,175,5071,498.95,13.1,31.4,0.0
6551,20251227,294,5050,1203.33,58.9,21.9,
6552,20260102,247,5058,495.66,91.9,23.8,0.0
6553,20251014,271,5015,423.56,54.0,20.1,
6554,20260729,138,5086,1080.69,53.0,32.0,0.0
6555,20260622,245,5071,511.08,39.8,23.5,0.0
6556,20250911,287,5009,1448.33,,23.9,0.0
6557,20260617,214,5044,1002.14,93.3,33.9,0.0
6558,20251008,187,5032,749.13,12.8,32.8,0.0
6559,20260522,277,5047,947.08,41.6,25.7,
6560,20251122,129,5019,1283.11,74.8,33.9,1.0
6561,20260512,288,5031,190.55,26.7,21.3,
6562,20260406,223,5063,125.15,16.7,29.1,0.0
6563,20250923,111,5025,760.78,19.2,31.2,0.0
6564,20260205,136,5052,334.85,81.5,26.7,3.0
6565,20260115,274,5006,295.86,24.7,23.6,0.0
6566,20260601,242,5046,769.68,23.7,21.0,0.0
6567,20251201,130,5008,1457.49,34.2,24.8,1.0
6568,20260417,179,5062,140.06,12.8,26.0,
6569,20250927,107,5085,657.61,70.2,30.3,3.0
6570,20260410,203,5091,1148.48,68.3,18.2,1.0
6571,20260610,259,5097,1154.6,72.4,32.8,1.0
6572,20260213,157,5076,310.04,70.1,26.9,
6573,20260205,215,5013,115.23,89.9,28.3,2.0
6574,20260630,192,5067,1057.76,46.8,21.8,0.0
6575,20260131,124,5012,1258.32,52.5,21.3,0.0
6576,20260304,184,5085,1129.11,13.6,,0.0
6577,20260111,115,5084,896.55,87.3,27.3,1.0
6578,20260513,256,5042,1097.24,66.6,24.2,
6579,20260602,265,5068,906.64,85.6,26.6,
6580,20260322,150,5073,797.67,56.2,34.9,0.0
6581,20260115,250,5074,330.4,64.1,19.8,0.0
6582,20260112,235,5090,716.45,54.1,,0.0
6583,20250824,157,5069,325.32,90.2,25.4,1.0
6584,20251213,297,5067,1111.06,94.5,26.8,0.0
6585,20260126,172,5051,1225.03,15.3,34.5,
6586,20251031,151,5097,1285.09,55.2,33.1,0.0
6587,20260418,106,5070,500.24,28.0,31.5,
6588,20251005,122,5083,1277.61,35.3,22.5,0.0
6589,20260207,238,5026,465.59,91.0,19.2,1.0
6590,20260328,215,5037,932.95,48.2,29.6,0.0
6591,20260218,274,5042,1180.61,18.4,18.6,
6592,20251124,272,5018,765.4,74.3,34.1,0.0
6593,20260117,123,5058,87.23,75.7,20.2,0.0
6594,20260708,232,5098,1137.2,46.7,22.8,2.0
6595,20260131,201,5026,825.09,31.1,24.8,
6596,20251003,150,5038,1305.7,85.0,30.2,2.0
6597,20250925,226,5081,1172.98,84.9,27.4,3.0
6598,20260706,182,5055,507.06,78.4,31.3,
6599,20260614,255,5052,145.25,72.8,25.3,1.0
6600,20260217,255,5056,,56.2,25.9,0.0
6601,20251126,231,5049,57.45,35.4,22.5,2.0
6602,20250827,115,5011,1263.56,69.4,24.4,0.0
6603,20250907,271,5063,649.63,25.8,33.8,0.0
6604,20250826,193,5004,160.51,25.8,31.8,3.0
6605,20250918,202,5063,1147.73,,25.8,0.0
6606,20260112,138,5014,153.37,47.0,31.0,3.0
6607,20250913,284,5042,733.26,50.9,25.4,
6608,20260408,210,5072,99.47,,21.4,0.0
6609,20260306,195,5062,1382.43,79.4,22.5,
6610,20251110,199,5079,,36.1,21.3,0.0
6611,20251111,196,5050,,82.1,19.6,2.0
6612,20250908,104,5040,568.06,31.9,19.5,3.0
6613,20260210,173,5064,750.82,65.1,25.7,
6614,20250920,189,5099,396.39,26.5,20.3,3.0
6615,20260409,190,5037,1003.24,68.2,20.6,0.0
6616,20251014,179,5099,1302.62,24.1,30.5,1.0
6617,20251015,215,5088,909.98,52.1,26.8,3.0
6618,20251231,244,5090,163.76,,34.9,0.0
6619,20250909,123,5008,559.93,44.5,23.2,0.0
6620,20260626,156,5068,329.25,47.6,18.1,0.0
6621,20251126,287,5006,,76.7,21.9,2.0
6622,20260312,214,5025,927.28,37.8,31.2,3.0
6623,20260123,290,5012,156.39,,28.9,1.0
6624,20260412,207,5040,1202.44,68.9,31.4,2.0
6625,20260326,214,5076,787.88,,21.9,0.0
6626,20251115,174,5096,549.25,80.1,27.7,
6627,20260729,142,5074,839.68,35.7,29.1,0.0
6628,20260624,287,5070,164.63,61.8,24.8,
6629,20251017,209,5023,1118.08,,26.3,0.0
6630,20251016,287,5083,188.38,43.0,22.3,0.0
6631,20260510,207,5041,1348.04,47.9,21.1,2.0
6632,20260319,136,5095,705.24,17.5,26.1,
6633,20260625,251,5007,443.31,89.2,27.5,1.0
6634,20250917,254,5069,1211.11,31.9,34.6,
6635,20260221,123,5004,618.98,79.3,27.4,1.0
6636,20250812,137,5007,580.33,,19.6,0.0
6637,20250921,154,5039,,77.4,32.9,
6638,20251011,178,5050,219.61,62.4,33.7,1.0
6639,20260131,222,5025,627.64,38.5,26.1,0.0
6640,20260420,235,5046,987.59,17.8,20.2,0.0
6641,20260623,186,5069,1240.82,37.8,29.9,0.0
6642,20260729,117,5007,,78.7,28.8,0.0
6643,20260318,252,5088,463.33,44.3,31.8,0.0
6644,20260204,294,5056,902.36,65.6,31.3,
6645,20260324,197,5095,1343.78,26.7,19.8,0.0
6646,20260801,123,5066,,33.7,19.3,3.0
6647,20251220,102,5068,1089.4,90.0,23.9,
6648,20260413,205,5023,512.45,63.3,21.5,1.0
6649,20260419,264,5066,502.05,77.3,27.9,1.0
6650,20260101,170,5048,832.39,59.6,24.2,3.0
6651,20251128,207,5088,1477.83,10.9,26.6,
6652,20250924,145,5090,1491.97,57.2,22.2,1.0
6653,20250815,243,5006,410.53,58.1,33.9,
6654,20250919,219,5028,1388.52,,19.5,
6655,20250815,282,5013,1082.17,75.1,24.8,1.0
6656,20260731,246,5059,266.94,,19.1,
6657,20260620,294,5024,168.08,43.2,18.9,
6658,20251025,136,5029,832.46,66.8,22.1,0.0
6659,20260404,152,5092,1037.41,78.7,26.6,3.0
6660,20260404,148,5041,903.42,15.4,19.2,2.0
6661,20260116,198,5010,620.8,86.3,30.3,
6662,20260327,175,5092,282.46,,30.9,1.0
6663,20260526,242,5027,1412.67,55.7,25.7,
6664,20251018,226,5064,1110.51,81.4,18.2,0.0
6665,20251128,111,5027,395.89,59.0,26.7,0.0
6666,20260126,178,5074,589.03,77.2,23.3,
6667,20260130,250,5082,1240.11,30.7,34.9,
6668,20250817,178,5079,854.29,,26.0,1.0
6669,20251009,227,5002,1042.51,63.6,25.0,0.0
6670,20251004,244,5006,454.12,84.9,29.7,0.0
6671,20260424,290,5049,1459.55,21.6,22.3,
6672,20260728,219,5027,1128.43,42.6,26.6,
6673,20260129,158,5089,1007.1,51.7,18.1,3.0
6674,20260620,107,5015,824.56,25.8,29.8,0.0
6675,20260312,101,5038,68.05,,22.2,1.0
6676,20251022,140,5001,618.03,49.8,19.5,0.0
6677,20260306,168,5031,278.3,29.6,26.2,2.0
6678,20260611,177,5085,1061.83,70.1,19.3,0.0
6679,20250828,264,5043,181.29,75.8,27.0,1.0
6680,20250812,263,5023,1356.88,,29.4,0.0
6681,20260328,221,5050,,42.9,25.6,
6682,20260427,132,5030,684.13,70.5,28.8,
6683,20260803,268,5048,920.45,27.3,,0.0
6684,20260616,271,5052,1307.08,45.2,27.2,0.0
6685,20260506,174,5006,1097.44,88.2,33.4,0.0
6686,20260316,207,5020,546.69,70.1,27.6,2.0
6687,20260228,146,5019,655.41,94.1,34.0,2.0
6688,20251124,226,5077,340.13,91.9,34.9,1.0
6689,20260204,277,5032,1402.18,52.1,31.2,0.0
6690,20260203,266,5080,927.11,30.8,33.2,2.0
6691,20260314,163,5086,729.21,88.9,34.4,1.0
6692,20260321,108,5034,432.29,76.9,31.5,1.0
6693,20260415,131,5055,79.96,37.9,31.4,0.0
6694,20260604,296,5088,1366.43,42.7,29.0,
6695,20260204,171,5074,,78.0,26.8,0.0
6696,20260428,227,5091,1155.03,85.6,22.7,
6697,20260219,118,5081,1268.63,67.4,27.7,1.0
6698,20260111,254,5040,756.7,48.2,22.2,0.0
6699,20251203,291,5027,783.1,43.9,23.4,1.0
6700,20250902,193,5084,1449.18,79.7,32.1,
6701,20260702,249,5095,859.66,87.9,25.2,0.0
6702,20260109,224,5035,1488.98,93.4,26.8,
6703,20260130,245,5053,111.71,80.2,20.5,1.0
6704,20260207,212,5089,293.87,49.1,34.1,3.0
6705,20260719,167,5002,1469.62,42.8,31.2,
6706,20251214,261,5054,1087.68,67.5,18.7,1.0
6707,20260422,276,5053,919.25,14.6,20.8,3.0
6708,20250817,222,5049,941.94,,23.1,0.0
6709,20251123,278,5036,834.23,15.7,26.7,0.0
6710,20251019,131,5025,1098.18,72.5,19.7,0.0
6711,20251213,196,5100,1054.5,87.9,29.5,0.0
6712,20251102,232,5063,1334.3,64.2,23.8,0.0
6713,20251029,288,5033,459.11,50.7,31.6,1.0
6714,20260708,248,5077,372.42,46.1,29.4,3.0
6715,20251212,105,5002,183.22,64.3,31.4,0.0
6716,20260318,167,5081,1037.09,90.0,30.8,0.0
6717,20260614,142,5089,,32.4,21.9,
6718,20260407,249,5051,1225.6,92.3,18.9,3.0
6719,20250927,115,5006,598.93,87.8,29.8,0.0
6720,20251125,138,5090,189.56,24.1,26.5,2.0
6721,20260427,182,5099,828.82,13.1,18.5,0.0
6722,20260727,219,5058,852.64,44.9,29.5,0.0
6723,20260610,278,5017,863.27,31.7,22.8,1.0
6724,20260413,135,5085,547.22,,26.4,0.0
6725,20260505,192,5089,1210.5,26.4,34.9,
6726,20260528,142,5029,399.4,31.4,22.7,1.0
6727,20260529,114,5010,1004.3,31.5,34.7,0.0
6728,20260615,170,5082,211.59,,32.4,0.0
6729,20260325,193,5015,1001.49,34.8,27.5,0.0
6730,20251121,208,5015,96.91,17.5,34.9,0.0
6731,20260511,263,5021,1491.58,,22.3,0.0
6732,20260411,192,5063,1208.14,46.7,25.4,0.0
6733,20250926,113,5009,1024.74,31.3,34.9,0.0
6734,20251022,175,5024,280.45,70.8,33.1,0.0
6735,20260319,175,5069,,83.6,20.7,3.0
6736,20250915,236,5042,,21.7,34.8,3.0
6737,20260109,264,5022,1362.23,31.2,21.4,
6738,20260808,120,5095,1033.27,17.0,25.1,0.0
6739,20251129,232,5033,740.27,58.8,22.8,3.0
6740,20251025,150,5088,1430.36,58.6,25.6,
6741,20250827,297,5092,576.87,54.9,26.6,0.0
6742,20250816,261,5089,453.85,67.0,24.8,
6743,20260628,147,5051,746.36,65.9,21.6,1.0
6744,20251218,296,5037,1062.42,78.4,25.6,2.0
6745,20251007,125,5069,1195.44,44.8,29.0,0.0
6746,20260609,254,5037,1302.14,63.3,27.5,
6747,20260703,293,5037,1034.4,30.0,29.9,2.0
6748,20250821,143,5073,1034.42,36.9,26.2,
6749,20250902,240,5034,249.5,82.4,21.8,
6750,20260114,183,5014,,37.2,31.6,
6751,20260324,181,5098,,56.2,31.6,0.0
6752,20250923,276,5016,693.5,63.2,25.8,0.0
6753,20251031,178,5051,142.11,94.1,24.9,3.0
6754,20251112,170,5026,616.08,87.6,30.0,0.0
6755,20251212,276,5012,156.47,80.8,34.6,0.0
6756,20251218,279,5072,945.5,70.3,21.2,3.0
6757,20250827,277,5064,541.49,52.6,32.9,3.0
6758,20260627,193,5026,403.63,89.0,29.7,2.0
6759,20251115,125,5017,444.83,86.4,28.9,3.0
6760,20251004,237,5067,1320.78,,30.0,2.0
6761,20260419,249,5005,754.58,94.6,24.9,0.0
6762,20260214,191,5061,611.85,25.8,27.7,0.0
6763,20260412,137,5062,641.85,51.6,27.9,
6764,20260425,104,5014,1315.53,60.2,25.3,0.0
6765,20260715,136,5015,310.71,70.9,31.1,0.0
6766,20260117,233,5030,523.74,76.3,23.0,2.0
6767,20260124,173,5005,1150.47,21.0,29.9,
6768,20260614,196,5050,595.09,27.4,28.1,3.0
6769,20250919,300,5024,54.03,18.1,22.3,0.0
6770,20250917,225,5011,386.53,44.2,21.7,0.0
6771,20260321,206,5098,69.73,88.2,33.1,3.0
6772,20260523,188,5089,1136.11,73.2,24.9,0.0
6773,20260722,142,5009,156.83,53.0,30.0,3.0
6774,20260607,127,5031,825.2,92.5,29.5,3.0
6775,20250825,156,5056,73.84,72.6,26.1,0.0
6776,20250917,140,5079,592.26,,32.2,0.0
6777,20260328,229,5048,1228.78,13.2,24.3,0.0
6778,20260624,157,5057,1365.46,22.8,31.3,1.0
6779,20260709,149,5095,58.61,61.3,33.4,0.0
6780,20251006,244,5019,1364.93,54.9,26.6,3.0
6781,20251124,258,5057,799.56,39.7,24.0,1.0
6782,20260118,277,5077,120.21,86.5,23.8,3.0
6783,20260211,235,5099,1395.78,65.6,25.7,
6784,20260505,237,5006,125.16,80.8,30.1,2.0
6785,20250915,283,5085,392.93,35.1,33.1,0.0
6786,20260403,242,5065,624.53,80.7,24.2,2.0
6787,20251210,280,5099,396.12,44.5,20.3,0.0
6788,20250929,294,5025,1252.39,62.5,28.4,0.0
6789,20260616,130,5099,587.9,11.8,34.4,
6790,20260117,207,5027,237.44,82.0,,
6791,20260109,218,5093,819.81,50.2,25.0,1.0
6792,20260518,120,5041,979.55,,27.1,
6793,20251107,130,5006,988.12,39.9,29.6,0.0
6794,20260602,134,5073,671.96,62.7,31.7,3.0
6795,20251212,105,5002,1264.26,,33.5,3.0
6796,20260210,223,5020,954.57,19.6,21.3,
6797,20250910,190,5044,902.26,,23.0,1.0
6798,20251224,180,5033,65.88,36.9,27.2,2.0
6799,20260513,277,5023,363.72,93.3,27.6,0.0
6800,20251219,193,5045,113.51,79.8,20.8,
6801,20260410,136,5060,221.49,13.8,30.9,
6802,20251004,214,5026,289.12,90.1,33.1,1.0
6803,20260512,253,5083,1217.97,10.5,,0.0
6804,20260111,234,5008,394.02,51.1,22.8,0.0
6805,20251101,296,5051,91.78,72.2,22.6,0.0
6806,20260530,188,5049,579.01,,23.5,0.0
6807,20260108,145,5020,83.79,41.1,21.1,0.0
6808,20260106,282,5038,430.32,28.8,32.2,0.0
6809,20260124,178,5065,279.22,46.4,24.6,1.0
6810,20260617,108,5009,340.04,10.9,28.9,3.0
6811,20260527,291,5029,1417.0,73.8,20.6,1.0
6812,20251220,131,5024,,86.3,34.8,0.0
6813,20250820,157,5081,874.21,93.2,31.8,2.0
6814,20251002,133,5025,1059.37,19.2,20.9,0.0
6815,20250813,278,5043,581.67,56.7,23.7,0.0
6816,20260601,137,5085,1293.33,48.7,34.3,3.0
6817,20260721,277,5093,882.99,38.8,27.4,0.0
6818,20250910,159,5057,,89.5,33.5,
6819,20251203,179,5004,1455.3,80.0,33.5,
6820,20260804,133,5057,,19.4,30.9,3.0
6821,20251009,154,5009,953.76,94.9,30.3,3.0
6822,20250901,134,5032,823.5,30.3,34.4,3.0
6823,20260514,121,5078,112.35,,25.4,1.0
6824,20260408,209,5068,1301.41,13.7,25.0,2.0
6825,20260401,277,5037,722.03,30.9,31.0,0.0
6826,20260706,296,5072,1379.99,61.8,28.0,3.0
6827,20250831,129,5021,1423.91,47.7,18.0,3.0
6828,20260329,120,5019,1404.94,31.2,32.2,0.0
6829,20260428,105,5071,,17.4,26.6,1.0
6830,20260408,299,5041,423.79,45.2,31.9,0.0
6831,20260216,224,5008,446.36,45.0,34.3,0.0
6832,20251126,294,5015,963.74,43.8,23.2,0.0
6833,20260104,211,5088,1430.14,,26.3,0.0
6834,20260416,111,5009,113.57,28.8,19.5,
6835,20260228,151,5053,464.45,44.1,20.7,
6836,20251129,128,5067,857.41,86.9,28.4,0.0
6837,20260508,109,5069,927.21,92.3,32.0,0.0
6838,20260708,269,5003,1055.55,38.9,33.9,0.0
6839,20250812,232,5080,1392.31,,26.7,3.0
6840,20251120,252,5093,376.44,74.8,24.4,3.0
6841,20260219,116,5022,181.32,31.3,23.4,3.0
6842,20260712,221,5093,858.29,37.7,20.0,
6843,20260423,131,5042,964.4,38.8,26.9,
6844,20260120,165,5048,225.12,45.8,31.2,0.0
6845,20251024,112,5005,844.63,89.9,19.7,2.0
6846,20260225,117,5019,614.47,,32.0,2.0
6847,20260525,178,5014,,67.3,25.9,
6848,20260405,271,5088,817.62,44.4,34.7,0.0
6849,20260422,103,5030,460.92,85.8,32.7,0.0
6850,20260630,294,5001,1266.5,73.5,32.4,0.0
6851,20260523,125,5049,460.34,,30.7,0.0
6852,20260105,132,5001,528.75,71.5,21.5,3.0
6853,20251021,255,5073,1471.51,,31.4,2.0
6854,20251128,153,5008,277.51,10.7,29.5,
6855,20250823,251,5050,293.42,91.6,22.0,
6856,20251210,152,5099,1201.59,86.8,28.6,0.0
6857,20260502,148,5073,587.94,81.9,18.5,0.0
6858,20260507,272,5016,228.85,88.0,29.5,2.0
6859,20250925,190,5029,943.97,88.5,31.5,0.0
6860,20260808,108,5098,125.88,56.7,28.0,3.0
6861,20251121,124,5081,1064.15,13.5,21.1,
6862,20250912,138,5005,600.83,59.2,33.3,0.0
6863,20260227,292,5073,390.36,37.1,19.1,
6864,20260216,172,5070,1226.85,,34.0,
6865,20260514,249,5010,198.7,75.7,24.3,0.0
6866,20251007,190,5003,659.0,92.6,24.2,0.0
6867,20250820,191,5084,252.33,17.1,23.4,2.0
6868,20260528,142,5061,835.55,54.4,23.1,1.0
6869,20260314,229,5074,94.2,82.2,24.4,
6870,20251106,300,5083,65.2,48.6,28.8,
6871,20260520,287,5050,700.92,68.5,27.4,
6872,20260502,257,5037,978.5,27.2,34.5,3.0
6873,20260806,162,5088,1148.77,25.3,29.7,3.0
6874,20250919,230,5079,1357.61,30.5,29.3,0.0
6875,20250831,246,5050,638.85,78.0,29.4,0.0
6876,20251224,118,5058,240.07,25.9,30.8,1.0
6877,20260327,126,5096,562.31,78.3,31.3,1.0
6878,20251217,249,5031,1491.74,74.6,24.7,0.0
6879,20250827,296,5088,,88.1,32.8,0.0
6880,20260405,104,5063,579.49,11.4,23.7,0.0
6881,20250924,236,5079,152.96,83.5,23.3,0.0
6882,20251127,156,5033,1434.59,33.2,,0.0
6883,20260506,284,5045,1037.3,34.0,30.2,
6884,20260122,150,5082,148.38,59.5,31.0,0.0
6885,20260804,173,5059,384.08,37.2,32.2,1.0
6886,20260531,144,5062,1102.46,17.0,20.0,
6887,20260806,294,5020,1429.14,84.0,27.7,3.0
6888,20260305,238,5059,663.58,38.1,18.1,0.0
6889,20260703,102,5069,1223.0,79.5,18.5,0.0
6890,20260327,286,5047,508.25,86.2,25.3,0.0
6891,20260221,126,5029,128.25,59.4,24.5,0.0
6892,20260315,155,5019,,26.0,20.0,0.0
6893,20251216,230,5037,879.52,83.2,32.9,3.0
6894,20251122,282,5082,591.46,70.0,31.7,0.0
6895,20260524,222,5094,309.9,29.3,32.6,2.0
6896,20260428,194,5023,488.22,22.6,29.2,
6897,20260413,279,5050,353.32,25.0,21.3,1.0
6898,20260428,251,5033,906.56,68.1,19.3,0.0
6899,20260216,148,5021,496.01,45.0,,0.0
6900,20251108,213,5048,872.39,54.9,18.4,
6901,20251207,273,5095,132.09,38.4,29.8,0.0
6902,20260311,128,5003,594.3,89.0,23.0,
6903,20260607,147,5056,433.11,,29.8,0.0
6904,20251220,191,5039,,19.4,24.4,0.0
6905,20250914,198,5019,360.0,12.1,25.9,0.0
6906,20260427,209,5006,1036.01,71.3,28.0,0.0
6907,20260609,155,5059,513.82,,26.7,1.0
6908,20250908,232,5053,1411.51,82.8,23.0,0.0
6909,20250901,159,5091,1380.96,65.5,21.9,0.0
6910,20260701,205,5070,896.11,15.5,29.7,3.0
6911,20260131,129,5030,513.01,,,1.0
6912,20260120,295,5052,717.34,56.3,24.6,0.0
6913,20251223,181,5017,880.37,12.8,28.5,
6914,20260218,132,5081,1116.24,36.9,25.7,2.0
6915,20260313,220,5046,1149.78,14.2,25.8,0.0
6916,20260215,129,5027,1401.99,28.8,32.4,1.0
6917,20260101,234,5052,,34.2,24.2,0.0
6918,20251114,135,5054,820.7,75.8,24.7,0.0
6919,20260208,227,5054,680.35,71.5,18.3,0.0
6920,20260111,296,5059,1128.21,29.1,27.5,2.0
6921,20260118,193,5094,485.5,45.4,22.6,0.0
6922,20260716,281,5058,1091.83,74.9,35.0,
6923,20260205,174,5057,892.07,10.6,25.1,1.0
6924,20260801,243,5050,673.04,51.0,24.3,2.0
6925,20260607,285,5060,613.1,75.6,22.0,
6926,20251001,111,5047,228.43,69.5,26.9,2.0
6927,20250925,122,5044,390.82,26.4,20.7,3.0
6928,20260427,184,5042,1327.6,69.5,28.7,0.0
6929,20250926,227,5086,1084.55,14.5,28.3,
6930,20260424,130,5052,767.6,59.1,28.0,
6931,20260621,199,5018,959.44,,25.4,0.0
6932,20250922,173,5093,,34.0,24.8,0.0
6933,20251026,217,5068,624.18,44.5,30.3,3.0
6934,20260130,254,5027,1434.53,94.2,27.3,
6935,20260510,289,5032,592.67,29.8,31.3,3.0
6936,20260721,180,5028,729.63,89.0,33.9,0.0
6937,20251223,276,5092,1169.4,12.8,31.8,0.0
6938,20260724,214,5025,1457.33,65.0,20.0,3.0
6939,20260318,158,5073,1491.04,18.2,25.9,0.0
6940,20260106,242,5025,1056.39,49.3,23.4,0.0
6941,20250923,205,5094,,80.4,27.5,0.0
6942,20260307,175,5085,1211.87,73.5,22.9,2.0
6943,20250824,210,5080,178.62,47.5,22.9,
6944,20251005,149,5047,434.77,19.5,18.3,2.0
6945,20251223,118,5060,1290.53,25.6,25.1,2.0
6946,20260807,222,5071,1218.28,69.8,21.8,3.0
6947,20251128,274,5098,195.38,84.3,23.2,
6948,20260203,195,5053,319.13,24.4,25.6,0.0
6949,20260526,146,5048,,86.4,23.7,1.0
6950,20251001,104,5083,571.83,80.9,20.3,0.0
6951,20260313,273,5040,758.86,29.0,30.6,1.0
6952,20250827,226,5028,364.67,28.0,20.1,2.0
6953,20260703,273,5051,1282.95,87.4,27.6,0.0
6954,20260701,127,5019,258.3,79.7,22.1,0.0
6955,20251027,202,5061,1074.38,73.3,25.7,0.0
6956,20260605,213,5014,1062.97,17.9,19.0,1.0
6957,20260204,234,5070,,64.6,20.8,
6958,20250923,269,5084,1039.79,82.0,29.1,3.0
6959,20251215,274,5058,354.98,41.8,33.2,0.0
6960,20260624,122,5039,1497.52,55.0,21.5,1.0
6961,20260109,131,5100,637.07,48.6,18.4,
6962,20260307,137,5080,425.66,,29.0,
6963,20260305,202,5053,319.76,41.9,23.0,3.0
6964,20260705,203,5007,862.97,40.1,21.7,0.0
6965,20260522,278,5026,243.39,18.0,34.0,
6966,20260130,252,5028,398.11,90.9,29.7,
6967,20260430,127,5044,287.61,,19.4,3.0
6968,20260319,290,5071,622.44,68.6,21.4,3.0
6969,20260515,144,5021,1215.65,57.8,34.9,0.0
6970,20260210,117,5085,1448.02,12.6,30.1,0.0
6971,20260125,194,5050,595.29,69.6,23.6,
6972,20260121,151,5067,1296.23,93.4,25.5,3.0
6973,20260121,187,5056,996.47,68.3,28.4,3.0
6974,20260623,152,5024,424.52,71.3,18.5,2.0
6975,20251207,253,5057,686.98,85.9,18.7,
6976,20260529,204,5004,1381.75,60.1,21.2,
6977,20260410,132,5089,951.83,,24.8,
6978,20260106,160,5027,1078.21,61.6,31.3,0.0
6979,20251103,209,5050,374.56,56.6,32.5,0.0
6980,20260101,286,5073,825.63,,27.5,0.0
6981,20260224,228,5086,540.31,65.3,20.2,0.0
6982,20260726,172,5023,254.0,51.5,22.2,0.0
6983,20260701,296,5035,248.16,28.0,24.5,1.0
6984,20260506,283,5096,1044.72,85.6,21.6,
6985,20260403,297,5088,81.45,,25.1,1.0
6986,20260622,249,5073,186.19,52.5,25.6,0.0
6987,20260425,252,5099,1048.67,54.1,27.0,0.0
6988,20260307,170,5020,50.19,70.6,21.4,0.0
6989,20260528,294,5083,663.76,31.9,29.9,
6990,20260425,265,5052,323.9,35.5,29.0,0.0
6991,20260303,203,5074,,42.8,24.3,0.0
6992,20250924,192,5026,304.02,69.9,34.4,0.0
6993,20260302,222,5020,454.41,78.1,18.9,
6994,20251019,271,5053,250.54,35.2,19.7,
6995,20260324,255,5041,1444.21,94.4,24.8,0.0
6996,20260309,204,5060,767.23,40.2,25.7,
6997,20250829,225,5032,,22.7,34.2,0.0
6998,20260306,231,5095,,72.9,34.9,3.0
6999,20251018,172,5017,266.56,58.5,28.3,0.0
7000,20260131,138,5098,931.76,89.2,31.7,0.0
7001,20260704,297,5063,1209.56,41.3,29.2,0.0
7002,20250923,217,5041,750.74,11.8,28.9,0.0
7003,20260718,128,5079,1238.82,52.3,30.6,
7004,20251014,132,5098,1299.93,89.9,30.2,1.0
7005,20250816,165,5079,525.97,42.5,20.3,0.0
7006,20260524,226,5068,439.66,,32.8,0.0
7007,20251107,228,5095,546.04,59.0,,3.0
7008,20260425,160,5081,1350.21,,21.7,3.0
7009,20260630,261,5005,,83.9,19.4,0.0
7010,20260119,135,5087,1392.67,49.9,25.2,2.0
7011,20260601,108,5013,519.23,84.9,23.3,0.0
7012,20260320,126,5009,874.17,37.2,31.3,
7013,20260104,289,5011,933.56,22.5,27.9,3.0
7014,20250826,114,5003,150.69,90.1,20.0,
7015,20260621,118,5002,849.12,25.5,20.2,2.0
7016,20250818,228,5007,370.65,19.4,32.2,2.0
7017,20260116,274,5043,92.71,66.2,23.2,0.0
7018,20260108,107,5012,1089.1,23.6,22.5,0.0
7019,20260620,146,5041,,12.2,18.4,0.0
7020,20251204,198,5046,462.3,20.9,20.8,
7021,20251112,255,5026,406.49,89.2,30.0,0.0
7022,20250920,274,5096,1026.48,,33.0,0.0
7023,20250915,184,5020,317.24,,22.7,
7024,20251010,140,5028,1149.63,,,
7025,20251001,178,5040,1489.7,91.6,27.5,
7026,20251111,260,5009,1100.82,20.3,30.5,1.0
7027,20250911,260,5047,,47.1,20.4,0.0
7028,20251130,125,5080,236.01,,32.3,1.0
7029,20260106,295,5041,701.63,,25.6,
7030,20251010,120,5075,726.95,20.0,27.7,0.0
7031,20260322,270,5058,345.44,94.1,34.3,0.0
7032,20251207,293,5061,159.38,,22.0,2.0
7033,20250819,234,5044,1335.72,77.0,24.6,0.0
7034,20250831,297,5091,784.04,47.1,26.3,0.0
7035,20251230,227,5023,1442.13,10.3,31.0,0.0
7036,20251205,220,5038,1434.67,,26.9,3.0
7037,20260108,152,5039,632.62,,32.3,3.0
7038,20251206,176,5013,483.17,81.8,28.3,0.0
7039,20251225,270,5072,743.31,10.3,27.9,0.0
7040,20260608,228,5021,1391.99,,28.2,3.0
7041,20250923,226,5020,692.28,65.6,18.1,1.0
7042,20251023,230,5021,350.64,14.2,31.0,0.0
7043,20260512,167,5054,574.18,84.2,26.8,3.0
7044,20260312,239,5016,395.16,94.5,21.9,
7045,20260206,188,5069,1206.48,52.5,33.5,0.0
7046,20260512,239,5080,,44.5,34.8,0.0
7047,20251228,240,5053,504.13,24.3,23.0,0.0
7048,20250921,105,5021,954.66,12.1,27.2,
7049,20250901,296,5072,1204.42,89.0,22.1,
7050,20260127,109,5071,246.14,78.2,27.9,1.0
7051,20260105,211,5081,467.11,66.7,30.7,3.0
7052,20260203,131,5061,1105.49,54.5,33.3,0.0
7053,20260106,199,5090,104.51,49.5,22.9,
7054,20251103,216,5036,,51.7,18.9,2.0
7055,20260630,181,5089,1076.69,52.1,22.8,0.0
7056,20251116,197,5032,1105.49,,22.9,
7057,20260728,214,5015,,33.6,25.9,2.0
7058,20260414,218,5085,,60.0,21.2,0.0
7059,20251108,110,5019,76.83,21.4,18.9,
7060,20260301,109,5057,989.61,42.8,20.3,0.0
7061,20260524,146,5013,679.78,21.0,23.1,0.0
7062,20251129,243,5097,1183.18,,23.8,0.0
7063,20260105,269,5006,581.89,18.9,20.6,1.0
7064,20250909,300,5018,292.16,38.5,27.5,1.0
7065,20260330,178,5049,707.49,65.0,19.1,0.0
7066,20251023,281,5061,249.69,75.7,28.2,0.0
7067,20260730,143,5049,875.3,61.0,22.3,
7068,20251224,226,5062,53.51,44.1,32.1,
7069,20260805,211,5022,1392.62,46.9,20.8,0.0
7070,20260523,135,5099,1254.09,92.0,26.1,1.0
7071,20260222,180,5003,70.0,48.2,33.4,0.0
7072,20260112,284,5076,108.01,64.0,25.8,2.0
7073,20260709,200,5089,1074.55,91.7,34.7,0.0
7074,20260122,225,5047,326.82,40.8,32.8,3.0
7075,20250810,296,5057,787.12,69.1,22.2,0.0
7076,20260127,129,5075,1474.06,57.8,20.1,0.0
7077,20260609,246,5074,969.72,19.5,22.3,
7078,20251123,273,5024,1201.1,60.4,31.6,2.0
7079,20260731,226,5058,1418.56,24.2,22.1,0.0
7080,20250810,269,5003,1330.41,13.1,27.3,0.0
7081,20260717,242,5063,1203.42,83.6,34.7,2.0
7082,20260202,276,5086,1421.5,86.6,34.0,0.0
7083,20260316,239,5073,1106.95,20.2,18.5,0.0
7084,20260613,247,5045,459.95,27.4,23.3,2.0
7085,20251227,221,5044,699.33,44.1,26.9,0.0
7086,20251216,222,5011,506.84,82.7,28.2,0.0
7087,20260329,244,5048,754.27,72.0,29.7,0.0
7088,20260312,141,5009,899.99,58.4,29.5,
7089,20260212,230,5023,201.51,,18.3,3.0
7090,20250826,115,5018,1391.7,49.1,29.1,0.0
7091,20260507,201,5080,1472.36,34.0,24.3,
7092,20260304,168,5039,1063.53,55.1,26.4,0.0
7093,20251128,227,5087,877.56,67.0,25.8,0.0
7094,20260101,252,5051,752.39,24.9,33.1,0.0
7095,20250924,197,5020,882.76,13.8,26.0,1.0
7096,20250930,258,5015,835.44,52.2,18.5,0.0
7097,20260301,274,5086,452.8,19.0,21.3,
7098,20251120,191,5026,1496.02,49.7,,
7099,20260115,297,5082,1194.91,32.6,28.6,
7100,20260321,173,5042,423.65,78.9,32.2,0.0
7101,20260726,183,5038,1375.15,54.6,28.2,
7102,20251204,116,5092,783.82,64.3,20.9,3.0
7103,20260416,108,5011,99.85,26.1,23.5,1.0
7104,20251213,252,5046,1123.13,56.0,34.5,3.0
7105,20251113,112,5078,1338.68,56.8,25.7,0.0
7106,20260512,133,5064,1230.11,72.1,28.4,0.0
7107,20260122,194,5003,70.6,51.7,34.9,0.0
7108,20251108,190,5080,459.04,52.2,34.9,2.0
7109,20260804,290,5076,1068.19,53.3,29.8,0.0
7110,20251213,250,5054,1009.67,90.2,23.2,0.0
7111,20260125,107,5022,257.24,34.0,29.5,3.0
7112,20260317,296,5047,654.57,48.3,24.7,1.0
7113,20250815,261,5033,1314.97,30.3,22.2,
7114,20260420,188,5025,480.07,83.4,31.0,2.0
7115,20260403,198,5066,234.96,62.2,26.1,
7116,20250810,125,5036,1130.69,63.0,26.2,0.0
7117,20260131,210,5067,1464.27,,26.8,
7118,20260705,189,5004,423.03,38.3,21.1,0.0
7119,20260413,192,5063,602.46,,24.9,0.0
7120,20260108,206,5041,239.61,28.4,25.5,1.0
7121,20260703,190,5022,277.58,30.0,31.0,2.0
7122,20260424,115,5007,844.68,42.9,27.0,3.0
7123,20260516,270,5084,1070.64,59.2,19.2,
7124,20260222,163,5031,1326.75,49.9,33.3,
7125,20260525,164,5090,1218.09,20.6,31.5,0.0
7126,20260404,161,5040,,39.8,31.0,
7127,20250907,266,5034,1307.18,75.7,24.7,0.0
7128,20250821,180,5058,201.28,81.6,31.4,1.0
7129,20260610,252,5056,943.08,62.0,,1.0
7130,20260412,122,5044,865.46,15.2,18.2,0.0
7131,20260413,277,5006,542.18,42.3,21.4,2.0
7132,20251217,117,5035,414.64,31.6,30.7,
7133,20260603,179,5096,55.92,64.4,25.0,3.0
7134,20260608,130,5098,156.19,20.5,23.2,
7135,20251219,187,5085,1043.33,42.4,31.9,2.0
7136,20251013,144,5059,683.56,51.7,26.8,0.0
7137,20260518,106,5085,1063.57,,23.2,0.0
7138,20260422,238,5011,1382.85,58.3,28.4,
7139,20250813,184,5043,286.86,91.8,24.8,2.0
7140,20260126,110,5071,1368.95,58.9,24.2,
7141,20260718,218,5005,1234.1,27.9,32.0,3.0
7142,20260119,269,5017,1459.65,30.3,27.6,0.0
7143,20251030,209,5080,1069.64,13.2,25.7,2.0
7144,20250817,246,5002,491.07,63.3,31.2,
7145,20251120,232,5095,771.68,30.9,21.8,
7146,20260713,208,5074,300.31,57.2,23.0,0.0
7147,20251218,169,5003,1339.78,57.3,34.4,0.0
7148,20250911,106,5039,973.61,13.4,31.6,0.0
7149,20260322,279,5049,544.46,64.5,31.9,1.0
7150,20251128,221,5026,1086.94,55.1,34.4,0.0
7151,20260429,251,5061,1132.46,53.8,29.0,0.0
7152,20251103,106,5049,1059.32,72.7,22.9,0.0
7153,20260206,182,5050,143.11,,20.2,0.0
7154,20251220,197,5005,794.42,41.8,29.1,0.0
7155,20251120,247,5089,776.72,,24.5,3.0
7156,20260707,200,5087,254.95,81.7,18.8,0.0
7157,20260425,183,5035,1449.53,25.1,27.2,
7158,20251025,247,5090,347.29,68.6,18.5,1.0
7159,20251020,126,5049,812.5,14.5,19.3,0.0
7160,20260606,226,5043,841.75,60.8,,0.0
7161,20260101,126,5047,750.46,33.5,27.0,1.0
7162,20260624,277,5066,528.25,56.7,22.2,2.0
7163,20260306,273,5055,842.65,51.7,22.3,0.0
7164,20260206,153,5053,1279.34,50.8,26.6,0.0
7165,20260227,187,5091,147.72,20.5,27.1,2.0
7166,20260408,228,5044,807.13,25.8,33.6,0.0
7167,20260305,229,5017,607.41,23.4,31.4,
7168,20260416,296,5045,161.7,60.2,28.0,
7169,20260304,271,5093,1110.37,66.5,32.0,
7170,20250902,187,5034,1061.97,26.7,24.0,
7171,20250925,143,5071,420.36,73.4,32.6,
7172,20250902,258,5025,981.53,20.4,23.5,1.0
7173,20251113,177,5063,631.18,29.6,22.9,1.0
7174,20260306,194,5037,727.93,92.8,24.0,3.0
7175,20251101,212,5035,1470.34,78.1,26.9,3.0
7176,20260217,152,5011,919.21,21.7,28.5,0.0
7177,20260523,228,5058,1460.08,28.8,28.2,0.0
7178,20251019,263,5086,1454.38,47.4,18.7,0.0
7179,20260415,120,5011,617.55,49.1,19.4,
7180,20260808,238,5086,1141.91,46.7,20.9,0.0
7181,20260420,155,5041,520.62,87.0,21.7,2.0
7182,20260221,174,5066,671.15,10.7,19.5,
7183,20251110,168,5015,693.54,30.8,33.4,0.0
7184,20260303,113,5003,440.54,65.3,20.3,0.0
7185,20260123,177,5017,1173.81,68.3,23.1,0.0
7186,20260719,247,5098,610.89,78.9,34.1,0.0
7187,20260401,203,5014,1331.21,47.3,33.2,0.0
7188,20260721,158,5032,835.29,81.1,20.1,1.0
7189,20250828,260,5010,,64.8,23.3,
7190,20260719,291,5023,1291.66,14.7,25.8,1.0
7191,20260115,124,5048,1294.22,,26.7,0.0
7192,20260809,284,5009,694.92,51.0,22.5,0.0
7193,20251118,249,5020,341.93,66.1,31.6,
7194,20260415,125,5074,1215.78,71.6,25.9,0.0
7195,20260127,252,5031,123.51,76.4,26.8,0.0
7196,20251220,187,5100,,,34.6,1.0
7197,20260514,170,5012,882.2,49.0,19.6,
7198,20260629,118,5010,254.03,27.3,31.8,0.0
7199,20251031,246,5002,171.33,,26.2,0.0
7200,20251119,236,5093,631.13,66.9,31.8,
7201,20260110,222,5002,60.74,28.0,,0.0
7202,20260121,210,5095,657.11,64.5,32.3,0.0
7203,20250811,154,5044,566.68,27.5,30.6,1.0
7204,20251020,189,5080,512.05,31.0,21.4,
7205,20250908,120,5010,701.95,88.6,22.1,0.0
7206,20260307,267,5020,784.52,,22.1,0.0
7207,20250819,178,5075,1429.07,68.6,23.6,1.0
7208,20260506,230,5081,529.29,52.1,34.0,0.0
7209,20260802,177,5059,1014.99,12.7,28.5,0.0
7210,20260112,211,5081,807.97,59.9,33.4,0.0
7211,20250906,270,5043,627.97,86.5,18.3,0.0
7212,20251109,239,5086,525.28,49.1,27.4,
7213,20251009,181,5014,1150.04,,22.4,3.0
7214,20251201,152,5079,1338.28,33.1,23.4,0.0
7215,20260327,207,5016,560.49,12.9,24.7,2.0
7216,20250914,203,5008,1487.24,76.9,24.4,0.0
7217,20260201,165,5091,299.61,42.3,25.0,0.0
7218,20260601,260,5018,731.88,69.7,32.0,3.0
7219,20260314,232,5026,448.17,41.7,29.4,
7220,20260327,217,5096,59.93,64.7,21.0,2.0
7221,20251210,272,5011,610.3,94.3,27.8,
7222,20251109,296,5024,697.3,25.8,32.1,0.0
7223,20250918,241,5012,805.48,,30.2,1.0
7224,20251105,147,5092,1223.48,26.8,24.2,
7225,20251212,105,5012,1222.12,59.0,30.4,0.0
7226,20250829,261,5001,1290.96,44.6,22.8,0.0
7227,20251210,281,5056,472.2,42.1,18.2,0.0
7228,20260527,233,5088,133.36,80.3,19.3,0.0
7229,20260721,148,5030,153.37,49.2,23.2,0.0
7230,20260520,248,5027,604.79,10.4,28.8,0.0
7231,20260324,228,5007,420.26,54.3,33.9,2.0
7232,20260516,155,5092,204.44,36.8,34.9,0.0
7233,20260326,270,5011,303.93,11.4,,
7234,20260309,291,5050,422.2,,29.4,0.0
7235,20250910,220,5042,488.68,,28.9,0.0
7236,20250901,169,5081,149.63,75.8,24.3,0.0
7237,20250822,264,5068,792.82,59.2,20.4,3.0
7238,20251202,237,5025,936.85,87.8,22.3,
7239,20260616,258,5061,1402.78,32.6,35.0,
7240,20250902,297,5026,57.16,19.0,24.3,
7241,20250925,212,5091,1212.43,,33.2,0.0
7242,20260712,245,5064,1258.12,15.7,24.2,0.0
7243,20260118,287,5078,342.31,35.5,25.3,0.0
7244,20251128,261,5091,639.48,82.9,19.1,
7245,20260327,116,5024,824.9,76.3,31.9,0.0
7246,20250903,234,5061,667.41,60.4,31.6,0.0
7247,20260414,152,5037,793.21,32.1,21.7,2.0
7248,20260302,194,5094,388.4,26.4,30.9,0.0
7249,20251125,219,5087,511.5,33.7,22.8,0.0
7250,20251227,138,5076,731.43,59.7,34.6,
7251,20250914,162,5008,110.75,19.8,25.7,0.0
7252,20260512,139,5057,,,20.9,0.0
7253,20251103,292,5024,78.83,19.1,22.4,
7254,20260317,276,5065,405.47,54.6,29.5,0.0
7255,20260408,296,5001,331.28,16.0,19.3,0.0
7256,20250813,177,5011,1328.75,56.4,28.2,1.0
7257,20251228,212,5023,482.53,64.4,32.0,0.0
7258,20260528,206,5026,1408.08,45.3,26.7,
7259,20260628,182,5034,273.13,86.0,,
7260,20260324,117,5019,357.63,62.9,34.8,
7261,20251212,263,5070,982.33,19.7,33.3,0.0
7262,20260719,153,5074,138.11,91.5,19.9,0.0
7263,20260523,206,5025,115.57,74.8,23.1,0.0
7264,20260123,169,5090,1055.85,83.3,21.6,0.0
7265,20251208,174,5016,1110.42,59.8,23.7,2.0
7266,20251019,266,5090,833.81,41.4,21.6,0.0
7267,20250916,142,5098,1117.03,92.5,32.9,1.0
7268,20260315,166,5010,373.84,37.3,,0.0
7269,20250903,276,5025,1475.52,54.9,32.0,0.0
7270,20260525,254,5024,1176.45,77.7,23.8,1.0
7271,20251019,161,5042,453.07,85.5,30.2,0.0
7272,20260307,204,5097,150.29,16.6,31.9,0.0
7273,20260331,162,5030,440.22,17.6,20.1,0.0
7274,20251111,130,5021,888.66,70.9,34.8,1.0
7275,20260111,139,5051,896.63,13.2,29.4,0.0
7276,20260502,150,5082,678.22,26.0,25.2,0.0
7277,20260119,108,5076,146.01,48.9,30.7,
7278,20251106,163,5038,930.73,43.6,18.0,0.0
7279,20260528,180,5077,914.75,64.7,29.8,2.0
7280,20250901,219,5053,1308.61,84.0,26.7,0.0
7281,20251202,225,5065,1382.98,81.2,32.2,0.0
7282,20260116,244,5082,1348.22,34.3,22.2,0.0
7283,20260727,212,5037,1322.58,,34.3,
7284,20260513,209,5028,245.65,68.4,26.6,1.0
7285,20251201,266,5055,445.47,42.7,34.5,0.0
7286,20260629,110,5033,1485.55,35.7,25.7,0.0
7287,20260520,152,5045,855.1,90.0,23.7,0.0
7288,20251002,141,5095,208.8,87.2,19.2,1.0
7289,20251130,170,5031,575.74,34.1,30.6,3.0
7290,20251213,135,5068,933.62,94.1,22.4,2.0
7291,20251222,108,5001,813.61,10.3,18.7,2.0
7292,20250812,167,5084,483.29,25.1,29.4,0.0
7293,20260312,172,5088,1375.84,20.5,28.5,0.0
7294,20260415,269,5033,722.86,29.6,26.6,1.0
7295,20250830,241,5037,563.21,70.3,30.5,3.0
7296,20260211,146,5097,1166.61,77.4,18.3,0.0
7297,20260611,265,5021,1140.1,63.0,29.9,1.0
7298,20260620,111,5009,763.61,69.1,27.1,0.0
7299,20260111,285,5008,1482.39,22.2,34.5,3.0
7300,20251020,225,5009,1461.84,31.2,29.4,0.0
7301,20251022,106,5064,70.53,34.2,18.9,0.0
7302,20260708,115,5045,516.71,,23.9,1.0
7303,20260524,122,5094,978.32,83.1,33.9,0.0
7304,20251213,181,5008,1432.34,73.8,31.1,3.0
7305,20260411,255,5080,880.9,30.9,25.1,0.0
7306,20260421,177,5097,1031.4,35.1,24.0,0.0
7307,20260804,117,5056,1337.99,33.5,20.2,1.0
7308,20260317,205,5011,897.49,42.6,24.8,0.0
7309,20251209,194,5087,960.51,15.3,18.4,0.0
7310,20260309,272,5098,845.33,90.9,28.7,
7311,20260728,269,5092,253.52,,25.3,0.0
7312,20260323,124,5058,1474.76,38.9,19.6,3.0
7313,20260110,202,5002,51.58,88.7,34.1,3.0
7314,20251008,286,5096,1089.98,50.1,30.3,1.0
7315,20260123,136,5087,413.91,14.2,31.1,0.0
7316,20260525,161,5012,263.35,66.3,25.7,1.0
7317,20250825,129,5041,1314.27,45.5,28.9,0.0
7318,20251029,247,5076,1292.09,77.7,20.6,0.0
7319,20250811,289,5099,1212.07,31.2,22.1,1.0
7320,20251030,229,5047,1455.7,58.5,18.0,1.0
7321,20251102,131,5090,562.97,82.5,20.0,0.0
7322,20260326,234,5088,819.15,16.5,27.1,0.0
7323,20251105,271,5078,1463.69,47.5,24.4,3.0
7324,20260505,249,5087,252.87,94.6,21.9,1.0
7325,20260724,299,5009,804.85,40.4,31.0,0.0
7326,20251209,235,5073,935.26,43.3,31.3,1.0
7327,20260507,165,5034,1312.96,38.7,22.6,0.0
7328,20251024,228,5094,729.53,16.3,32.2,3.0
7329,20251016,124,5041,,63.8,20.2,0.0
7330,20260807,161,5058,272.67,72.7,18.3,2.0
7331,20251220,254,5046,379.67,72.9,23.4,0.0
7332,20250905,132,5096,867.11,10.0,29.4,0.0
7333,20250820,298,5062,688.03,24.5,19.0,2.0
7334,20250921,181,5048,,34.7,34.8,0.0
7335,20251124,185,5064,464.27,19.1,31.3,3.0
7336,20251020,250,5039,683.34,38.7,30.4,1.0
7337,20260312,289,5098,575.73,15.7,21.6,
7338,20260517,200,5063,579.68,53.7,27.8,0.0
7339,20250826,292,5041,1425.5,87.0,33.9,0.0
7340,20250820,291,5070,1001.64,38.7,18.8,0.0
7341,20251021,161,5096,146.71,31.5,26.0,
7342,20251012,209,5025,1354.06,80.6,26.4,0.0
7343,20260630,156,5030,1119.83,54.9,18.3,2.0
7344,20260430,137,5076,,,32.5,0.0
7345,20251212,128,5022,1045.77,38.5,29.6,0.0
7346,20260228,145,5006,1096.37,20.4,27.9,
7347,20251014,155,5089,342.13,28.6,32.4,0.0
7348,20250817,171,5046,776.25,26.8,22.1,0.0
7349,20260614,213,5053,1144.19,43.3,22.6,0.0
7350,20260709,205,5060,237.25,72.1,30.4,0.0
7351,20250817,166,5060,929.24,11.0,28.8,
7352,20260414,251,5042,1190.73,,34.1,0.0
7353,20251226,115,5052,804.0,93.3,30.7,0.0
7354,20260525,226,5060,624.83,60.8,20.7,2.0
7355,20250919,237,5060,795.74,88.3,24.6,0.0
7356,20260718,196,5058,1409.46,37.9,18.4,0.0
7357,20251129,280,5020,203.73,46.6,23.6,
7358,20251105,129,5019,659.41,74.5,24.2,
7359,20260602,182,5095,404.8,37.2,30.1,2.0
7360,20260408,240,5097,1161.36,19.9,30.0,0.0
7361,20260720,209,5050,294.06,65.0,34.0,2.0
7362,20260802,222,5054,1342.68,18.4,30.3,1.0
7363,20260810,275,5004,95.14,41.7,24.5,1.0
7364,20260628,164,5018,982.1,50.2,20.5,0.0
7365,20260627,172,5041,1097.73,24.5,26.6,1.0
7366,20250902,138,5049,596.28,15.1,28.3,0.0
7367,20251001,193,5081,952.93,38.0,24.3,3.0
7368,20260714,222,5020,455.93,72.7,31.5,1.0
7369,20260527,284,5052,715.91,35.8,30.5,0.0
7370,20251019,195,5047,1266.03,25.2,25.5,
7371,20251226,179,5002,474.18,17.3,29.8,
7372,20251224,106,5056,798.71,59.7,32.2,0.0
7373,20260317,266,5085,193.05,19.9,31.8,0.0
7374,20260802,256,5023,1474.18,68.3,28.1,0.0
7375,20251107,109,5020,329.08,65.3,28.2,
7376,20250826,290,5076,53.61,23.6,31.1,2.0
7377,20260323,270,5024,634.14,59.5,21.5,3.0
7378,20251018,114,5028,1272.97,61.6,18.5,0.0
7379,20260221,277,5013,359.77,52.8,29.6,
7380,20260525,272,5003,1451.58,34.7,19.4,
7381,20251207,162,5051,1376.4,34.2,27.2,0.0
7382,20250829,165,5061,175.36,,26.6,3.0
7383,20260528,242,5020,183.8,28.4,31.0,0.0
7384,20260625,199,5035,1227.35,53.6,27.3,0.0
7385,20260617,180,5044,1388.82,40.8,27.0,0.0
7386,20260730,264,5026,1207.43,69.8,21.2,0.0
7387,20260630,280,5003,180.98,,33.0,
7388,20251025,193,5064,834.28,59.4,34.0,
7389,20250908,276,5051,266.89,59.3,18.3,
7390,20260129,132,5021,1179.46,34.2,32.4,3.0
7391,20260409,237,5039,1335.21,24.3,23.8,0.0
7392,20250902,161,5071,1243.83,37.3,21.1,1.0
7393,20260212,214,5036,1241.47,10.5,32.8,3.0
7394,20260511,200,5030,866.53,20.3,26.7,0.0
7395,20260403,103,5025,650.76,23.8,28.3,0.0
7396,20260212,201,5063,845.7,70.4,,0.0
7397,20260208,166,5078,1262.16,,18.2,
7398,20260126,178,5093,1403.67,35.7,32.5,0.0
7399,20251205,124,5064,1395.38,13.7,27.5,0.0
7400,20251224,294,5056,391.57,14.4,27.6,
7401,20260421,161,5056,717.24,86.7,31.8,0.0
7402,20260428,177,5021,259.4,65.0,28.7,0.0
7403,20260207,154,5063,997.96,69.7,28.0,0.0
7404,20251116,142,5086,222.62,47.0,31.0,1.0
7405,20260103,213,5008,955.78,93.3,26.9,0.0
7406,20260713,262,5046,1421.47,53.6,24.9,0.0
7407,20260311,182,5014,89.11,54.2,31.5,0.0
7408,20250823,297,5009,269.68,44.3,29.8,0.0
7409,20251029,265,5042,298.33,63.1,18.3,0.0
7410,20251023,205,5091,733.71,56.2,25.7,0.0
7411,20260621,109,5062,1249.91,68.7,23.0,
7412,20260101,171,5078,132.09,22.5,32.8,
7413,20251129,121,5038,1077.22,25.9,20.7,0.0
7414,20260701,300,5019,1205.04,77.9,23.4,0.0
7415,20260307,226,5031,1468.82,20.6,30.7,0.0
7416,20260718,221,5067,508.72,66.3,28.9,3.0
7417,20251224,289,5064,445.46,48.9,18.1,3.0
7418,20260227,206,5028,,66.8,21.6,2.0
7419,20250928,186,5054,836.12,90.7,20.7,0.0
7420,20250909,284,5063,974.76,90.9,19.7,
7421,20260119,209,5002,130.66,87.6,27.1,
7422,20251216,126,5040,1338.43,36.5,28.9,0.0
7423,20260311,142,5081,456.82,33.2,25.6,0.0
7424,20260127,279,5021,725.72,64.3,26.8,3.0
7425,20260325,167,5044,697.61,20.5,32.0,3.0
7426,20260112,230,5081,518.29,87.3,18.9,
7427,20260128,117,5040,426.26,36.6,27.9,0.0
7428,20260106,191,5088,959.32,77.7,32.8,
7429,20260531,208,5080,695.5,71.1,29.3,0.0
7430,20251204,255,5055,769.78,57.6,18.6,
7431,20251227,287,5079,505.12,12.2,23.8,
7432,20251014,241,5016,910.36,18.1,34.7,0.0
7433,20251103,289,5077,162.22,26.2,33.4,3.0
7434,20260403,184,5017,1236.89,54.0,18.8,0.0
7435,20251219,217,5068,1304.1,85.0,24.8,3.0
7436,20250909,278,5037,834.14,28.5,33.2,0.0
7437,20260614,108,5044,,40.5,33.5,0.0
7438,20260213,296,5093,1272.34,80.4,33.1,
7439,20260402,114,5048,1135.97,55.4,34.7,2.0
7440,20260524,265,5089,721.01,24.5,21.5,2.0
7441,20260715,265,5017,146.15,92.0,18.4,
7442,20250915,148,5048,895.62,,24.8,3.0
7443,20250905,262,5073,514.59,56.2,22.4,
7444,20250824,214,5061,923.67,89.4,27.1,1.0
7445,20251022,265,5009,858.85,92.7,26.2,0.0
7446,20251020,135,5003,488.62,71.8,26.4,0.0
7447,20251208,101,5058,789.4,22.5,28.4,0.0
7448,20251128,203,5048,932.36,71.8,18.7,
7449,20260604,152,5054,1082.7,72.5,23.1,0.0
7450,20260417,261,5032,616.38,31.4,31.5,2.0
7451,20251118,179,5027,637.23,24.8,32.0,0.0
7452,20260425,181,5042,847.4,43.4,31.2,3.0
7453,20260810,248,5089,783.02,80.9,18.2,0.0
7454,20260810,122,5030,848.22,63.5,,2.0
7455,20260512,129,5041,692.78,94.9,28.8,0.0
7456,20260507,141,5082,347.78,23.4,27.8,1.0
7457,20260709,164,5061,83.14,94.6,19.4,1.0
7458,20250813,233,5036,,,27.2,
7459,20251127,283,5072,74.5,89.7,28.6,2.0
7460,20260606,297,5044,744.53,92.2,29.4,0.0
7461,20260523,267,5074,164.95,84.9,20.1,0.0
7462,20260104,296,5043,394.8,23.5,21.1,0.0
7463,20260105,134,5090,628.76,55.6,30.9,0.0
7464,20260310,253,5025,207.72,47.5,30.9,0.0
7465,20260406,276,5017,216.05,13.3,26.3,2.0
7466,20260129,206,5042,965.82,48.1,21.1,0.0
7467,20260213,182,5081,1018.46,42.7,29.6,
7468,20260515,216,5074,90.39,36.4,29.0,0.0
7469,20251003,223,5030,1282.1,21.4,30.5,2.0
7470,20260102,289,5091,1120.43,88.1,28.5,2.0
7471,20251101,135,5076,843.41,26.8,28.7,
7472,20260511,167,5079,1220.56,,33.8,0.0
7473,20260130,145,5031,,89.4,33.2,3.0
7474,20260214,276,5032,1396.18,66.2,19.4,0.0
7475,20260524,252,5063,988.21,73.9,28.9,0.0
7476,20260514,184,5073,833.03,51.9,34.7,0.0
7477,20260501,173,5061,983.18,70.0,25.1,3.0
7478,20260125,151,5003,1278.64,86.5,25.1,0.0
7479,20260526,122,5041,1187.0,70.2,26.2,1.0
7480,20251202,207,5066,192.52,87.3,34.8,1.0
7481,20251017,195,5013,,35.7,26.3,3.0
7482,20260518,147,5050,1232.45,92.6,27.7,0.0
7483,20260422,201,5097,88.5,69.6,23.9,2.0
7484,20251025,197,5019,1249.9,86.1,25.5,0.0
7485,20260121,247,5080,60.21,52.4,25.1,0.0
7486,20260302,158,5042,,83.4,20.3,0.0
7487,20251225,106,5011,1087.14,16.4,29.9,0.0
7488,20260309,106,5068,1282.22,48.1,18.4,
7489,20250925,243,5063,914.19,38.7,22.2,
7490,20260721,266,5060,1315.96,77.4,34.2,0.0
7491,20250813,257,5078,118.26,81.6,33.3,
7492,20260602,261,5094,899.9,14.4,,3.0
7493,20260611,159,5035,368.2,30.5,21.3,0.0
7494,20251212,123,5009,1180.04,28.6,29.1,2.0
7495,20260110,219,5058,904.75,,19.3,0.0
7496,20260417,151,5050,258.77,77.3,24.6,
7497,20260104,168,5100,852.25,82.6,28.8,3.0
7498,20260521,280,5025,1345.53,,26.9,0.0
7499,20260222,144,5099,374.66,67.2,21.0,0.0
7500,20251207,113,5036,1362.67,78.3,23.6,0.0
7501,20250818,203,5092,791.5,,34.8,0.0
7502,20260524,259,5019,1398.06,83.4,33.9,0.0
7503,20260713,210,5047,683.16,,19.0,0.0
7504,20251005,254,5100,490.49,22.3,34.2,1.0
7505,20260724,167,5008,1358.07,77.9,23.0,3.0
7506,20251208,139,5061,1385.91,78.4,31.7,
7507,20260328,123,5032,401.79,21.7,24.5,1.0
7508,20260318,195,5029,508.47,33.5,24.4,2.0
7509,20260320,144,5082,660.05,46.7,29.8,0.0
7510,20260623,246,5001,525.46,34.6,21.6,0.0
7511,20260803,131,5042,791.0,15.5,18.6,0.0
7512,20251023,104,5046,649.96,73.3,24.4,1.0
7513,20251230,284,5080,801.92,,31.6,0.0
7514,20260221,235,5062,1107.93,55.2,20.5,0.0
7515,20251017,212,5072,376.67,67.0,32.6,0.0
7516,20250918,298,5019,1462.9,60.4,22.0,3.0
7517,20260306,217,5035,540.56,51.3,24.8,0.0
7518,20260122,273,5041,1051.25,81.7,20.4,1.0
7519,20260703,227,5063,69.24,74.0,,1.0
7520,20250913,131,5041,755.92,91.0,34.9,0.0
7521,20250917,158,5078,392.38,70.3,24.5,1.0
7522,20260228,283,5069,197.26,29.9,30.6,2.0
7523,20250821,153,5026,297.67,56.8,34.8,
7524,20260419,149,5083,,69.4,26.1,0.0
7525,20260204,169,5025,1353.26,28.7,18.6,
7526,20251017,174,5077,366.13,65.9,18.8,
7527,20250904,292,5078,,78.4,24.7,0.0
7528,20260728,227,5016,543.38,24.4,25.3,1.0
7529,20251121,198,5038,111.93,88.9,34.3,1.0
7530,20251103,134,5094,1274.03,59.0,22.0,0.0
7531,20260408,211,5008,511.52,87.2,33.4,0.0
7532,20250904,153,5095,1030.37,65.1,27.0,
7533,20250831,254,5025,97.47,92.5,33.1,0.0
7534,20260215,156,5068,234.12,63.3,20.8,2.0
7535,20251011,173,5065,185.74,76.1,22.3,0.0
7536,20260620,287,5037,743.74,49.1,27.2,
7537,20260107,274,5032,925.08,65.3,18.7,
7538,20251006,149,5049,1321.9,53.9,25.8,0.0
7539,20250919,208,5055,372.83,,31.7,0.0
7540,20260222,147,5090,,93.6,,0.0
7541,20260201,205,5002,1242.14,88.1,29.2,
7542,20250904,138,5039,431.94,33.3,26.0,0.0
7543,20260725,108,5034,501.21,65.3,31.8,1.0
7544,20260622,175,5027,1473.69,29.7,32.1,
7545,20250926,168,5019,829.22,,30.2,0.0
7546,20251024,161,5038,201.77,48.8,30.3,0.0
7547,20260115,259,5004,160.71,65.3,29.1,0.0
7548,20260426,216,5004,,16.7,25.8,
7549,20260130,164,5084,1337.26,62.2,30.5,0.0
7550,20260318,195,5083,1428.91,,31.0,0.0
7551,20260719,250,5098,994.53,30.0,22.6,0.0
7552,20260313,276,5054,1067.26,,28.8,1.0
7553,20260209,266,5011,,71.7,29.5,
7554,20260417,218,5048,1407.5,67.9,30.6,3.0
7555,20251118,122,5060,1467.78,60.4,27.2,3.0
7556,20250812,103,5100,1200.25,67.3,24.3,1.0
7557,20251001,221,5019,1283.71,65.3,30.9,
7558,20250902,135,5058,,37.1,25.6,1.0
7559,20260103,183,5081,826.84,36.6,18.4,2.0
7560,20260601,278,5049,693.76,49.7,21.8,
7561,20260218,202,5072,520.23,14.8,30.4,0.0
7562,20260709,276,5021,1137.58,10.6,24.8,0.0
7563,20260627,155,5077,1237.75,49.9,25.8,1.0
7564,20260125,283,5057,1175.84,82.6,30.4,0.0
7565,20260308,199,5098,,65.7,28.8,0.0
7566,20260506,282,5041,1128.3,52.1,30.8,0.0
7567,20251123,209,5014,895.03,41.9,33.7,0.0
7568,20260628,289,5036,684.97,71.5,31.1,0.0
7569,20260124,253,5059,1315.43,56.9,33.8,0.0
7570,20260423,166,5036,945.97,75.8,34.6,3.0
7571,20260427,119,5026,829.7,35.3,32.2,0.0
7572,20251126,125,5091,1316.88,34.0,18.4,0.0
7573,20260322,243,5078,256.08,,27.9,0.0
7574,20260602,116,5059,,62.0,28.5,0.0
7575,20251013,114,5037,488.7,87.6,28.5,2.0
7576,20251109,186,5021,1178.07,26.8,32.3,0.0
7577,20260705,161,5076,437.16,39.5,21.7,0.0
7578,20260505,221,5017,668.21,42.1,32.0,0.0
7579,20260124,191,5042,473.29,45.4,,0.0
7580,20260709,256,5003,,91.4,22.8,2.0
7581,20251016,272,5016,735.89,20.6,30.2,0.0
7582,20260306,254,5007,1224.8,16.0,24.8,0.0
7583,20260101,282,5042,85.87,56.5,20.8,
7584,20260722,292,5071,1153.86,11.0,31.1,
7585,20251105,112,5062,386.26,37.7,27.1,3.0
7586,20260624,102,5048,1169.62,59.2,22.9,2.0
7587,20251118,165,5019,1102.16,16.2,32.3,1.0
7588,20260327,230,5041,669.55,76.4,,0.0
7589,20251124,259,5093,482.34,31.9,32.9,0.0
7590,20260711,198,5049,81.39,33.8,18.4,3.0
7591,20260422,178,5071,676.41,40.5,28.4,
7592,20260501,202,5004,1409.57,73.6,27.3,2.0
7593,20251028,272,5081,939.08,23.8,18.4,3.0
7594,20260206,195,5056,745.66,41.5,25.9,2.0
7595,20260808,134,5083,1149.65,38.3,18.5,3.0
7596,20260228,244,5042,783.75,18.6,18.4,0.0
7597,20260809,111,5051,352.05,79.5,24.7,0.0
7598,20250907,249,5023,222.59,80.1,31.1,0.0
7599,20250917,146,5042,894.32,,23.9,0.0
7600,20260517,167,5079,772.42,73.1,22.5,0.0
7601,20251207,144,5098,706.86,62.0,,2.0
7602,20260122,229,5005,1379.64,39.8,31.8,
7603,20251110,227,5083,922.06,18.2,31.2,0.0
7604,20260211,187,5037,1069.79,45.1,25.4,3.0
7605,20260126,220,5042,263.59,66.1,22.9,3.0
7606,20250905,134,5073,686.81,40.1,30.1,
7607,20260421,123,5097,201.47,88.3,34.1,0.0
7608,20260511,182,5073,620.58,69.8,21.6,2.0
7609,20251227,282,5006,,87.9,20.4,3.0
7610,20260510,236,5066,1127.41,12.2,,3.0
7611,20260619,211,5008,1080.47,44.9,26.0,0.0
7612,20260102,137,5093,248.22,36.2,31.9,
7613,20250813,167,5092,1253.31,19.1,31.9,3.0
7614,20250920,130,5092,530.57,29.6,28.8,0.0
7615,20260711,181,5017,584.02,83.1,18.9,0.0
7616,20251207,112,5064,1072.57,89.2,32.3,1.0
7617,20260511,133,5009,491.23,29.5,23.9,1.0
7618,20260203,228,5009,287.33,,20.8,1.0
7619,20250903,172,5018,1241.39,,26.1,2.0
7620,20260226,292,5020,378.63,10.8,34.3,2.0
7621,20251106,193,5014,485.12,82.5,34.7,0.0
7622,20260723,211,5067,595.08,72.4,34.3,1.0
7623,20250930,173,5021,1489.36,31.4,29.6,0.0
7624,20260606,168,5092,590.63,,32.7,1.0
7625,20260614,257,5031,847.49,52.2,27.2,0.0
7626,20251011,295,5012,958.9,88.3,33.4,1.0
7627,20250816,168,5097,418.72,22.1,31.3,2.0
7628,20250915,233,5047,,30.2,30.7,0.0
7629,20251125,181,5046,677.65,21.4,22.4,0.0
7630,20260221,212,5044,614.14,83.6,33.9,0.0
7631,20251231,143,5011,1422.76,51.4,32.3,0.0
7632,20250907,181,5053,1370.05,52.7,28.8,3.0
7633,20260516,289,5044,484.84,78.8,28.8,0.0
7634,20260414,226,5097,1202.33,83.8,27.1,0.0
7635,20251005,296,5009,1277.51,91.4,29.8,0.0
7636,20251219,139,5064,1078.08,94.4,30.1,1.0
7637,20251028,243,5052,613.73,,33.0,3.0
7638,20250822,269,5070,1104.38,91.2,19.3,0.0
7639,20260414,263,5008,550.8,67.7,20.8,0.0
7640,20251028,213,5068,966.67,28.4,24.2,2.0
7641,20260422,114,5054,567.27,80.2,18.4,0.0
7642,20260612,149,5083,,19.5,23.2,3.0
7643,20260603,139,5051,169.38,53.9,33.0,
7644,20260401,114,5089,959.31,47.5,19.0,0.0
7645,20260429,159,5020,438.22,85.4,34.7,0.0
7646,20260704,147,5071,1401.24,84.2,29.6,0.0
7647,20251230,110,5012,1397.18,79.4,31.2,0.0
7648,20251130,221,5027,216.61,65.6,33.7,0.0
7649,20250829,167,5058,142.28,58.5,20.2,0.0
7650,20250811,142,5021,54.26,29.6,19.7,2.0
7651,20260519,281,5015,69.04,90.3,25.6,0.0
7652,20260517,220,5098,,36.1,29.9,3.0
7653,20260715,212,5034,,47.7,26.8,0.0
7654,20251225,130,5030,794.75,68.0,18.0,0.0
7655,20251105,227,5031,186.36,73.7,27.0,3.0
7656,20250912,111,5008,868.59,84.6,19.6,0.0
7657,20260111,214,5083,,91.1,34.7,
7658,20260807,192,5088,1259.49,20.2,29.2,0.0
7659,20251211,282,5072,465.68,86.8,25.7,1.0
7660,20251019,244,5004,1497.73,,25.1,2.0
7661,20260411,225,5007,380.49,37.0,25.3,
7662,20251029,218,5083,1156.65,59.4,22.0,2.0
7663,20260628,227,5090,1264.78,30.8,24.2,1.0
7664,20260528,129,5029,,,19.4,3.0
7665,20260609,285,5062,610.58,85.7,20.6,
7666,20251010,138,5006,1339.57,,25.1,2.0
7667,20251010,132,5006,1072.59,17.5,21.4,0.0
7668,20260109,190,5029,419.96,61.5,,
7669,20250918,124,5098,865.56,,19.9,0.0
7670,20251207,153,5030,1056.29,30.3,18.2,
7671,20260303,173,5020,1225.75,94.0,31.0,0.0
7672,20251018,147,5018,467.31,,33.9,0.0
7673,20251024,144,5065,1117.12,94.7,27.1,0.0
7674,20260224,292,5041,236.27,52.8,26.9,3.0
7675,20260719,231,5042,1225.03,23.8,25.4,0.0
7676,20250923,170,5050,1296.17,30.5,25.1,0.0
7677,20251027,245,5097,827.22,,30.5,0.0
7678,20251218,270,5082,468.49,72.2,23.2,0.0
7679,20251012,250,5086,973.54,38.4,22.9,
7680,20260104,155,5051,399.98,92.5,33.1,0.0
7681,20251203,250,5003,341.86,85.5,23.9,2.0
7682,20251230,102,5066,1404.64,67.2,28.3,0.0
7683,20260124,235,5098,1227.27,12.2,23.3,0.0
7684,20250903,297,5038,,30.0,27.3,
7685,20260604,247,5064,1286.47,88.9,23.7,0.0
7686,20260404,147,5004,554.43,18.1,28.8,3.0
7687,20251223,207,5086,1402.59,78.1,23.0,
7688,20250903,120,5092,,,21.2,0.0
7689,20251028,164,5090,1102.71,45.5,20.9,0.0
7690,20251128,297,5054,898.46,56.5,25.8,0.0
7691,20260317,228,5071,1075.27,41.6,33.7,2.0
7692,20260804,274,5009,321.39,17.9,27.2,0.0
7693,20250916,125,5006,858.85,13.2,32.2,0.0
7694,20260222,185,5026,323.48,13.8,28.9,1.0
7695,20260807,107,5076,596.81,15.8,26.4,0.0
7696,20260617,173,5005,716.54,23.0,26.2,0.0
7697,20251011,275,5027,919.69,16.4,30.8,
7698,20260727,275,5030,597.45,31.5,29.6,0.0
7699,20260317,132,5075,652.46,56.2,27.7,0.0
7700,20260804,201,5063,681.49,48.1,19.5,3.0
7701,20260421,196,5001,163.04,21.5,28.7,3.0
7702,20260415,252,5045,252.35,32.3,24.6,0.0
7703,20260731,128,5090,,45.9,21.8,1.0
7704,20260420,183,5011,621.53,46.1,20.7,
7705,20251209,140,5075,398.74,56.8,29.4,
7706,20260330,108,5048,302.15,55.3,22.2,0.0
7707,20260629,121,5066,1427.69,64.5,26.2,0.0
7708,20251204,218,5022,96.5,63.7,32.1,0.0
7709,20260617,282,5051,1200.48,25.6,19.7,1.0
7710,20260202,269,5028,1265.52,15.5,29.5,
7711,20251210,223,5020,243.78,58.3,18.3,0.0
7712,20260320,217,5069,,58.8,28.5,0.0
7713,20260312,261,5001,369.26,83.3,30.1,0.0
7714,20251227,169,5081,939.89,82.6,34.4,0.0
7715,20260401,253,5096,839.12,27.8,29.5,0.0
7716,20251103,269,5080,154.94,20.9,31.5,0.0
7717,20260313,102,5037,1483.42,11.8,31.8,3.0
7718,20260806,185,5035,1101.54,26.0,24.0,
7719,20251103,112,5072,1459.33,36.5,34.9,2.0
7720,20260323,268,5048,852.9,52.1,19.7,0.0
7721,20260704,260,5066,1342.1,28.1,28.4,
7722,20251201,216,5050,757.92,,24.5,2.0
7723,20260507,184,5021,944.94,36.0,29.3,2.0
7724,20260514,288,5026,73.41,18.9,30.5,0.0
7725,20260324,288,5097,737.81,45.0,20.4,
7726,20250831,246,5078,705.89,,19.0,
7727,20251225,134,5033,154.64,13.8,23.2,0.0
7728,20251126,155,5043,267.09,11.8,33.5,0.0
7729,20251004,113,5026,491.42,81.7,20.6,0.0
7730,20251023,265,5042,1230.67,10.2,30.2,0.0
7731,20250823,173,5034,224.43,11.0,25.1,
7732,20260713,183,5051,475.96,34.8,29.9,0.0
7733,20260316,115,5016,944.33,26.9,24.1,2.0
7734,20260722,291,5084,,29.9,34.4,0.0
7735,20260507,119,5037,,41.1,28.3,0.0
7736,20251208,241,5058,558.17,91.6,30.0,
7737,20251119,255,5004,713.99,48.7,29.7,0.0
7738,20260402,198,5058,1284.63,35.8,28.7,3.0
7739,20260515,124,5078,1366.55,14.0,21.9,1.0
7740,20260216,203,5084,679.71,50.2,31.7,0.0
7741,20260802,166,5086,495.4,92.9,26.6,
7742,20260404,146,5066,1309.4,22.5,23.0,1.0
7743,20251123,162,5099,596.5,67.9,24.7,3.0
7744,20250818,298,5052,126.19,67.7,33.7,0.0
7745,20260615,203,5027,846.9,60.7,34.8,0.0
7746,20251209,123,5024,407.18,40.4,31.9,1.0
7747,20251106,106,5015,1139.83,74.2,29.6,1.0
7748,20260223,154,5006,600.43,94.6,33.4,3.0
7749,20260707,142,5050,146.4,49.5,31.2,0.0
7750,20260410,200,5014,897.61,65.8,25.4,3.0
7751,20251108,300,5096,1138.14,51.6,27.3,3.0
7752,20260418,204,5027,1115.84,77.6,31.0,0.0
7753,20260430,173,5026,982.13,16.5,19.5,2.0
7754,20260320,266,5098,1345.76,54.4,30.2,0.0
7755,20251227,293,5073,968.87,75.0,,2.0
7756,20251205,268,5095,566.22,85.8,24.8,0.0
7757,20260118,140,5096,1149.0,57.5,29.2,3.0
7758,20250812,131,5039,977.07,59.5,31.5,1.0
7759,20260624,177,5089,754.65,52.2,21.3,0.0
7760,20250904,226,5087,686.07,57.1,34.5,0.0
7761,20251019,211,5028,1283.67,82.2,27.8,0.0
7762,20260330,289,5076,430.93,48.6,19.0,0.0
7763,20250930,180,5039,184.39,46.0,34.0,1.0
7764,20251023,276,5047,931.39,,28.9,0.0
7765,20250912,255,5060,88.17,88.0,21.7,0.0
7766,20260314,134,5007,1394.58,83.5,33.8,0.0
7767,20260610,192,5083,1454.68,28.5,22.7,0.0
7768,20260717,271,5081,1382.91,,27.6,2.0
7769,20251104,125,5030,843.98,65.8,24.9,
7770,20250907,195,5073,53.6,20.9,23.5,0.0
7771,20260502,232,5033,309.41,28.1,27.0,0.0
7772,20251201,152,5028,1212.29,55.6,29.8,
7773,20260501,226,5066,547.75,,33.9,0.0
7774,20251107,215,5004,1106.48,58.8,26.5,3.0
7775,20251013,200,5040,1469.22,62.3,28.5,
7776,20251109,222,5002,1256.03,64.7,33.6,0.0
7777,20251122,169,5028,1183.6,78.0,34.4,
7778,20260121,245,5024,443.07,13.5,22.2,2.0
7779,20260330,254,5043,468.4,53.1,26.3,
7780,20251117,209,5027,1040.85,29.1,23.0,0.0
7781,20260522,124,5064,1318.76,33.4,29.9,0.0
7782,20250908,294,5093,629.03,,19.6,
7783,20260731,209,5050,253.99,31.5,25.2,0.0
7784,20260102,195,5093,823.5,39.0,24.6,3.0
7785,20251010,258,5042,827.12,52.6,19.6,2.0
7786,20260118,148,5059,880.36,89.0,27.1,1.0
7787,20260210,212,5051,486.0,78.7,30.7,2.0
7788,20260505,262,5078,1144.79,17.2,22.1,0.0
7789,20260515,210,5097,1437.22,72.6,28.5,
7790,20260605,124,5022,145.85,48.8,22.9,0.0
7791,20260527,111,5063,1391.47,71.6,23.1,3.0
7792,20250817,232,5062,450.19,33.8,28.2,
7793,20251227,188,5072,1110.26,55.8,21.4,0.0
7794,20260618,219,5077,1058.85,86.4,24.6,0.0
7795,20260514,274,5037,592.0,12.6,22.0,1.0
7796,20260713,158,5086,749.19,91.8,23.1,0.0
7797,20260315,266,5032,891.38,59.2,26.2,0.0
7798,20251004,276,5010,,44.2,28.3,
7799,20260502,283,5079,568.52,36.5,34.1,0.0
7800,20251112,140,5014,215.96,67.6,20.9,2.0
7801,20260126,227,5001,1060.19,31.1,32.4,1.0
7802,20260123,235,5004,,63.9,19.8,0.0
7803,20251225,262,5080,812.68,19.1,29.4,0.0
7804,20260319,266,5007,726.51,84.5,27.5,0.0
7805,20250905,235,5002,1244.65,78.4,28.0,0.0
7806,20250929,122,5036,359.8,53.3,27.5,0.0
7807,20260128,175,5001,244.32,62.7,23.9,0.0
7808,20251005,220,5039,1047.9,87.1,26.9,
7809,20251018,212,5057,469.79,19.0,20.6,1.0
7810,20250814,121,5049,895.59,93.7,20.4,2.0
7811,20260209,223,5094,463.85,64.2,26.1,0.0
7812,20260502,177,5073,689.18,30.3,21.5,
7813,20260205,139,5021,993.42,43.3,19.7,2.0
7814,20260714,133,5013,666.14,21.9,33.7,3.0
7815,20260720,276,5007,795.06,40.7,23.7,
7816,20260731,177,5048,125.06,33.7,19.6,
7817,20251224,164,5028,816.09,36.0,29.4,
7818,20260205,234,5083,592.27,,34.2,0.0
7819,20260401,210,5025,124.82,,27.5,0.0
7820,20260313,176,5055,,25.5,25.9,0.0
7821,20260106,246,5095,1060.23,16.9,34.7,0.0
7822,20250824,113,5048,746.61,57.9,21.8,0.0
7823,20260713,242,5010,402.65,31.4,18.1,
7824,20251228,120,5036,502.43,90.2,31.6,0.0
7825,20260305,112,5054,894.33,29.4,28.6,2.0
7826,20251020,232,5084,520.63,36.7,34.6,1.0
7827,20260116,128,5003,,45.7,30.6,0.0
7828,20251111,231,5039,412.75,48.8,22.4,0.0
7829,20260710,209,5099,678.04,21.9,34.8,
7830,20260501,206,5005,825.55,14.6,25.2,1.0
7831,20260212,125,5016,297.7,49.8,30.2,3.0
7832,20260204,219,5039,200.63,64.0,,1.0
7833,20260418,270,5019,1210.27,75.3,20.2,1.0
7834,20260421,285,5034,754.53,26.8,24.8,0.0
7835,20260405,246,5059,845.33,57.5,28.4,1.0
7836,20260715,165,5027,845.75,33.7,26.8,1.0
7837,20260506,191,5016,191.11,14.7,23.6,0.0
7838,20251106,166,5082,,86.1,31.0,1.0
7839,20250822,250,5096,637.81,40.5,25.0,2.0
7840,20260603,121,5088,810.53,65.2,21.0,0.0
7841,20260328,297,5004,663.7,71.1,26.1,0.0
7842,20260414,229,5061,236.87,,19.2,0.0
7843,20260422,105,5023,1153.43,67.3,19.8,2.0
7844,20260403,130,5002,1266.48,32.7,24.3,1.0
7845,20251113,290,5015,639.49,89.6,29.2,0.0
7846,20260123,270,5012,844.48,82.2,28.7,0.0
7847,20260416,219,5093,1264.89,48.3,23.1,1.0
7848,20251111,146,5031,,,22.4,0.0
7849,20260318,147,5059,670.33,53.9,25.7,1.0
7850,20260724,201,5075,888.37,60.4,30.1,
7851,20260613,112,5089,336.99,45.1,32.2,1.0
7852,20250814,122,5072,1390.52,49.8,18.1,1.0
7853,20260519,207,5035,1096.15,92.3,18.4,0.0
7854,20260402,281,5035,589.82,84.3,31.7,2.0
7855,20260711,177,5003,431.75,55.7,25.5,1.0
7856,20260102,181,5090,1074.76,78.2,29.6,0.0
7857,20260312,251,5073,334.46,88.8,30.1,1.0
7858,20260705,286,5062,636.15,,34.2,2.0
7859,20260215,217,5009,126.55,70.8,26.2,0.0
7860,20251018,294,5094,333.09,72.0,25.1,2.0
7861,20260111,272,5089,318.28,92.9,27.1,1.0
7862,20260609,216,5020,778.19,77.9,26.8,0.0
7863,20251110,260,5028,1317.7,74.8,20.0,
7864,20251128,168,5009,1466.37,12.7,27.3,3.0
7865,20260730,188,5051,1052.5,13.3,22.2,2.0
7866,20260408,148,5087,535.95,,21.0,0.0
7867,20251228,155,5049,1058.29,67.7,25.4,0.0
7868,20251130,148,5004,1029.16,10.8,26.4,
7869,20260107,121,5005,,33.6,31.1,
7870,20260626,292,5064,250.25,75.4,21.3,0.0
7871,20260503,255,5056,468.04,62.6,28.3,0.0
7872,20250911,167,5060,188.59,,27.2,2.0
7873,20260330,273,5053,,92.4,28.8,
7874,20260521,128,5023,272.43,93.9,32.9,1.0
7875,20251214,212,5002,,76.5,20.2,
7876,20251001,237,5074,746.58,35.1,22.4,2.0
7877,20260511,105,5006,199.49,19.0,20.2,
7878,20260716,102,5085,159.31,47.7,32.0,0.0
7879,20260102,202,5009,513.65,66.8,31.7,0.0
7880,20251130,130,5099,903.79,,27.2,
7881,20260806,104,5036,255.42,11.3,20.0,0.0
7882,20260604,144,5091,188.4,90.2,32.8,0.0
7883,20250810,268,5037,1296.88,18.1,29.3,0.0
7884,20250904,223,5093,665.4,85.5,33.0,
7885,20260421,218,5062,412.28,91.0,31.7,0.0
7886,20260218,278,5026,1280.77,,23.3,3.0
7887,20260406,204,5035,802.99,56.9,26.3,0.0
7888,20260505,269,5004,236.65,44.8,29.9,1.0
7889,20251011,291,5086,1286.68,17.0,24.0,
7890,20251225,255,5035,452.92,,24.9,0.0
7891,20260424,286,5025,95.69,90.8,31.7,
7892,20251021,225,5031,513.3,22.7,19.7,0.0
7893,20251015,178,5089,1310.14,46.8,29.0,0.0
7894,20260723,259,5058,901.3,75.4,27.8,
7895,20260121,258,5001,317.07,35.6,19.9,
7896,20260604,193,5084,305.35,90.5,29.1,
7897,20251016,277,5006,590.04,52.3,23.0,0.0
7898,20250831,273,5073,252.77,69.1,31.2,
7899,20251015,277,5056,89.92,57.9,32.7,0.0
7900,20260514,273,5072,1443.28,45.2,27.7,0.0
7901,20251112,202,5090,1121.78,17.0,29.2,
7902,20260706,178,5063,1148.39,78.4,33.1,
7903,20260106,123,5030,1282.99,93.3,28.7,3.0
7904,20260327,133,5092,215.11,52.7,32.1,1.0
7905,20260326,135,5096,351.22,,26.6,1.0
7906,20260623,104,5007,824.57,11.2,29.1,0.0
7907,20251009,149,5037,353.16,30.6,34.0,0.0
7908,20251125,129,5047,,,23.3,0.0
7909,20251226,105,5012,329.04,76.0,22.3,1.0
7910,20251119,279,5077,980.53,68.9,27.5,0.0
7911,20251213,149,5048,577.24,,33.2,3.0
7912,20260312,107,5059,799.68,29.1,18.1,1.0
7913,20260131,154,5061,1435.27,,19.7,0.0
7914,20260413,224,5070,219.28,49.4,25.8,
7915,20250915,267,5021,361.28,21.4,19.2,1.0
7916,20250901,138,5048,402.72,81.4,33.1,3.0
7917,20260512,267,5085,916.67,66.0,34.7,
7918,20250812,162,5048,536.53,,29.9,0.0
7919,20260311,212,5093,1296.88,58.1,33.5,0.0
7920,20260806,261,5071,1034.95,62.2,24.5,0.0
7921,20250914,238,5070,533.22,51.0,26.5,0.0
7922,20260217,149,5019,364.04,,23.7,
7923,20250812,123,5042,319.22,61.1,32.1,0.0
7924,20260318,178,5095,629.61,78.9,28.2,0.0
7925,20260806,298,5082,1170.15,15.1,32.2,0.0
7926,20260515,219,5045,482.03,28.2,19.6,2.0
7927,20260717,138,5053,691.94,,25.7,2.0
7928,20260130,222,5023,1199.92,32.2,22.6,2.0
7929,20251211,209,5075,301.23,91.6,27.7,0.0
7930,20260114,106,5052,896.29,53.6,34.0,0.0
7931,20251223,130,5048,673.57,,18.2,3.0
7932,20260701,143,5060,330.32,49.4,26.9,3.0
7933,20260810,140,5045,302.11,63.1,29.2,3.0
7934,20260604,290,5099,129.04,84.7,18.5,0.0
7935,20260720,280,5038,1224.85,,31.6,0.0
7936,20260410,214,5019,1428.6,60.1,32.9,2.0
7937,20251226,225,5087,,22.1,27.1,1.0
7938,20250830,221,5097,1138.01,44.3,,0.0
7939,20251218,106,5064,973.15,58.8,20.8,
7940,20251208,216,5087,736.65,34.1,28.8,0.0
7941,20250915,250,5070,1362.12,11.9,32.7,0.0
7942,20260124,163,5053,1240.37,82.7,22.4,3.0
7943,20260422,152,5047,451.26,20.3,19.6,
7944,20260502,176,5056,880.63,89.0,28.5,0.0
7945,20260630,246,5012,973.62,67.8,24.6,2.0
7946,20250929,201,5078,572.76,15.0,27.4,0.0
7947,20260318,114,5033,951.65,53.5,23.0,2.0
7948,20260624,186,5018,1254.05,75.3,20.6,3.0
7949,20251120,103,5043,566.51,,27.6,0.0
7950,20260422,127,5046,1260.52,21.6,25.9,2.0
7951,20260604,262,5083,183.57,17.1,22.3,0.0
7952,20251222,283,5060,1048.12,32.5,20.2,0.0
7953,20260324,211,5058,,40.4,25.1,0.0
7954,20260408,207,5097,1473.66,42.2,23.4,
7955,20260130,227,5070,636.21,41.6,25.7,0.0
7956,20260108,289,5088,1230.41,53.4,20.2,0.0
7957,20251017,249,5022,865.94,20.6,18.2,0.0
7958,20260805,253,5006,146.19,49.4,20.9,0.0
7959,20260726,288,5044,757.49,,27.4,2.0
7960,20260603,242,5065,1350.98,86.3,24.5,0.0
7961,20250816,175,5081,1442.64,50.3,25.1,0.0
7962,20251219,110,5019,586.11,11.8,34.8,2.0
7963,20250826,225,5077,407.12,33.1,18.7,0.0
7964,20260601,203,5044,977.39,86.8,18.2,2.0
7965,20251207,225,5070,137.84,49.1,18.1,3.0
7966,20260119,232,5081,1378.38,26.8,27.9,
7967,20260320,252,5096,653.91,81.6,18.4,0.0
7968,20260103,286,5021,202.58,40.1,32.8,0.0
7969,20260322,257,5074,735.46,42.4,32.7,1.0
7970,20250908,274,5018,1489.3,68.0,31.1,0.0
7971,20260113,225,5027,367.8,35.2,26.7,0.0
7972,20260716,160,5089,636.26,92.7,18.1,1.0
7973,20260716,283,5051,893.33,77.5,22.2,2.0
7974,20260806,116,5011,587.76,76.5,18.0,1.0
7975,20260619,236,5054,468.39,,33.8,1.0
7976,20260707,105,5015,690.22,42.3,25.8,3.0
7977,20260505,209,5065,1489.02,36.8,20.6,0.0
7978,20251125,248,5070,442.65,84.4,34.5,1.0
7979,20251020,181,5006,1158.79,,32.7,0.0
7980,20251001,242,5067,679.74,27.5,30.5,1.0
7981,20260216,117,5014,510.78,16.2,28.7,0.0
7982,20260307,169,5074,388.32,38.6,31.4,1.0
7983,20260619,266,5001,352.15,19.3,29.1,0.0
7984,20260210,207,5033,891.81,15.6,28.7,
7985,20250925,222,5071,1049.63,60.3,18.9,3.0
7986,20260528,130,5086,1392.6,88.2,30.8,
7987,20251128,227,5022,,,21.2,0.0
7988,20260413,260,5095,969.0,21.7,25.7,
7989,20260226,266,5030,,42.2,19.0,
7990,20260626,189,5088,849.59,51.5,32.6,0.0
7991,20251010,215,5091,541.67,31.1,19.1,0.0
7992,20260120,279,5043,412.27,44.2,31.0,0.0
7993,20250921,212,5063,469.97,59.6,27.7,0.0
7994,20260409,106,5015,1322.27,14.5,20.9,
7995,20251106,142,5042,1075.26,12.8,20.8,0.0
7996,20251026,174,5094,1485.34,84.0,32.8,3.0
7997,20260512,286,5048,766.09,25.0,28.0,0.0
7998,20260408,150,5071,908.97,93.1,24.4,0.0
7999,20250911,221,5051,481.82,36.3,29.0,2.0
8000,20260116,189,5067,541.19,23.9,20.8,
8001,20260428,213,5085,168.6,83.5,24.2,0.0
8002,20251007,160,5051,979.38,76.7,19.2,0.0
8003,20260716,230,5029,1301.95,47.2,32.5,
8004,20260706,157,5074,1061.87,,29.8,3.0
8005,20260517,251,5045,656.6,30.8,34.6,1.0
8006,20251029,276,5096,334.95,74.1,34.9,0.0
8007,20251112,187,5053,956.68,79.4,19.0,0.0
8008,20260131,255,5089,1400.27,57.6,18.0,0.0
8009,20260704,284,5097,519.77,66.9,31.2,0.0
8010,20250924,269,5014,358.13,36.9,33.2,2.0
8011,20250928,220,5029,1006.06,46.1,25.7,3.0
8012,20260221,134,5082,645.7,,,0.0
8013,20260502,176,5083,526.36,44.8,29.3,3.0
8014,20250912,286,5059,1136.17,,32.1,1.0
8015,20260420,283,5020,407.21,36.6,29.8,1.0
8016,20260625,200,5089,887.74,75.0,23.2,
8017,20260717,207,5097,648.79,58.5,32.0,1.0
8018,20260517,273,5025,196.84,61.9,20.6,
8019,20260317,268,5092,1109.56,33.0,27.5,2.0
8020,20260402,289,5001,263.32,22.0,21.7,0.0
8021,20251225,193,5065,869.98,,27.1,0.0
8022,20260429,221,5014,905.84,,32.5,2.0
8023,20260506,142,5064,392.73,33.4,23.2,
8024,20251227,260,5019,932.21,80.3,,
8025,20260402,154,5010,1339.66,36.7,33.0,
8026,20260303,173,5089,842.25,,21.4,2.0
8027,20260619,277,5040,1003.05,75.8,27.9,2.0
8028,20260601,292,5031,652.16,84.6,33.2,
8029,20251030,123,5097,564.0,55.5,31.9,3.0
8030,20250921,271,5052,375.67,23.1,26.3,1.0
8031,20250911,224,5039,1422.19,55.0,29.1,1.0
8032,20250911,134,5027,170.79,71.2,28.5,0.0
8033,20260508,145,5070,620.79,63.1,24.0,0.0
8034,20260719,152,5082,1183.34,15.1,19.5,0.0
8035,20260509,141,5013,,19.0,28.4,3.0
8036,20250921,256,5025,1057.23,82.4,31.1,0.0
8037,20251222,226,5004,178.16,59.3,30.7,2.0
8038,20260618,126,5003,405.02,82.4,34.0,
8039,20260725,207,5004,770.8,36.4,24.1,0.0
8040,20260309,227,5038,351.92,12.7,32.4,0.0
8041,20250810,178,5016,,77.9,26.6,0.0
8042,20250901,161,5027,135.45,21.4,25.7,3.0
8043,20260222,154,5024,1052.14,39.5,34.4,0.0
8044,20260616,243,5100,1173.77,41.5,33.2,1.0
8045,20260803,113,5088,1171.24,29.5,29.0,
8046,20251204,105,5010,1417.33,39.6,22.5,0.0
8047,20251221,192,5009,447.11,14.8,29.1,2.0
8048,20260415,167,5033,939.64,,29.0,0.0
8049,20260528,192,5058,1231.05,66.9,31.9,2.0
8050,20260216,274,5016,1440.44,89.3,19.7,0.0
8051,20260318,141,5055,1360.56,38.3,25.4,2.0
8052,20251030,145,5046,77.69,64.8,29.3,0.0
8053,20260101,229,5085,1349.54,53.2,18.5,0.0
8054,20260223,109,5052,610.57,,23.5,2.0
8055,20260125,117,5002,,,33.5,0.0
8056,20251001,187,5090,351.61,78.5,26.3,2.0
8057,20260721,211,5077,241.13,36.9,21.5,0.0
8058,20260612,130,5039,227.6,84.2,29.9,1.0
8059,20260208,259,5044,463.94,70.9,20.5,2.0
8060,20260123,159,5050,1186.44,53.2,25.0,0.0
8061,20260318,131,5048,908.62,59.8,22.6,0.0
8062,20251002,244,5027,481.88,85.0,27.9,
8063,20260410,158,5039,1171.23,63.6,29.4,0.0
8064,20260530,225,5055,625.45,48.3,19.0,0.0
8065,20260424,167,5080,518.81,28.0,31.4,0.0
8066,20260317,188,5076,453.06,32.0,29.5,0.0
8067,20251201,191,5062,259.02,,32.0,0.0
8068,20260807,297,5082,888.32,,28.4,
8069,20250924,112,5079,1255.45,21.2,19.1,0.0
8070,20260809,298,5076,288.45,25.4,26.0,0.0
8071,20260425,243,5006,1271.55,,23.6,0.0
8072,20260201,169,5087,479.98,50.2,29.2,0.0
8073,20260609,139,5063,1138.45,51.5,29.1,0.0
8074,20260207,277,5005,347.42,31.5,21.2,2.0
8075,20260424,232,5064,1233.12,76.2,28.1,0.0
8076,20251225,255,5041,916.88,33.2,33.6,2.0
8077,20260804,272,5045,717.01,43.2,28.5,0.0
8078,20251209,127,5004,1134.67,77.5,30.4,
8079,20260609,281,5033,898.37,30.8,19.6,1.0
8080,20251026,113,5090,1219.46,36.0,23.6,
8081,20260505,213,5061,964.38,34.0,22.5,3.0
8082,20260602,218,5050,485.83,14.5,27.2,0.0
8083,20260423,294,5097,362.09,47.0,31.8,0.0
8084,20250829,129,5069,1239.96,42.9,27.6,0.0
8085,20260622,128,5099,430.28,55.2,28.5,0.0
8086,20251014,257,5013,1277.4,53.4,20.1,1.0
8087,20260204,257,5055,165.89,21.5,28.6,2.0
8088,20251231,127,5089,1018.27,35.3,26.7,
8089,20260805,244,5076,313.21,46.9,23.7,0.0
8090,20260408,111,5080,649.74,91.6,26.8,3.0
8091,20260616,230,5045,1371.01,67.1,27.1,0.0
8092,20260807,127,5088,1091.98,41.0,26.2,0.0
8093,20260226,143,5063,872.38,41.0,28.0,0.0
8094,20251211,262,5004,178.23,27.7,18.7,0.0
8095,20260415,131,5049,644.5,49.3,18.7,
8096,20260807,153,5005,1484.88,29.4,32.8,0.0
8097,20260514,193,5063,87.08,85.3,25.2,0.0
8098,20251231,141,5098,1038.8,94.8,27.4,0.0
8099,20260219,287,5012,848.52,39.9,31.3,2.0
8100,20251121,175,5061,366.75,65.4,34.5,2.0
8101,20260421,282,5033,369.98,,23.9,0.0
8102,20251020,214,5070,210.86,78.4,27.2,0.0
8103,20260619,296,5012,202.07,11.8,18.4,0.0
8104,20260101,230,5011,614.96,18.6,33.0,2.0
8105,20250926,228,5032,296.22,20.3,29.2,
8106,20260512,288,5093,1188.64,85.3,34.8,1.0
8107,20260310,126,5092,878.27,31.6,32.1,2.0
8108,20260531,140,5081,214.7,49.8,27.5,
8109,20260617,266,5013,1175.3,83.1,29.3,
8110,20260426,194,5059,408.0,31.5,24.0,2.0
8111,20260124,186,5049,922.37,93.1,31.6,
8112,20251008,136,5096,1110.5,,19.4,3.0
8113,20250929,132,5044,99.14,61.3,33.4,0.0
8114,20260421,152,5031,1143.81,13.7,22.8,
8115,20251124,213,5078,332.3,74.2,21.6,2.0
8116,20251002,207,5061,385.85,,31.0,0.0
8117,20251028,297,5005,1459.49,80.9,29.3,3.0
8118,20260510,297,5042,362.39,62.2,23.5,2.0
8119,20260506,102,5040,1380.58,93.8,23.5,0.0
8120,20250813,163,5071,657.93,28.9,20.5,0.0
8121,20260502,222,5100,748.95,81.6,33.4,
8122,20260308,188,5091,,73.2,20.2,3.0
8123,20260415,174,5058,1437.65,49.8,23.8,0.0
8124,20260806,230,5028,446.77,47.4,31.9,1.0
8125,20251003,144,5079,1202.12,22.2,29.9,3.0
8126,20260723,122,5053,458.1,90.9,24.4,
8127,20260113,169,5013,1247.01,40.6,28.8,0.0
8128,20260614,196,5002,840.97,89.7,26.5,1.0
8129,20260714,284,5088,1052.47,77.5,29.9,0.0
8130,20250914,294,5017,178.49,70.1,27.3,1.0
8131,20260801,207,5076,140.01,35.2,25.2,
8132,20251014,193,5087,153.18,20.6,28.2,1.0
8133,20250829,262,5100,679.53,,18.2,0.0
8134,20260803,271,5004,920.72,14.8,19.8,0.0
8135,20260404,163,5065,104.66,21.2,29.8,0.0
8136,20260315,139,5057,1491.26,15.0,27.6,0.0
8137,20260730,293,5009,1367.63,80.1,20.2,3.0
8138,20260327,293,5065,182.15,73.7,21.6,3.0
8139,20260104,236,5024,630.66,93.2,32.6,
8140,20250822,208,5060,1464.21,76.0,22.6,0.0
8141,20251106,159,5036,888.6,35.3,21.2,
8142,20260204,136,5090,1080.05,67.3,28.6,
8143,20260418,210,5073,1011.23,60.8,34.7,0.0
8144,20260725,206,5050,170.41,89.4,22.9,3.0
8145,20260405,205,5069,86.13,32.0,26.2,3.0
8146,20251225,218,5084,1280.21,32.7,18.6,1.0
8147,20260420,233,5093,1001.43,23.1,20.3,0.0
8148,20260528,275,5007,1387.92,57.3,33.5,
8149,20260408,193,5033,1345.77,40.4,20.0,3.0
8150,20260521,108,5075,106.05,68.3,29.8,0.0
8151,20260622,214,5016,817.97,30.6,24.7,0.0
8152,20260405,138,5090,1254.65,17.7,29.1,0.0
8153,20251118,298,5067,654.98,82.3,33.4,0.0
8154,20260406,103,5063,654.64,60.3,23.2,1.0
8155,20251222,284,5023,222.65,32.5,22.6,3.0
8156,20250922,233,5058,1378.17,45.2,25.2,3.0
8157,20250909,118,5038,1498.92,32.3,28.6,0.0
8158,20260205,122,5021,1134.59,88.7,24.1,1.0
8159,20260411,187,5006,154.91,36.0,34.4,
8160,20260212,181,5038,950.22,69.4,29.7,0.0
8161,20250818,203,5077,107.36,86.1,33.3,1.0
8162,20260307,298,5043,473.37,,32.2,
8163,20260307,143,5055,226.89,40.1,27.1,2.0
8164,20251118,212,5015,1276.17,48.8,26.2,
8165,20260509,116,5088,340.83,53.1,25.8,0.0
8166,20260527,201,5020,777.82,19.9,22.1,3.0
8167,20251015,295,5010,1126.94,48.1,33.3,0.0
8168,20260203,110,5026,527.23,26.4,18.9,
8169,20260402,270,5062,852.6,19.3,29.7,3.0
8170,20260115,265,5063,1337.82,70.3,21.6,2.0
8171,20260307,139,5032,,34.5,25.5,0.0
8172,20250915,248,5001,353.82,71.9,29.4,1.0
8173,20250902,115,5050,336.35,66.0,28.3,0.0
8174,20260708,262,5100,666.93,22.2,34.1,
8175,20260528,283,5096,1058.27,72.0,19.6,
8176,20251016,270,5084,869.94,55.0,31.3,
8177,20260603,234,5023,,21.3,19.0,
8178,20250817,176,5099,754.21,22.3,30.2,0.0
8179,20260301,208,5049,1411.86,68.0,32.1,0.0
8180,20260222,203,5006,907.93,,22.2,
8181,20260603,275,5039,347.84,23.7,28.9,0.0
8182,20260204,280,5024,838.14,61.0,23.2,0.0
8183,20260215,242,5029,135.2,,,0.0
8184,20260312,178,5044,519.69,,19.4,2.0
8185,20260428,285,5088,746.8,87.7,18.2,3.0
8186,20260526,291,5075,1290.06,50.4,22.5,0.0
8187,20250924,181,5064,1331.45,18.7,31.2,0.0
8188,20260512,189,5030,1196.54,,18.8,0.0
8189,20260729,103,5092,218.21,79.3,20.6,0.0
8190,20260704,172,5057,1321.51,70.4,21.3,1.0
8191,20251015,236,5090,1184.9,75.1,23.4,
8192,20260317,257,5015,191.75,33.5,32.8,0.0
8193,20251014,138,5013,1038.68,13.4,26.1,
8194,20260301,280,5022,1393.02,71.9,23.9,0.0
8195,20260529,204,5018,1234.52,,22.2,
8196,20250924,215,5017,1494.72,66.4,34.7,
8197,20250926,265,5095,490.01,18.4,32.0,
8198,20251024,153,5078,722.7,23.9,34.9,0.0
8199,20251008,240,5073,1307.78,42.1,31.2,0.0
8200,20260303,260,5004,284.28,52.9,30.8,3.0
8201,20260617,259,5057,1402.64,91.3,33.8,0.0
8202,20250822,267,5064,855.69,,32.4,0.0
8203,20260803,214,5047,1000.05,39.8,24.4,1.0
8204,20260211,279,5090,469.53,89.7,34.3,0.0
8205,20251221,189,5056,222.89,70.1,24.1,0.0
8206,20260225,267,5003,1268.55,78.4,24.1,3.0
8207,20260111,204,5091,716.1,55.2,20.4,0.0
8208,20260721,299,5068,966.4,61.3,26.7,0.0
8209,20250810,151,5089,509.81,13.2,27.5,0.0
8210,20251128,178,5048,1367.53,75.9,34.0,0.0
8211,20260722,122,5082,1404.14,34.8,32.9,0.0
8212,20260216,110,5070,158.87,64.1,24.1,0.0
8213,20260523,238,5014,1397.68,60.0,30.3,0.0
8214,20260408,186,5054,359.03,,25.2,2.0
8215,20260119,200,5061,682.4,90.4,24.5,0.0
8216,20260309,286,5005,1281.24,54.7,,0.0
8217,20260421,285,5036,584.33,,26.5,0.0
8218,20260217,290,5056,601.82,,26.9,0.0
8219,20260805,133,5072,1297.27,,,
8220,20251216,234,5090,321.91,86.5,23.3,0.0
8221,20260222,239,5055,154.03,51.7,34.5,
8222,20251025,173,5009,853.46,77.5,26.0,0.0
8223,20250915,155,5009,1447.78,25.5,21.8,3.0
8224,20260606,124,5012,104.39,63.1,18.9,0.0
8225,20251104,231,5034,973.87,37.1,21.0,0.0
8226,20251017,242,5086,487.41,32.5,24.0,0.0
8227,20251127,180,5046,1457.41,87.4,24.9,1.0
8228,20260610,234,5061,1003.55,,22.5,
8229,20260726,188,5052,,64.3,32.4,0.0
8230,20260318,294,5065,1184.56,84.8,22.1,
8231,20251028,263,5032,1498.2,26.4,25.6,0.0
8232,20251219,141,5018,295.51,,26.7,3.0
8233,20250926,106,5016,980.05,70.8,,0.0
8234,20260325,108,5004,222.51,54.2,22.5,
8235,20250906,239,5021,461.74,28.4,28.7,0.0
8236,20251111,252,5012,119.43,45.5,26.6,0.0
8237,20251227,167,5074,1079.48,73.4,22.9,
8238,20260706,162,5024,169.48,25.9,18.1,0.0
8239,20260103,299,5086,536.5,80.1,31.9,
8240,20250909,178,5026,530.67,,29.7,0.0
8241,20251111,286,5058,645.9,13.5,23.3,1.0
8242,20260112,209,5085,1012.02,21.7,18.6,0.0
8243,20260421,230,5070,1450.43,10.1,29.3,1.0
8244,20260222,129,5048,319.04,47.5,24.6,0.0
8245,20250904,288,5072,146.32,,31.0,1.0
8246,20260505,116,5034,844.41,31.9,26.2,
8247,20260809,196,5062,,86.0,25.3,
8248,20260422,167,5009,538.85,63.3,33.5,3.0
8249,20251019,261,5085,1497.59,91.1,29.0,3.0
8250,20251224,230,5024,304.48,69.2,32.5,2.0
8251,20260407,191,5075,1001.18,,26.9,
8252,20260606,132,5053,1122.41,84.6,28.0,0.0
8253,20260319,113,5015,1345.46,66.7,29.0,
8254,20260110,294,5072,52.92,42.5,21.4,0.0
8255,20251005,267,5006,967.85,77.2,29.0,2.0
8256,20260808,132,5030,460.34,80.7,32.5,0.0
8257,20260115,215,5026,1094.96,28.4,24.2,0.0
8258,20250819,177,5019,144.26,52.2,28.5,
8259,20260318,247,5039,1076.0,40.7,23.5,0.0
8260,20250907,289,5018,896.44,40.3,22.7,0.0
8261,20250924,102,5096,915.96,31.1,21.0,0.0
8262,20250919,217,5090,939.69,92.4,26.9,0.0
8263,20260226,187,5051,804.86,40.3,19.8,1.0
8264,20250903,161,5002,1376.61,10.4,21.2,3.0
8265,20260401,291,5048,570.39,58.3,33.0,
8266,20251220,249,5008,616.12,26.5,29.0,
8267,20251210,245,5066,459.37,57.3,22.9,0.0
8268,20251118,283,5002,876.81,28.9,28.5,2.0
8269,20260624,261,5015,1426.98,66.5,28.4,
8270,20251031,271,5068,370.31,58.3,32.4,
8271,20250813,237,5086,134.61,40.7,33.1,2.0
8272,20251226,253,5035,585.4,50.5,30.2,1.0
8273,20260730,160,5075,906.73,27.8,19.4,0.0
8274,20251226,190,5068,961.57,29.8,18.1,0.0
8275,20250917,177,5002,1109.18,48.2,,0.0
8276,20260714,173,5039,677.39,80.5,29.8,0.0
8277,20251013,271,5018,554.41,29.4,25.5,3.0
8278,20260503,284,5041,1011.94,93.5,31.3,
8279,20251130,247,5032,632.74,62.0,23.0,2.0
8280,20260606,273,5062,580.15,94.1,31.9,0.0
8281,20260205,136,5028,1178.53,85.6,24.4,0.0
8282,20260219,283,5025,479.55,33.4,32.1,3.0
8283,20260423,197,5085,261.18,17.3,27.3,3.0
8284,20260622,234,5061,1486.26,36.5,34.5,
8285,20260227,289,5062,699.97,,32.7,0.0
8286,20260320,164,5062,1100.4,86.0,26.8,0.0
8287,20260704,127,5028,710.74,75.2,28.3,0.0
8288,20251011,184,5013,615.09,68.2,25.5,0.0
8289,20260722,233,5023,243.24,48.6,34.9,0.0
8290,20251230,250,5050,997.44,,21.8,0.0
8291,20251214,150,5071,,41.7,25.1,
8292,20260508,300,5082,87.54,64.3,31.1,0.0
8293,20260730,193,5081,605.03,86.1,26.0,2.0
8294,20260220,217,5070,61.59,12.3,35.0,0.0
8295,20260315,126,5010,82.71,22.7,21.5,0.0
8296,20260616,138,5019,112.11,56.2,28.8,
8297,20260131,283,5086,476.39,11.6,31.2,2.0
8298,20250925,209,5017,1498.46,61.6,24.6,0.0
8299,20250813,206,5066,1385.42,50.1,34.1,0.0
8300,20260213,121,5019,211.29,24.7,27.1,0.0
8301,20251005,124,5098,372.6,57.7,21.6,0.0
8302,20250925,116,5009,1480.9,63.4,26.6,
8303,20251226,209,5062,598.21,17.3,19.4,
8304,20260506,134,5066,990.01,23.3,28.7,2.0
8305,20250829,222,5010,1443.48,74.0,19.5,0.0
8306,20260502,155,5073,1298.66,54.4,33.7,0.0
8307,20260801,215,5022,427.98,81.8,29.3,0.0
8308,20260425,120,5032,,,31.7,0.0
8309,20251109,195,5081,792.33,39.5,,2.0
8310,20260320,274,5097,1178.14,30.9,34.4,0.0
8311,20260425,235,5053,198.78,94.7,23.4,3.0
8312,20251016,204,5081,57.46,69.5,29.5,0.0
8313,20260805,251,5047,1454.2,58.5,27.2,1.0
8314,20260529,244,5029,,75.7,21.2,2.0
8315,20260209,233,5034,647.18,21.2,31.4,0.0
8316,20251118,300,5053,835.17,27.8,25.0,
8317,20260113,202,5008,135.54,79.1,23.4,
8318,20260720,168,5097,444.32,,30.3,
8319,20260628,250,5056,1459.39,87.1,33.4,2.0
8320,20260603,228,5006,1151.56,,25.6,1.0
8321,20251129,263,5042,754.5,53.9,27.6,0.0
8322,20260619,209,5100,827.63,49.5,18.6,3.0
8323,20260722,213,5051,61.18,39.8,31.4,
8324,20260105,277,5004,641.08,49.1,32.6,1.0
8325,20251202,226,5025,328.65,47.9,21.3,
8326,20250911,288,5086,,62.8,19.1,
8327,20250908,207,5093,226.49,26.8,34.9,0.0
8328,20260504,142,5048,1311.76,26.7,18.3,1.0
8329,20260721,137,5051,1006.42,79.6,23.4,3.0
8330,20251009,230,5058,253.01,56.8,32.4,0.0
8331,20250831,133,5078,257.1,,23.1,0.0
8332,20260509,225,5029,264.72,77.5,20.4,0.0
8333,20260228,283,5096,303.73,83.4,28.7,
8334,20260206,218,5017,274.78,85.3,31.6,0.0
8335,20260626,134,5062,69.1,34.1,30.8,
8336,20260728,281,5079,452.69,15.7,23.1,0.0
8337,20260112,232,5066,523.78,38.6,23.7,
8338,20260212,236,5053,275.54,24.4,24.2,0.0
8339,20260504,131,5083,329.28,77.6,31.0,0.0
8340,20260201,278,5097,1499.89,33.8,34.0,0.0
8341,20260214,155,5082,907.03,90.5,25.2,0.0
8342,20260810,217,5021,480.88,89.3,23.5,
8343,20260701,222,5031,51.87,14.0,27.6,1.0
8344,20260422,109,5077,183.79,53.6,32.3,0.0
8345,20260105,292,5067,1103.12,56.4,28.9,0.0
8346,20260323,141,5037,853.65,52.0,25.1,2.0
8347,20260709,244,5064,705.94,39.7,19.5,
8348,20260510,195,5099,1213.67,69.6,18.6,
8349,20260428,131,5010,380.85,51.2,26.8,0.0
8350,20260424,255,5056,1340.36,39.0,25.7,0.0
8351,20260511,205,5077,197.58,56.0,21.6,0.0
8352,20251107,129,5004,217.42,90.7,31.3,0.0
8353,20260507,131,5054,407.1,10.4,29.8,0.0
8354,20260724,195,5009,1017.17,38.8,22.1,0.0
8355,20260607,247,5072,1247.76,74.0,27.9,2.0
8356,20260628,175,5011,1421.25,35.8,23.2,3.0
8357,20260219,111,5091,505.91,13.7,20.9,2.0
8358,20260320,234,5100,512.09,62.6,22.0,2.0
8359,20260320,140,5019,1180.66,87.2,30.6,0.0
8360,20260729,131,5099,692.34,25.0,22.4,0.0
8361,20260413,196,5083,261.15,31.1,27.9,0.0
8362,20260628,179,5006,1160.91,45.0,20.9,0.0
8363,20260217,196,5048,819.39,34.8,21.0,
8364,20251031,178,5036,240.32,43.4,24.3,0.0
8365,20250906,176,5051,1247.18,,26.8,
8366,20260613,225,5036,1197.74,52.6,34.4,0.0
8367,20260214,108,5060,683.19,91.2,21.1,
8368,20260724,137,5084,220.61,18.9,23.9,0.0
8369,20260111,137,5044,1065.3,87.5,32.2,0.0
8370,20251226,251,5039,1014.11,34.5,19.3,0.0
8371,20251224,208,5069,1436.93,68.6,19.7,0.0
8372,20250920,113,5078,856.96,13.3,24.5,0.0
8373,20260710,179,5042,109.36,77.4,21.0,0.0
8374,20251109,173,5040,,88.1,29.9,0.0
8375,20260223,156,5061,810.08,65.4,22.6,0.0
8376,20260517,147,5066,92.36,33.0,21.5,
8377,20250922,290,5063,1393.62,66.3,19.7,0.0
8378,20251127,226,5050,74.93,87.6,31.3,2.0
8379,20251125,101,5097,155.54,68.0,28.1,
8380,20251026,132,5089,1347.68,68.5,26.7,0.0
8381,20260507,241,5076,198.37,87.1,25.0,2.0
8382,20260306,190,5089,467.16,22.4,20.3,0.0
8383,20251028,118,5072,1306.75,51.4,29.9,1.0
8384,20251129,112,5088,1417.67,42.8,20.6,
8385,20260717,207,5078,401.75,66.3,19.7,0.0
8386,20260402,224,5077,161.94,89.0,,0.0
8387,20260608,247,5085,532.73,61.4,33.3,3.0
8388,20250822,180,5074,1150.63,27.1,18.6,
8389,20260126,245,5018,1190.63,58.8,26.9,2.0
8390,20260324,216,5061,790.28,34.4,19.3,0.0
8391,20260204,187,5044,1364.27,46.2,34.4,0.0
8392,20251218,197,5012,1398.26,84.7,18.0,
8393,20260323,222,5089,,90.5,28.7,
8394,20251208,285,5063,730.82,73.9,26.2,2.0
8395,20251217,256,5044,644.49,42.1,22.0,
8396,20250811,134,5069,708.49,31.8,23.0,0.0
8397,20260701,296,5067,1112.51,12.8,21.5,
8398,20251017,136,5079,,57.3,22.8,0.0
8399,20251217,230,5081,848.37,67.7,25.1,0.0
8400,20250916,263,5009,304.16,67.1,21.1,0.0
8401,20260206,218,5033,980.26,69.1,35.0,0.0
8402,20250910,295,5081,1027.5,57.9,33.1,0.0
8403,20260214,216,5035,1393.19,72.5,24.4,2.0
8404,20251005,271,5035,,83.5,34.3,0.0
8405,20250924,215,5037,609.01,69.2,22.2,0.0
8406,20260204,139,5077,1146.21,81.1,24.2,3.0
8407,20251005,287,5066,771.7,40.6,22.7,0.0
8408,20260407,184,5030,1373.45,36.7,30.1,0.0
8409,20251031,123,5041,981.59,33.0,28.9,2.0
8410,20260101,260,5042,1453.7,,28.1,0.0
8411,20251127,271,5031,1026.85,73.9,27.3,0.0
8412,20260113,260,5073,379.65,14.6,34.0,0.0
8413,20251015,205,5025,859.55,64.9,18.6,0.0
8414,20260603,200,5045,1171.01,89.7,20.9,0.0
8415,20250918,160,5040,1018.07,48.9,20.6,
8416,20260117,202,5025,191.15,22.9,24.1,1.0
8417,20260613,187,5043,1244.67,46.4,30.3,2.0
8418,20251008,239,5067,949.82,90.7,19.5,3.0
8419,20251217,112,5087,1362.11,52.8,29.5,0.0
8420,20260115,272,5053,694.72,63.1,34.3,1.0
8421,20251219,214,5036,1400.19,65.5,21.9,0.0
8422,20260624,289,5034,1360.6,48.3,24.0,0.0
8423,20251021,172,5077,1241.93,61.9,32.8,2.0
8424,20251018,266,5055,633.62,36.9,26.1,0.0
8425,20250824,123,5086,884.78,48.6,29.0,0.0
8426,20260101,143,5085,512.46,14.5,29.4,0.0
8427,20260509,282,5025,531.3,,33.7,2.0
8428,20260705,107,5099,518.59,33.7,24.2,3.0
8429,20251007,247,5079,549.5,28.1,22.5,0.0
8430,20251021,262,5018,764.83,81.7,30.7,0.0
8431,20260201,298,5099,589.52,,29.2,
8432,20260410,282,5089,879.64,,27.1,
8433,20251115,180,5038,1061.92,67.4,20.9,0.0
8434,20260111,244,5025,80.24,60.8,18.9,
8435,20260227,266,5088,1151.36,94.9,33.0,0.0
8436,20260529,132,5088,320.53,88.7,20.4,0.0
8437,20260428,265,5047,1347.45,32.0,30.3,3.0
8438,20251206,244,5092,50.96,31.0,22.2,0.0
8439,20260516,122,5070,657.7,89.6,22.9,2.0
8440,20260628,150,5071,1448.89,56.5,26.0,0.0
8441,20260209,259,5042,871.34,33.0,32.9,0.0
8442,20260714,239,5027,,10.2,22.4,0.0
8443,20260614,248,5060,482.15,13.3,33.2,0.0
8444,20251230,294,5075,1346.1,63.4,33.8,0.0
8445,20250919,114,5067,803.74,27.1,33.9,1.0
8446,20250918,246,5023,1211.45,39.3,31.6,3.0
8447,20250817,234,5016,672.27,78.2,33.2,1.0
8448,20251005,149,5093,597.03,81.2,18.8,
8449,20260209,293,5093,1105.44,41.7,24.9,3.0
8450,20260517,222,5038,613.34,76.8,19.3,
8451,20251104,229,5082,659.55,25.2,20.0,1.0
8452,20260415,105,5032,398.86,46.7,21.8,0.0
8453,20251213,131,5027,705.9,,18.3,3.0
8454,20260802,269,5077,446.38,60.1,22.5,0.0
8455,20260506,237,5082,693.88,74.3,29.2,3.0
8456,20260115,147,5044,112.69,,33.5,0.0
8457,20251123,105,5024,628.66,75.7,20.3,0.0
8458,20260203,171,5083,258.66,89.9,24.2,0.0
8459,20260515,153,5064,650.84,28.7,28.8,2.0
8460,20251108,163,5048,1393.34,92.4,21.3,0.0
8461,20251004,281,5032,656.47,71.6,18.9,2.0
8462,20260213,249,5051,862.2,49.9,26.4,3.0
8463,20251109,214,5062,483.32,27.7,30.8,0.0
8464,20260517,122,5092,1353.43,39.1,25.1,0.0
8465,20260622,237,5035,134.95,52.2,31.5,1.0
8466,20260808,256,5073,568.69,22.0,34.7,1.0
8467,20251108,183,5059,970.78,43.1,29.3,0.0
8468,20260606,203,5069,792.44,51.1,21.7,0.0
8469,20251021,251,5044,331.95,25.7,24.2,0.0
8470,20260425,112,5019,1098.18,16.2,24.1,3.0
8471,20260602,226,5033,943.15,82.5,22.1,1.0
8472,20260423,106,5078,283.06,10.4,24.3,0.0
8473,20260209,188,5010,938.66,57.0,27.4,1.0
8474,20251015,212,5033,626.77,39.0,26.9,0.0
8475,20260808,147,5016,440.56,66.1,20.6,3.0
8476,20260314,207,5049,716.76,83.3,22.4,1.0
8477,20260330,107,5071,1264.18,39.7,21.6,0.0
8478,20251101,236,5051,1296.54,59.9,27.6,0.0
8479,20250927,182,5001,311.51,41.2,25.5,0.0
8480,20250824,198,5009,1213.93,22.1,27.0,
8481,20260807,166,5025,1226.81,35.9,24.6,0.0
8482,20260716,124,5033,820.68,38.9,27.5,0.0
8483,20260113,130,5064,1029.2,43.0,18.7,0.0
8484,20260323,126,5059,398.56,11.7,23.9,0.0
8485,20250912,239,5071,254.22,59.3,24.1,
8486,20250828,144,5075,413.27,76.7,30.1,2.0
8487,20260106,174,5036,358.26,82.6,21.5,0.0
8488,20251130,137,5066,,84.4,32.7,3.0
8489,20260329,147,5073,1161.85,38.4,21.4,0.0
8490,20251102,166,5054,447.16,51.7,26.9,1.0
8491,20251211,297,5026,708.84,55.7,25.8,0.0
8492,20260201,123,5035,,44.6,34.6,1.0
8493,20260212,140,5007,210.39,61.5,34.5,0.0
8494,20260402,179,5055,529.94,69.3,24.9,
8495,20251129,205,5081,407.57,27.5,24.6,0.0
8496,20251116,274,5063,1316.0,,27.8,0.0
8497,20251120,144,5077,920.51,87.4,22.9,0.0
8498,20251216,116,5014,525.06,16.2,23.2,3.0
8499,20260110,258,5061,540.15,87.4,25.8,0.0
8500,20251205,184,5056,714.88,30.9,33.5,1.0
8501,20250827,147,5050,1276.47,64.1,18.4,
8502,20250824,107,5041,898.19,38.8,25.7,3.0
8503,20250829,283,5016,91.75,26.1,23.3,0.0
8504,20260509,115,5018,302.47,60.0,23.7,1.0
8505,20251026,177,5024,773.53,37.5,29.5,0.0
8506,20260129,200,5016,1223.04,72.2,24.7,1.0
8507,20260708,126,5047,71.67,55.6,31.3,0.0
8508,20250915,182,5098,452.45,62.4,26.8,2.0
8509,20251016,137,5007,584.94,67.8,31.0,0.0
8510,20260723,206,5006,,94.8,28.8,0.0
8511,20251221,183,5009,1495.29,,30.7,0.0
8512,20251129,167,5036,358.7,71.2,29.0,3.0
8513,20250914,197,5014,1002.88,47.5,23.5,
8514,20250815,131,5071,949.84,92.0,33.9,3.0
8515,20260227,114,5069,540.01,72.6,32.7,0.0
8516,20260621,152,5035,919.69,78.1,26.4,
8517,20251209,162,5017,570.31,46.2,31.4,
8518,20260508,293,5013,1399.83,12.1,30.1,0.0
8519,20251220,253,5096,1280.07,33.2,20.3,0.0
8520,20260522,251,5088,517.13,42.1,21.4,2.0
8521,20260219,161,5055,829.84,80.7,22.9,
8522,20251224,227,5027,1225.12,76.9,18.7,
8523,20260404,231,5006,811.77,31.0,22.1,
8524,20251025,293,5085,378.22,47.8,19.0,1.0
8525,20251228,230,5073,455.32,94.4,22.1,
8526,20260630,199,5008,1371.89,76.6,19.1,
8527,20250926,130,5002,252.74,,19.8,2.0
8528,20260508,169,5015,680.87,,18.6,0.0
8529,20250923,116,5044,316.54,83.8,25.3,
8530,20260312,182,5080,1328.53,51.5,27.6,1.0
8531,20260709,219,5093,944.99,36.3,32.2,1.0
8532,20260406,242,5036,181.44,90.8,19.7,0.0
8533,20251018,205,5037,279.0,26.7,32.4,1.0
8534,20260424,117,5056,753.79,57.6,24.5,1.0
8535,20260714,224,5031,1429.35,17.0,22.1,0.0
8536,20250906,108,5030,920.35,71.9,28.1,3.0
8537,20260226,205,5029,1252.37,80.2,31.0,0.0
8538,20251213,263,5080,88.34,86.8,31.5,0.0
8539,20260502,160,5078,176.17,30.3,19.5,
8540,20260807,105,5074,722.82,87.4,23.1,0.0
8541,20251022,169,5097,1395.04,,30.2,
8542,20260430,242,5035,306.41,25.8,32.2,0.0
8543,20250826,251,5071,,16.7,34.6,3.0
8544,20251019,273,5046,,40.4,20.6,2.0
8545,20260227,126,5031,905.99,50.6,24.8,3.0
8546,20251110,164,5020,1354.78,51.6,20.3,0.0
8547,20260627,296,5003,604.55,35.6,20.5,0.0
8548,20260618,243,5071,354.38,10.5,20.7,2.0
8549,20260707,267,5075,1294.73,37.6,25.0,2.0
8550,20260801,133,5041,1259.61,92.6,32.6,
8551,20260703,178,5098,624.51,80.8,34.5,2.0
8552,20260121,246,5029,1479.99,47.2,20.1,3.0
8553,20260429,205,5022,1238.14,20.4,18.0,3.0
8554,20260709,215,5050,1139.71,22.7,31.1,2.0
8555,20250903,122,5027,1458.21,74.6,28.8,3.0
8556,20260110,263,5070,225.61,71.6,33.8,2.0
8557,20260716,229,5079,384.41,36.1,23.1,
8558,20260210,153,5003,277.49,33.3,20.5,0.0
8559,20250818,137,5021,115.48,51.6,30.6,0.0
8560,20260317,196,5012,820.88,,20.7,0.0
8561,20260421,239,5074,1409.55,29.9,22.9,0.0
8562,20250926,144,5095,569.52,15.4,18.4,0.0
8563,20250826,163,5079,318.17,19.3,21.9,0.0
8564,20260305,238,5035,115.37,72.4,20.2,0.0
8565,20260527,209,5063,188.07,52.8,29.9,3.0
8566,20260420,243,5016,898.31,50.0,18.3,3.0
8567,20260508,216,5013,204.05,45.6,19.6,
8568,20260102,111,5032,397.07,70.2,20.2,0.0
8569,20260417,101,5053,,68.3,26.9,0.0
8570,20260624,219,5029,591.82,24.6,28.3,3.0
8571,20260731,259,5031,377.25,63.8,27.3,1.0
8572,20251009,175,5059,926.08,21.6,29.4,2.0
8573,20260511,268,5079,172.89,70.7,22.5,3.0
8574,20251228,143,5022,139.6,59.0,22.0,0.0
8575,20260522,101,5023,134.3,59.7,19.0,2.0
8576,20260103,116,5029,81.43,78.1,28.0,1.0
8577,20251117,224,5036,1077.66,86.2,26.3,
8578,20251016,170,5014,989.65,79.5,19.6,
8579,20251007,254,5001,673.92,23.5,33.8,2.0
8580,20251028,165,5031,596.34,36.7,23.7,3.0
8581,20260422,275,5086,317.1,76.8,30.9,3.0
8582,20260627,198,5040,543.74,11.2,28.3,
8583,20260526,190,5056,,69.4,34.5,
8584,20260123,262,5075,1031.67,20.4,20.0,2.0
8585,20260426,155,5077,1065.02,83.2,34.0,0.0
8586,20260218,250,5050,142.79,21.8,35.0,1.0
8587,20251129,231,5058,1122.94,69.2,21.1,
8588,20251029,173,5028,563.15,34.6,22.8,
8589,20260426,112,5030,919.57,33.2,30.5,
8590,20260228,142,5013,53.56,53.5,26.8,0.0
8591,20251011,290,5011,701.77,,24.9,
8592,20250826,237,5053,1496.38,39.8,26.3,0.0
8593,20251105,245,5092,1227.25,48.5,24.4,0.0
8594,20250824,118,5057,256.81,77.6,19.0,0.0
8595,20251003,177,5057,50.68,16.0,31.0,
8596,20260629,123,5020,1201.19,80.6,30.8,0.0
8597,20260715,202,5095,548.99,66.7,33.3,0.0
8598,20251116,279,5050,1215.51,19.4,28.1,0.0
8599,20260526,132,5079,364.93,90.8,25.7,2.0
8600,20260402,136,5097,1127.2,65.2,27.9,1.0
8601,20251109,286,5049,170.12,42.3,24.2,
8602,20260607,243,5003,608.35,10.6,24.4,0.0
8603,20260221,172,5070,959.91,36.8,33.4,0.0
8604,20250810,211,5098,724.94,56.6,18.1,
8605,20251215,154,5035,1183.67,81.2,21.2,1.0
8606,20260319,257,5027,1164.15,59.0,28.9,
8607,20251223,230,5087,463.05,85.8,18.7,2.0
8608,20250909,182,5063,596.42,44.2,18.9,0.0
8609,20260425,275,5056,689.58,79.6,22.2,0.0
8610,20260227,188,5068,467.51,36.4,33.8,0.0
8611,20260501,263,5044,405.34,47.4,24.4,
8612,20260106,167,5042,68.63,44.1,20.2,0.0
8613,20260321,293,5003,1123.13,88.3,34.1,0.0
8614,20251206,282,5064,941.66,79.6,33.5,2.0
8615,20250830,216,5065,1420.22,90.4,30.3,3.0
8616,20260604,170,5079,561.48,73.9,23.7,1.0
8617,20260607,163,5050,,44.0,26.0,1.0
8618,20251029,270,5057,1063.98,41.7,30.3,0.0
8619,20260729,183,5078,201.39,50.3,25.2,
8620,20251013,188,5027,166.41,46.8,26.3,2.0
8621,20260731,154,5048,704.47,44.1,33.9,0.0
8622,20260222,218,5019,773.48,31.4,31.3,3.0
8623,20260803,254,5091,1455.33,92.7,25.3,0.0
8624,20260521,185,5010,1081.67,14.0,28.0,
8625,20260522,105,5077,542.97,40.0,23.0,3.0
8626,20250917,278,5090,549.67,10.7,31.8,2.0
8627,20260509,135,5088,1005.31,,29.4,
8628,20251227,266,5049,989.75,88.9,27.7,1.0
8629,20260406,101,5022,1151.52,82.2,30.0,0.0
8630,20260624,256,5052,147.0,21.9,32.7,0.0
8631,20260330,222,5027,88.43,47.0,21.3,1.0
8632,20260227,102,5028,884.47,38.0,30.3,0.0
8633,20260604,103,5041,852.97,37.3,21.1,0.0
8634,20251029,273,5046,1240.98,25.7,23.1,0.0
8635,20251116,145,5052,989.6,,34.1,1.0
8636,20260310,206,5036,741.35,15.3,20.7,
8637,20260601,243,5032,129.67,58.7,22.7,0.0
8638,20260512,279,5092,1010.16,55.7,20.8,
8639,20251005,281,5038,1205.87,52.1,20.7,0.0
8640,20251102,226,5030,956.17,21.4,21.2,0.0
8641,20260502,296,5049,276.03,57.5,20.7,2.0
8642,20251222,201,5077,,51.5,27.0,1.0
8643,20260706,238,5061,1029.0,22.2,21.8,2.0
8644,20250913,121,5004,616.65,40.7,26.9,0.0
8645,20251015,267,5088,,72.9,31.4,
8646,20251016,267,5073,1035.64,,21.3,0.0
8647,20260621,120,5032,690.61,10.4,34.0,1.0
8648,20251018,238,5083,610.25,16.5,23.5,3.0
8649,20260205,108,5090,1247.56,69.5,30.3,0.0
8650,20260503,272,5009,967.29,40.8,21.7,3.0
8651,20260404,214,5058,346.52,13.5,28.2,3.0
8652,20250817,273,5092,,85.7,18.5,3.0
8653,20251008,132,5003,269.19,24.5,20.5,3.0
8654,20251014,191,5050,1041.74,80.3,29.6,
8655,20260101,197,5074,228.5,49.7,31.1,0.0
8656,20260320,254,5045,565.82,67.8,32.7,0.0
8657,20250904,192,5047,275.2,64.9,23.0,0.0
8658,20250905,200,5049,1310.06,46.7,34.8,
8659,20251107,146,5003,598.9,68.3,32.5,0.0
8660,20260708,297,5063,971.85,12.9,32.9,2.0
8661,20260731,279,5056,1094.67,42.3,29.7,0.0
8662,20250915,103,5093,988.33,50.7,35.0,
8663,20260218,132,5058,583.07,35.9,23.1,1.0
8664,20260502,219,5055,369.97,83.2,20.9,0.0
8665,20260601,195,5012,772.07,46.7,23.8,0.0
8666,20260318,150,5056,170.53,59.7,20.7,0.0
8667,20251226,214,5033,1276.41,30.9,28.0,0.0
8668,20250817,103,5045,929.1,78.0,20.6,
8669,20260608,157,5030,329.22,17.5,31.8,0.0
8670,20260516,291,5035,108.06,31.0,24.6,0.0
8671,20260402,106,5047,1411.49,26.5,29.5,
8672,20250826,295,5034,405.02,56.2,26.9,3.0
8673,20251108,172,5062,1253.76,26.1,32.0,0.0
8674,20250909,275,5021,1170.72,58.2,27.6,0.0
8675,20251001,282,5022,406.2,86.3,27.8,1.0
8676,20260327,192,5029,,30.6,21.9,
8677,20250814,150,5075,868.67,11.7,32.9,
8678,20260729,124,5083,1060.49,16.7,28.9,2.0
8679,20260726,258,5067,1316.87,88.4,18.6,2.0
8680,20250917,261,5077,1069.41,78.1,25.1,3.0
8681,20260506,178,5068,156.07,53.2,20.7,1.0
8682,20251211,284,5026,257.64,66.8,34.4,2.0
8683,20260425,157,5005,684.16,44.0,29.8,0.0
8684,20251023,160,5049,919.19,31.4,21.3,3.0
8685,20260201,227,5047,958.24,55.2,34.2,1.0
8686,20260304,193,5007,1284.61,39.2,22.7,
8687,20260119,110,5098,600.98,52.3,24.0,
8688,20251008,172,5030,352.6,41.6,21.3,0.0
8689,20251209,227,5012,1457.8,69.2,23.8,1.0
8690,20251005,281,5091,1144.7,40.2,31.9,1.0
8691,20250830,281,5021,826.29,58.4,30.4,2.0
8692,20260420,256,5012,423.89,18.9,33.8,0.0
8693,20260327,154,5079,761.79,16.4,22.0,
8694,20250924,102,5090,852.93,26.4,30.2,0.0
8695,20260607,151,5071,1212.1,61.7,25.6,0.0
8696,20250916,264,5007,770.55,89.6,28.9,3.0
8697,20251126,202,5033,546.62,,27.9,1.0
8698,20260213,129,5011,153.79,70.1,31.4,1.0
8699,20260612,172,5068,1478.88,54.5,19.4,0.0
8700,20250930,246,5033,1348.5,37.0,33.4,0.0
8701,20260709,229,5058,1383.06,89.7,33.7,0.0
8702,20250818,227,5020,252.22,91.4,18.4,0.0
8703,20260113,144,5038,186.66,84.8,22.1,3.0
8704,20251002,242,5019,1179.47,27.0,18.5,
8705,20260406,150,5056,1017.58,52.6,28.9,1.0
8706,20251031,269,5036,93.98,70.6,22.6,0.0
8707,20260627,290,5024,612.36,17.6,27.5,0.0
8708,20251228,245,5030,561.99,30.5,24.1,2.0
8709,20260629,273,5053,1065.48,39.7,23.9,0.0
8710,20260607,275,5040,619.73,43.8,26.6,1.0
8711,20250920,255,5022,316.78,46.1,34.9,0.0
8712,20251011,245,5067,695.42,62.5,23.9,0.0
8713,20250919,145,5009,1199.87,92.7,33.5,0.0
8714,20250916,117,5030,369.48,31.0,20.2,1.0
8715,20260725,251,5012,1336.86,93.9,21.1,2.0
8716,20251218,133,5080,142.24,78.7,29.9,1.0
8717,20260323,291,5007,259.52,56.1,21.2,0.0
8718,20250922,117,5074,315.46,78.5,18.1,3.0
8719,20260713,133,5084,455.49,40.2,18.1,0.0
8720,20260712,167,5095,1417.45,,25.2,
8721,20260703,246,5023,369.88,55.7,33.1,2.0
8722,20260319,159,5037,1221.31,66.5,27.5,0.0
8723,20251014,234,5071,410.92,,28.3,1.0
8724,20260220,287,5061,1427.76,,23.2,0.0
8725,20260317,171,5055,,88.5,32.0,0.0
8726,20260415,150,5022,618.77,37.8,24.7,0.0
8727,20251003,274,5031,1399.01,68.0,25.8,0.0
8728,20260411,106,5003,609.56,86.8,25.9,2.0
8729,20251128,278,5026,730.43,68.9,28.7,0.0
8730,20260605,274,5078,645.56,61.0,24.0,
8731,20251215,237,5092,816.96,73.7,30.6,0.0
8732,20250917,258,5010,791.4,94.4,19.7,3.0
8733,20260711,165,5009,903.59,75.9,27.3,0.0
8734,20260409,275,5099,281.63,87.9,30.6,1.0
8735,20260717,244,5013,454.09,46.7,34.2,
8736,20260602,217,5035,1213.15,32.4,24.5,0.0
8737,20260427,101,5023,467.57,46.1,,3.0
8738,20250906,210,5069,583.03,,27.5,0.0
8739,20250810,265,5016,224.45,63.9,31.1,
8740,20260717,273,5100,494.9,45.8,27.7,0.0
8741,20251003,267,5060,956.94,90.7,29.3,3.0
8742,20260407,114,5071,,,20.4,3.0
8743,20251205,183,5098,1439.93,43.4,32.4,0.0
8744,20251230,211,5048,888.96,85.3,32.7,0.0
8745,20260501,205,5093,1457.51,89.5,29.2,0.0
8746,20260524,171,5023,657.27,34.1,30.7,3.0
8747,20260201,132,5020,605.46,46.7,23.7,
8748,20250903,275,5069,1396.77,83.1,20.2,1.0
8749,20260309,233,5024,1295.18,81.1,29.6,
8750,20260727,220,5032,257.34,51.2,31.6,
8751,20251119,227,5002,1024.64,60.1,28.8,1.0
8752,20250912,193,5042,1306.23,26.3,30.0,2.0
8753,20260809,233,5022,1160.58,50.9,33.2,0.0
8754,20251015,295,5099,1138.51,71.8,19.8,0.0
8755,20251228,112,5035,,61.5,19.9,2.0
8756,20251204,285,5066,1080.89,93.9,29.4,1.0
8757,20260112,158,5003,310.02,17.7,33.2,
8758,20260420,113,5065,1419.75,84.6,32.9,2.0
8759,20260108,172,5065,1122.56,21.1,24.0,0.0
8760,20260527,208,5008,1068.12,94.0,25.0,3.0
8761,20251210,237,5051,940.14,79.4,29.1,
8762,20260530,215,5018,897.24,52.0,34.6,3.0
8763,20260406,181,5022,362.49,16.6,20.4,3.0
8764,20251108,102,5007,1042.98,,29.2,
8765,20260110,201,5061,440.47,67.8,25.6,0.0
8766,20260207,150,5020,250.8,,33.2,2.0
8767,20260221,186,5017,239.94,36.6,26.6,0.0
8768,20260220,121,5031,209.86,71.2,31.4,1.0
8769,20260606,247,5078,683.78,67.5,33.9,0.0
8770,20251228,107,5048,1184.74,20.8,32.1,2.0
8771,20260310,289,5074,588.31,10.8,34.1,0.0
8772,20260111,158,5036,56.34,55.9,30.6,3.0
8773,20260309,277,5060,263.65,66.1,27.7,0.0
8774,20260420,209,5032,,23.5,23.1,0.0
8775,20260510,120,5059,1344.82,87.8,18.6,3.0
8776,20260424,164,5023,719.13,20.6,21.4,0.0
8777,20251104,151,5091,1476.75,83.1,32.0,1.0
8778,20250811,143,5015,1049.88,41.1,20.9,
8779,20260808,185,5092,1289.17,16.4,22.9,
8780,20250816,180,5032,1018.79,13.5,31.0,3.0
8781,20260302,117,5021,1063.6,33.3,30.9,0.0
8782,20260726,261,5082,465.97,39.9,34.6,3.0
8783,20260713,261,5078,550.09,77.7,20.7,0.0
8784,20250831,125,5097,764.48,24.6,25.3,2.0
8785,20251215,108,5006,872.49,35.9,22.6,2.0
8786,20260616,223,5009,1294.06,93.8,30.3,0.0
8787,20260623,211,5049,248.56,33.0,21.8,0.0
8788,20260605,107,5018,218.52,68.5,34.6,
8789,20251125,252,5001,803.64,22.8,28.8,0.0
8790,20251001,261,5037,1062.27,18.0,23.0,1.0
8791,20260618,186,5059,125.31,38.6,21.8,0.0
8792,20260731,165,5068,85.13,44.7,32.8,0.0
8793,20260710,164,5063,383.76,63.7,29.8,
8794,20251106,128,5087,935.9,30.0,33.4,0.0
8795,20260608,222,5097,244.23,28.0,32.3,2.0
8796,20250830,162,5051,474.28,67.6,34.9,
8797,20250929,188,5071,855.48,13.1,21.5,
8798,20260728,114,5070,1269.27,23.2,19.2,2.0
8799,20260424,186,5093,1418.43,,20.5,2.0
8800,20251226,234,5052,1423.87,21.2,32.3,
8801,20250819,161,5068,1172.55,20.9,22.5,0.0
8802,20260729,119,5060,,30.4,31.5,
8803,20251224,299,5083,985.41,55.8,18.7,0.0
8804,20260423,254,5067,1327.2,91.1,19.1,0.0
8805,20260409,259,5046,1055.45,11.2,29.5,0.0
8806,20250905,213,5078,1393.37,14.6,33.9,0.0
8807,20260612,296,5074,1063.14,52.0,27.1,0.0
8808,20260624,125,5092,441.1,36.6,29.1,
8809,20250821,261,5096,142.85,82.7,18.5,3.0
8810,20251221,215,5052,1387.67,74.3,33.5,
8811,20250907,249,5097,757.94,81.2,30.5,0.0
8812,20250907,132,5033,1160.61,15.6,22.1,1.0
8813,20260306,122,5068,695.64,33.3,34.5,0.0
8814,20260603,116,5053,623.37,23.6,19.3,0.0
8815,20251003,109,5022,640.14,22.0,34.8,2.0
8816,20251015,197,5065,368.58,34.1,20.8,0.0
8817,20260509,181,5064,253.91,35.3,24.2,0.0
8818,20260510,278,5017,1301.19,74.0,30.5,0.0
8819,20260422,117,5005,1470.32,39.5,31.1,3.0
8820,20251127,133,5027,804.32,51.5,22.7,1.0
8821,20260107,116,5010,340.67,41.4,25.6,0.0
8822,20251211,214,5077,213.59,74.6,25.4,1.0
8823,20260522,115,5048,1483.24,73.4,25.9,0.0
8824,20260421,178,5039,1330.76,28.1,25.4,0.0
8825,20251122,257,5015,1246.89,83.7,29.1,3.0
8826,20251006,261,5078,89.25,90.0,29.4,0.0
8827,20260628,211,5053,1426.27,53.8,22.9,0.0
8828,20250821,117,5049,121.07,82.7,20.8,0.0
8829,20260511,127,5049,1337.77,64.4,25.0,0.0
8830,20260210,274,5039,1030.04,85.0,,1.0
8831,20250813,115,5048,473.66,61.7,22.0,0.0
8832,20260610,244,5004,1381.25,49.6,25.9,3.0
8833,20260415,114,5041,233.43,21.9,29.2,0.0
8834,20260626,176,5063,1234.8,32.9,18.5,0.0
8835,20260228,198,5026,1171.19,,26.9,0.0
8836,20260609,203,5097,1311.03,77.0,30.5,
8837,20260712,125,5003,345.13,17.3,30.4,3.0
8838,20260209,259,5028,1489.63,87.1,30.5,
8839,20260426,293,5056,358.15,11.0,19.9,2.0
8840,20260112,206,5100,1281.22,51.2,23.0,0.0
8841,20251006,160,5082,1029.76,,32.3,
8842,20260801,254,5097,602.49,24.8,22.9,3.0
8843,20260216,269,5019,1423.15,67.6,31.1,1.0
8844,20260802,260,5058,,69.7,24.3,0.0
8845,20250924,103,5076,1410.83,30.5,28.3,3.0
8846,20251026,217,5098,1052.44,88.9,23.1,0.0
8847,20260324,199,5096,927.62,74.3,20.2,
8848,20251029,219,5018,773.21,,19.9,3.0
8849,20251016,210,5084,1123.1,63.5,26.7,0.0
8850,20260510,259,5039,174.4,28.8,23.2,
8851,20260302,259,5051,349.93,47.1,28.0,2.0
8852,20260614,126,5032,62.65,39.2,18.3,1.0
8853,20260604,187,5019,536.57,47.5,22.8,
8854,20260128,267,5003,1031.91,,27.9,3.0
8855,20251202,273,5030,929.55,20.8,32.1,
8856,20260401,107,5057,464.76,40.3,29.2,3.0
8857,20260608,217,5033,680.56,90.5,31.2,0.0
8858,20251009,233,5063,1378.17,38.7,19.0,
8859,20260531,185,5052,242.97,36.3,20.9,3.0
8860,20260403,251,5060,865.32,88.8,21.3,1.0
8861,20251020,150,5092,587.18,34.5,19.2,2.0
8862,20250918,128,5060,,89.7,32.3,
8863,20250907,127,5048,873.98,25.3,23.0,0.0
8864,20260318,104,5027,1259.22,43.1,27.7,1.0
8865,20260615,253,5060,214.9,,35.0,3.0
8866,20250820,283,5017,322.31,38.9,22.8,3.0
8867,20251121,118,5054,429.25,,28.2,
8868,20260224,252,5007,585.91,59.3,18.3,2.0
8869,20250902,150,5032,1307.39,77.9,34.3,3.0
8870,20260316,247,5019,1366.74,59.1,22.9,0.0
8871,20260513,133,5082,1399.27,83.9,33.1,2.0
8872,20251201,264,5013,592.59,61.6,19.5,0.0
8873,20260227,231,5038,1246.06,25.2,19.2,3.0
8874,20260331,166,5048,1455.23,70.2,25.8,0.0
8875,20250821,191,5007,1318.2,80.7,29.4,1.0
8876,20251116,208,5045,162.3,91.7,22.7,0.0
8877,20260802,224,5060,1353.44,,34.5,1.0
8878,20260304,286,5050,473.07,89.4,19.3,
8879,20260304,259,5084,209.1,18.3,31.6,0.0
8880,20260526,214,5056,550.22,85.2,24.3,3.0
8881,20250826,148,5010,1354.46,80.6,18.2,
8882,20251203,163,5077,1087.32,28.9,19.5,
8883,20260721,136,5038,1347.14,31.2,30.4,0.0
8884,20250813,112,5046,981.31,14.3,26.7,0.0
8885,20251218,116,5066,834.3,23.4,,
8886,20251121,133,5071,120.74,62.6,18.7,0.0
8887,20260102,180,5062,1429.91,73.0,25.1,0.0
8888,20251020,250,5006,1113.94,,31.1,3.0
8889,20260512,212,5062,886.76,64.7,25.6,
8890,20260502,232,5009,1148.13,38.1,31.8,
8891,20260801,267,5046,1116.18,25.4,29.0,
8892,20260424,294,5043,464.47,34.5,22.5,0.0
8893,20250914,192,5025,975.18,47.9,22.5,2.0
8894,20260106,180,5040,138.81,,21.9,3.0
8895,20260508,250,5065,,69.9,33.9,1.0
8896,20250915,239,5022,400.89,80.7,23.6,0.0
8897,20260601,299,5002,555.43,15.9,18.4,1.0
8898,20251003,138,5013,608.2,21.2,24.0,0.0
8899,20260312,138,5019,788.01,83.5,22.5,1.0
8900,20251227,221,5096,159.98,83.5,20.2,
8901,20260312,180,5092,359.69,28.8,25.8,0.0
8902,20260617,255,5072,528.75,88.1,18.9,0.0
8903,20251124,188,5035,807.54,,20.7,3.0
8904,20251004,175,5008,999.07,19.3,23.8,0.0
8905,20260126,195,5004,447.94,93.8,21.9,0.0
8906,20260629,103,5066,986.3,39.5,24.6,1.0
8907,20250913,233,5028,742.1,30.6,19.8,0.0
8908,20260429,251,5081,714.22,69.2,23.7,3.0
8909,20260629,269,5067,560.78,40.8,20.0,0.0
8910,20260601,274,5048,122.41,49.3,33.4,2.0
8911,20260406,138,5004,110.99,88.2,25.4,0.0
8912,20260518,115,5058,976.78,90.7,32.7,0.0
8913,20251007,161,5052,199.51,78.2,26.0,
8914,20260728,230,5043,,17.2,19.6,
8915,20260214,244,5079,1400.53,72.8,21.5,3.0
8916,20260503,114,5059,603.08,45.8,24.3,0.0
8917,20260405,209,5045,698.7,67.2,21.3,0.0
8918,20260716,189,5080,756.23,93.6,19.9,
8919,20251212,151,5042,1232.68,12.9,24.7,3.0
8920,20260524,152,5037,845.93,88.7,29.0,0.0
8921,20251212,264,5048,102.33,,25.2,0.0
8922,20251219,152,5007,1445.0,65.5,23.5,0.0
8923,20260619,118,5067,931.89,67.2,28.7,0.0
8924,20260114,188,5075,274.41,60.8,34.2,
8925,20260701,149,5016,720.76,13.9,32.8,0.0
8926,20260520,271,5057,1372.25,71.0,21.2,0.0
8927,20251229,222,5098,198.93,80.9,23.4,1.0
8928,20251025,278,5063,1351.31,26.1,21.7,1.0
8929,20260321,278,5056,,31.4,32.4,0.0
8930,20250906,220,5098,860.19,28.3,18.6,0.0
8931,20251004,254,5066,1069.76,32.7,21.4,1.0
8932,20260327,278,5005,751.41,31.3,,2.0
8933,20260208,185,5086,199.1,80.0,21.2,1.0
8934,20260531,249,5100,185.44,,18.1,
8935,20251001,245,5071,580.43,57.9,20.5,0.0
8936,20260624,186,5094,1395.37,77.5,30.5,3.0
8937,20260226,258,5096,665.23,60.0,27.3,0.0
8938,20260730,177,5073,1208.31,31.5,34.8,1.0
8939,20260523,208,5065,1467.76,23.3,23.5,3.0
8940,20250910,185,5009,213.59,74.6,30.3,2.0
8941,20250913,142,5020,874.69,88.5,21.0,3.0
8942,20251202,127,5049,731.53,10.6,33.7,
8943,20260717,217,5043,1255.83,14.8,27.3,0.0
8944,20251008,111,5085,685.88,63.5,25.4,1.0
8945,20251120,227,5092,889.76,24.0,31.4,0.0
8946,20251220,157,5057,1083.57,85.6,30.6,3.0
8947,20250911,101,5094,342.85,47.5,,
8948,20251014,264,5093,338.85,71.0,28.1,0.0
8949,20260519,158,5082,650.04,30.3,23.4,3.0
8950,20251112,278,5035,740.91,23.4,34.1,1.0
8951,20260130,159,5019,110.44,53.2,31.8,0.0
8952,20251111,220,5019,515.23,82.0,24.9,0.0
8953,20260626,260,5098,90.72,,19.7,0.0
8954,20260405,155,5026,1455.99,85.0,18.3,
8955,20250930,162,5012,827.65,47.9,33.8,0.0
8956,20250924,224,5079,593.64,56.4,30.5,
8957,20260306,289,5050,420.6,66.8,28.4,0.0
8958,20250824,297,5036,983.25,19.0,22.0,0.0
8959,20260620,185,5051,147.11,61.1,19.3,0.0
8960,20260103,290,5029,554.28,28.6,32.8,
8961,20260619,197,5006,524.37,55.9,34.7,2.0
8962,20260711,153,5006,1073.1,41.6,34.0,3.0
8963,20250926,203,5039,840.88,13.4,30.0,3.0
8964,20251222,148,5002,408.02,13.7,22.6,
8965,20260615,102,5018,1430.19,13.7,19.0,2.0
8966,20260724,193,5025,1481.71,15.1,31.8,0.0
8967,20251224,103,5054,888.83,46.0,28.4,
8968,20260416,119,5073,910.24,63.9,26.6,0.0
8969,20260211,192,5025,1153.57,21.9,20.8,0.0
8970,20251114,108,5054,286.49,53.7,30.2,2.0
8971,20260626,243,5020,280.87,83.1,28.6,
8972,20260416,130,5055,630.26,64.9,34.0,0.0
8973,20260325,137,5071,255.94,50.4,19.9,
8974,20260402,175,5073,728.78,47.9,31.5,1.0
8975,20260508,213,5033,1176.33,38.1,20.3,0.0
8976,20251107,150,5027,748.87,44.2,29.9,
8977,20260606,262,5001,861.36,56.9,31.5,
8978,20250812,250,5009,146.48,20.3,21.1,0.0
8979,20260618,296,5021,528.86,24.1,26.9,2.0
8980,20251124,193,5005,1230.86,65.9,32.6,0.0
8981,20251006,112,5034,1397.09,91.9,23.2,2.0
8982,20260103,108,5094,670.25,65.6,19.3,0.0
8983,20250905,151,5062,753.07,30.5,30.1,3.0
8984,20251230,151,5009,,33.3,32.7,1.0
8985,20260126,173,5029,56.24,45.8,22.4,0.0
8986,20250913,145,5060,1318.71,28.4,20.6,0.0
8987,20260127,157,5022,343.47,25.6,24.1,2.0
8988,20260402,168,5087,269.86,34.4,28.8,3.0
8989,20260705,285,5064,797.39,42.2,23.1,
8990,20260127,145,5015,346.54,65.1,23.6,3.0
8991,20250910,187,5011,1356.38,92.6,18.7,2.0
8992,20260504,242,5086,,67.0,24.9,0.0
8993,20260711,163,5059,744.54,82.7,22.4,2.0
8994,20260713,146,5044,607.16,54.9,21.0,0.0
8995,20260518,151,5079,909.16,89.8,22.1,0.0
8996,20251022,106,5094,1226.12,75.6,33.9,0.0
8997,20251208,146,5048,371.87,38.4,25.4,3.0
8998,20251204,168,5061,509.15,73.6,28.1,0.0
8999,20260809,126,5034,975.06,,24.7,0.0
9000,20260203,106,5074,1225.96,38.3,25.4,0.0
9001,20260424,274,5072,1079.67,49.6,22.7,1.0
9002,20260131,136,5071,288.68,52.1,19.1,0.0
9003,20251119,198,5095,232.38,36.7,19.4,1.0
9004,20250824,268,5043,800.9,94.0,23.7,2.0
9005,20251006,129,5081,1417.91,15.8,34.2,1.0
9006,20260129,187,5086,668.38,94.1,20.9,0.0
9007,20260401,154,5042,1454.01,41.1,28.9,0.0
9008,20251205,179,5068,56.41,76.9,20.3,3.0
9009,20250821,217,5020,839.33,81.7,32.9,0.0
9010,20260317,162,5086,1236.37,52.5,20.5,1.0
9011,20251227,195,5088,1415.0,58.4,22.6,
9012,20260718,196,5092,61.1,42.9,18.3,0.0
9013,20251220,270,5076,1378.34,,25.2,0.0
9014,20260114,144,5067,1389.59,58.1,26.0,1.0
9015,20260130,235,5088,231.34,87.6,28.5,
9016,20250829,260,5036,1096.99,44.7,22.0,3.0
9017,20260623,212,5077,61.56,77.1,24.6,0.0
9018,20260724,283,5100,712.19,11.1,25.8,3.0
9019,20260417,117,5032,1251.54,76.8,19.1,0.0
9020,20251116,131,5029,855.58,64.4,26.4,0.0
9021,20260330,137,5003,1086.79,75.4,26.7,
9022,20250909,134,5056,292.03,88.9,33.1,
9023,20250904,149,5062,751.48,70.0,22.3,0.0
9024,20260105,150,5035,738.92,,18.9,
9025,20251127,237,5043,711.03,36.8,28.4,2.0
9026,20260427,197,5066,1133.0,25.5,21.8,
9027,20260624,278,5039,1145.72,81.7,24.1,1.0
9028,20260218,196,5064,225.26,72.6,30.2,0.0
9029,20260412,182,5093,1151.94,53.8,32.6,
9030,20251112,254,5052,474.11,,21.7,0.0
9031,20260609,210,5007,512.61,17.5,30.6,0.0
9032,20250912,263,5076,,57.9,19.7,0.0
9033,20260706,163,5039,747.06,25.6,24.0,
9034,20251213,112,5033,780.73,85.4,27.8,0.0
9035,20260512,296,5014,615.41,37.7,18.9,0.0
9036,20251009,258,5019,51.59,72.2,21.1,
9037,20251215,251,5072,923.68,38.8,22.2,
9038,20260110,149,5029,62.5,,25.3,0.0
9039,20260131,238,5029,1365.73,60.0,19.4,2.0
9040,20260419,176,5032,262.32,41.3,30.1,0.0
9041,20251007,139,5060,119.67,71.2,28.9,
9042,20260421,184,5020,255.26,48.5,18.3,2.0
9043,20251217,164,5013,1293.45,,25.6,0.0
9044,20260420,114,5090,254.18,51.2,34.6,0.0
9045,20251230,262,5070,478.04,45.1,20.6,0.0
9046,20250813,172,5065,470.89,,31.8,
9047,20260523,133,5047,364.08,34.2,23.5,3.0
9048,20260316,231,5053,1032.83,89.5,20.0,0.0
9049,20250907,250,5096,125.15,36.1,20.4,
9050,20260411,226,5052,1121.35,14.9,29.0,0.0
9051,20260323,154,5054,750.97,62.6,32.9,
9052,20251206,287,5073,1241.39,50.1,19.0,0.0
9053,20260806,121,5043,1010.21,56.3,29.6,0.0
9054,20260719,221,5039,1478.91,28.8,33.6,0.0
9055,20260508,270,5011,186.21,51.4,25.1,2.0
9056,20260506,258,5032,947.61,,28.0,0.0
9057,20251203,117,5021,1395.48,57.6,31.2,0.0
9058,20251004,143,5080,1082.13,20.4,34.6,2.0
9059,20260124,231,5062,669.43,62.7,32.5,
9060,20251002,200,5085,224.45,27.0,18.3,0.0
9061,20260622,293,5009,890.45,,22.6,1.0
9062,20250920,266,5100,964.8,22.6,29.4,2.0
9063,20260731,293,5041,,,28.6,0.0
9064,20260105,231,5008,578.91,67.0,30.6,3.0
9065,20260216,196,5056,934.38,61.5,21.1,0.0
9066,20250811,228,5052,557.31,24.1,29.1,0.0
9067,20260121,233,5056,628.2,64.2,34.1,
9068,20260610,219,5020,1166.01,12.8,26.1,2.0
9069,20250925,146,5054,639.74,70.9,33.3,1.0
9070,20260121,183,5061,109.0,,21.7,2.0
9071,20260730,283,5004,933.63,90.3,25.0,0.0
9072,20250914,196,5043,1037.83,36.0,31.2,3.0
9073,20251029,235,5048,809.82,43.5,25.1,2.0
9074,20260803,278,5016,390.07,21.3,33.1,0.0
9075,20260110,224,5040,466.98,32.1,21.5,1.0
9076,20260225,284,5031,435.72,49.2,31.9,
9077,20251009,227,5063,75.32,46.8,28.1,0.0
9078,20251226,222,5063,1084.43,64.9,34.5,0.0
9079,20251215,169,5051,270.89,60.3,18.7,
9080,20260724,249,5076,1407.45,37.9,24.6,0.0
9081,20260731,203,5028,1267.46,61.3,24.9,3.0
9082,20260309,264,5052,1420.22,88.3,35.0,1.0
9083,20250815,250,5056,1480.3,49.8,25.3,
9084,20260603,267,5031,600.8,89.4,31.5,0.0
9085,20250815,110,5037,1083.34,66.0,23.8,1.0
9086,20260704,154,5032,334.6,65.8,18.3,
9087,20260209,157,5079,715.39,73.9,29.0,1.0
9088,20260623,152,5022,340.42,44.2,29.0,0.0
9089,20260422,216,5044,1057.11,68.4,23.8,1.0
9090,20260404,161,5021,234.42,12.0,33.7,0.0
9091,20260123,202,5077,177.95,90.8,29.5,1.0
9092,20260107,156,5042,160.11,47.3,18.9,0.0
9093,20251216,179,5076,424.64,23.2,21.7,0.0
9094,20260224,209,5049,1476.91,35.8,25.1,3.0
9095,20260217,197,5011,1069.96,46.6,28.6,
9096,20260517,247,5013,715.05,43.3,24.1,0.0
9097,20250920,141,5011,574.68,61.6,29.8,0.0
9098,20251013,196,5011,462.55,68.5,28.0,0.0
9099,20260113,166,5095,1024.05,28.9,26.6,0.0
9100,20251013,241,5002,660.93,89.0,18.6,0.0
9101,20260315,122,5020,1155.28,79.7,34.7,0.0
9102,20260224,135,5070,535.13,67.8,34.4,
9103,20251227,293,5055,1193.46,58.0,33.1,3.0
9104,20260615,122,5064,900.78,36.3,33.8,0.0
9105,20260419,176,5012,169.79,54.0,23.3,0.0
9106,20260117,214,5090,1419.79,53.0,19.3,3.0
9107,20251121,233,5083,103.86,84.7,27.8,0.0
9108,20260325,191,5020,1068.04,73.2,22.9,0.0
9109,20260714,159,5007,113.59,87.0,19.1,0.0
9110,20260619,250,5001,625.6,11.4,20.2,3.0
9111,20260809,111,5061,1251.77,37.8,21.6,
9112,20260531,220,5023,269.52,59.2,19.1,3.0
9113,20250916,232,5005,62.92,,18.8,
9114,20260404,260,5018,780.68,63.8,18.2,
9115,20260323,187,5038,245.1,24.0,21.1,3.0
9116,20260107,210,5047,,50.5,28.8,0.0
9117,20260207,216,5087,,25.7,34.2,2.0
9118,20260512,220,5088,352.96,42.3,28.4,0.0
9119,20260715,211,5090,429.4,,18.7,0.0
9120,20250915,205,5046,,22.4,24.8,0.0
9121,20260119,195,5086,537.58,78.6,27.9,2.0
9122,20260310,228,5074,710.79,76.1,31.0,
9123,20250821,182,5012,856.64,37.8,26.6,0.0
9124,20251124,170,5006,1288.14,72.4,30.6,0.0
9125,20260110,198,5022,369.95,23.5,33.3,0.0
9126,20251030,107,5040,469.08,30.8,28.4,
9127,20260123,146,5043,,90.4,27.1,0.0
9128,20251227,214,5013,350.17,,25.0,1.0
9129,20251020,160,5005,763.4,85.0,26.9,2.0
9130,20260128,168,5075,179.43,88.4,28.4,0.0
9131,20250924,266,5011,320.99,79.7,22.0,0.0
9132,20260730,120,5006,461.35,61.5,32.2,0.0
9133,20260710,192,5079,634.23,24.1,19.6,2.0
9134,20260108,122,5001,876.69,91.7,25.5,2.0
9135,20260606,176,5025,1236.39,71.9,27.6,0.0
9136,20260424,229,5022,607.39,33.0,34.2,3.0
9137,20260508,232,5051,1456.93,25.0,19.6,
9138,20250812,240,5063,1080.78,76.4,20.0,
9139,20251225,265,5014,,67.8,26.1,
9140,20251030,121,5035,1478.18,31.5,25.5,0.0
9141,20251121,171,5076,611.64,31.4,24.3,0.0
9142,20260627,159,5038,461.27,84.6,34.5,
9143,20251114,126,5079,1256.04,,34.9,0.0
9144,20260612,131,5068,1227.85,43.8,31.4,
9145,20260528,119,5010,83.27,13.9,22.7,3.0
9146,20260108,193,5079,351.12,,32.0,
9147,20251106,110,5037,1416.5,91.3,23.8,0.0
9148,20260705,240,5018,1427.08,61.0,32.8,3.0
9149,20260108,152,5009,1054.38,73.2,30.5,
9150,20250815,186,5060,1235.07,17.4,19.8,
9151,20251005,151,5078,641.12,14.1,31.9,0.0
9152,20251225,273,5034,579.06,42.2,24.0,3.0
9153,20260604,185,5021,1179.09,53.6,34.0,0.0
9154,20260606,165,5083,255.88,24.3,32.6,0.0
9155,20260317,178,5100,619.63,79.2,33.2,0.0
9156,20251210,291,5090,532.96,42.8,28.6,2.0
9157,20260727,297,5066,1294.55,72.8,18.9,1.0
9158,20260808,275,5013,908.75,54.2,27.2,3.0
9159,20251106,171,5064,291.35,54.4,32.0,0.0
9160,20260801,149,5078,1094.88,,24.7,3.0
9161,20251019,281,5029,1021.23,93.3,33.4,1.0
9162,20260402,255,5089,470.64,92.2,34.1,1.0
9163,20260609,136,5037,107.13,,19.0,0.0
9164,20260530,293,5005,99.85,31.3,25.2,
9165,20260309,284,5051,1326.84,86.0,22.9,0.0
9166,20250926,290,5044,1029.19,,25.3,1.0
9167,20260330,240,5086,254.81,11.6,32.5,
9168,20260802,167,5021,841.85,30.9,33.0,2.0
9169,20251012,103,5089,1012.9,89.5,26.0,2.0
9170,20260706,298,5061,,74.5,24.2,3.0
9171,20260215,177,5058,1016.48,67.4,21.5,2.0
9172,20260117,173,5046,596.64,62.9,31.5,0.0
9173,20250915,189,5066,75.33,17.1,34.0,3.0
9174,20260530,204,5040,174.72,91.4,33.1,3.0
9175,20260210,204,5038,84.93,62.8,22.2,0.0
9176,20260329,249,5084,1160.25,37.5,29.2,0.0
9177,20260524,294,5091,455.71,78.0,34.7,0.0
9178,20260614,268,5052,1244.66,29.5,26.4,3.0
9179,20260327,104,5054,768.49,35.5,21.4,3.0
9180,20251113,221,5031,216.09,14.0,33.9,0.0
9181,20260228,268,5040,1433.82,,26.4,2.0
9182,20260723,232,5086,344.23,55.9,26.8,0.0
9183,20251023,295,5042,132.68,69.1,,0.0
9184,20250913,139,5027,985.2,30.0,25.8,
9185,20260117,202,5031,1101.96,18.6,18.8,3.0
9186,20260328,159,5060,1483.11,31.0,32.0,0.0
9187,20260315,159,5020,514.39,12.4,18.4,3.0
9188,20250820,286,5091,660.17,43.6,26.4,
9189,20260425,292,5020,1000.41,73.0,19.5,0.0
9190,20260712,154,5005,364.75,32.8,18.0,
9191,20250907,222,5011,917.5,45.8,18.1,0.0
9192,20251227,160,5008,1155.81,15.8,28.8,0.0
9193,20260508,233,5076,1350.3,,31.6,3.0
9194,20250926,251,5016,1227.14,80.8,18.1,2.0
9195,20260123,242,5019,179.64,88.1,20.6,
9196,20260329,294,5014,134.41,52.0,22.1,0.0
9197,20251219,220,5058,1097.45,52.0,33.4,
9198,20251105,285,5017,904.53,92.4,31.8,0.0
9199,20260704,219,5020,813.17,31.1,,0.0
9200,20251126,188,5093,913.02,,28.2,0.0
9201,20260221,122,5010,390.45,56.8,28.4,0.0
9202,20251107,181,5037,851.91,10.2,27.8,0.0
9203,20260522,149,5099,,76.0,23.9,0.0
9204,20260524,210,5043,1104.32,84.5,30.0,0.0
9205,20260518,298,5089,1223.84,23.6,27.1,
9206,20260408,279,5041,499.1,,31.5,0.0
9207,20251118,207,5075,,,19.9,3.0
9208,20260718,154,5031,1452.41,28.3,24.8,3.0
9209,20260327,213,5092,301.56,52.6,19.4,0.0
9210,20260331,216,5062,983.36,41.2,18.3,
9211,20260310,243,5056,1425.12,12.6,33.0,3.0
9212,20250916,108,5053,537.09,63.3,22.4,
9213,20260125,196,5016,1430.17,30.4,22.5,0.0
9214,20260316,136,5083,143.48,18.4,28.2,
9215,20250918,248,5086,838.44,22.9,22.8,0.0
9216,20251121,133,5086,1417.82,16.2,31.3,0.0
9217,20260703,179,5071,1146.2,26.6,22.9,0.0
9218,20250912,289,5094,956.24,79.2,29.4,
9219,20260206,103,5076,123.33,43.6,33.2,2.0
9220,20251220,228,5039,1122.41,74.6,24.8,
9221,20260612,269,5091,121.58,28.4,19.3,
9222,20251231,191,5027,430.64,15.7,34.3,
9223,20260205,187,5061,369.91,75.3,20.4,
9224,20250818,158,5084,693.05,60.5,29.7,2.0
9225,20250905,208,5005,665.81,25.1,34.7,1.0
9226,20260727,209,5047,401.54,24.3,29.7,
9227,20250906,276,5021,655.35,13.9,33.0,1.0
9228,20260418,293,5051,,30.8,20.2,0.0
9229,20251225,204,5025,1378.48,56.7,19.8,3.0
9230,20251202,296,5045,85.86,87.8,23.8,0.0
9231,20260708,300,5009,1193.86,51.1,31.3,1.0
9232,20260601,277,5007,169.4,13.0,31.5,0.0
9233,20251014,238,5005,1478.32,19.6,34.1,0.0
9234,20250813,177,5033,1027.85,62.9,20.9,2.0
9235,20251014,184,5050,672.18,61.4,24.5,1.0
9236,20260305,251,5024,146.83,86.3,30.7,3.0
9237,20260320,106,5064,1286.92,90.6,21.1,0.0
9238,20250821,246,5060,1304.56,18.3,29.0,
9239,20260802,109,5085,879.51,75.7,32.5,0.0
9240,20260808,136,5051,1180.72,51.3,25.0,0.0
9241,20260203,140,5091,1346.49,37.2,30.3,0.0
9242,20260322,185,5042,1473.02,86.8,27.9,
9243,20260226,246,5058,1165.2,69.3,33.3,
9244,20251006,262,5018,1277.87,11.2,30.0,
9245,20260508,255,5042,1314.13,69.4,28.0,
9246,20260715,256,5096,1371.47,68.7,24.5,0.0
9247,20251019,247,5091,369.42,65.8,26.6,0.0
9248,20250820,201,5055,1490.59,64.3,24.8,0.0
9249,20250818,198,5085,1301.59,,22.3,
9250,20260213,153,5041,178.0,16.7,34.6,0.0
9251,20251004,201,5097,1470.24,49.3,27.8,0.0
9252,20260623,117,5073,1037.28,83.8,21.7,
9253,20250921,237,5090,1422.97,,21.3,2.0
9254,20251028,199,5024,1027.8,85.1,27.9,3.0
9255,20251207,149,5001,1125.44,79.8,34.6,0.0
9256,20251029,222,5022,62.13,24.8,24.0,
9257,20260503,128,5033,938.67,,32.9,0.0
9258,20260719,185,5054,770.93,36.3,34.4,3.0
9259,20251115,246,5012,344.06,30.3,,
9260,20260202,216,5063,699.4,94.3,21.0,1.0
9261,20260724,264,5043,780.57,,27.2,3.0
9262,20251215,178,5019,1469.16,53.4,27.5,2.0
9263,20260227,124,5006,187.26,76.1,25.0,1.0
9264,20251125,144,5018,897.57,19.7,31.3,
9265,20260509,127,5031,230.95,87.6,23.2,0.0
9266,20260207,273,5066,497.22,36.6,22.3,
9267,20260213,242,5078,1017.54,71.1,30.4,
9268,20260103,146,5064,929.29,35.9,32.4,
9269,20251019,109,5036,737.84,62.6,29.4,
9270,20251012,277,5026,641.88,19.7,31.1,
9271,20260418,255,5093,1302.1,,33.4,0.0
9272,20260630,226,5024,989.08,15.0,24.4,1.0
9273,20251120,107,5054,1148.33,70.8,28.9,
9274,20251231,148,5005,200.58,57.0,18.6,
9275,20260311,151,5099,1227.83,10.9,34.5,3.0
9276,20260517,118,5002,669.35,51.0,,2.0
9277,20251202,199,5081,1050.61,,23.6,2.0
9278,20260527,173,5047,192.53,25.8,23.8,2.0
9279,20260725,153,5092,768.1,12.8,31.2,
9280,20260204,160,5044,627.29,31.6,26.0,2.0
9281,20260629,175,5079,1352.02,14.0,23.2,0.0
9282,20260112,269,5048,1004.39,30.2,24.7,
9283,20260510,235,5044,836.9,94.3,21.7,0.0
9284,20260604,118,5001,1439.38,71.1,27.0,3.0
9285,20260325,217,5014,643.29,10.8,21.7,
9286,20260320,115,5062,392.47,83.9,22.3,
9287,20260114,195,5099,839.88,89.3,30.1,0.0
9288,20260305,233,5065,1363.78,27.2,18.3,0.0
9289,20251224,103,5026,1016.81,,20.7,0.0
9290,20260329,144,5028,85.63,58.3,33.9,1.0
9291,20250902,184,5019,1106.63,19.7,20.8,1.0
9292,20251010,206,5043,624.94,81.2,26.3,3.0
9293,20250822,201,5088,1175.11,24.3,33.9,2.0
9294,20260213,141,5085,977.83,42.3,23.8,
9295,20260312,129,5095,716.84,67.9,32.4,0.0
9296,20251125,134,5096,632.2,12.1,23.0,1.0
9297,20260608,238,5065,908.58,83.2,30.3,0.0
9298,20260403,208,5036,316.91,84.0,29.2,0.0
9299,20260729,223,5068,676.77,28.2,23.4,0.0
9300,20251216,291,5051,693.59,32.6,31.4,3.0
9301,20250820,118,5068,1254.66,16.5,33.3,3.0
9302,20251014,200,5076,796.57,29.8,20.7,0.0
9303,20251206,153,5079,876.32,68.1,30.8,
9304,20260526,134,5079,1047.29,74.1,25.3,2.0
9305,20251218,153,5026,698.94,25.9,24.9,0.0
9306,20250905,180,5056,,48.3,18.1,0.0
9307,20260407,211,5099,1426.92,23.6,26.9,2.0
9308,20251224,282,5094,1484.79,22.5,28.3,0.0
9309,20260522,271,5006,521.05,83.9,18.8,
9310,20250923,222,5059,321.53,85.1,18.3,
9311,20251204,141,5093,1379.33,17.5,34.1,1.0
9312,20250813,255,5076,923.23,19.5,25.3,1.0
9313,20251208,248,5071,1343.39,47.1,23.4,3.0
9314,20260127,180,5038,829.77,57.9,33.1,0.0
9315,20260528,251,5069,933.33,71.7,25.6,0.0
9316,20260704,152,5097,722.51,24.1,,1.0
9317,20260303,229,5059,892.13,91.1,30.0,0.0
9318,20251229,284,5006,400.66,73.3,20.2,
9319,20260318,276,5037,511.09,24.2,24.3,0.0
9320,20260218,218,5043,826.42,,25.2,0.0
9321,20250916,171,5003,246.59,67.8,27.4,0.0
9322,20251119,152,5053,545.03,18.6,30.8,
9323,20260320,102,5076,741.1,74.4,21.7,3.0
9324,20260629,137,5081,724.04,44.1,31.9,3.0
9325,20260620,215,5009,679.06,53.0,22.3,0.0
9326,20250906,117,5061,1463.07,19.6,28.9,0.0
9327,20260702,203,5054,1262.12,46.8,18.7,1.0
9328,20260111,255,5060,,,29.2,
9329,20260513,164,5078,,77.5,30.3,3.0
9330,20251204,235,5074,1265.98,73.1,28.6,2.0
9331,20251205,185,5030,1372.6,45.0,18.3,2.0
9332,20251021,246,5041,585.57,21.5,22.0,1.0
9333,20260530,226,5076,1125.98,60.8,27.8,
9334,20260208,218,5029,85.72,25.3,24.8,
9335,20260807,219,5058,92.52,18.1,27.0,
9336,20260111,248,5034,155.04,,33.4,0.0
9337,20250924,111,5039,1080.34,43.7,30.7,0.0
9338,20251011,289,5084,1405.85,31.8,24.4,0.0
9339,20251207,124,5005,230.96,24.4,34.1,0.0
9340,20251228,174,5030,689.18,47.6,24.6,0.0
9341,20260308,266,5086,1343.32,,30.8,
9342,20251122,217,5075,1182.03,24.5,26.9,
9343,20260402,189,5033,528.01,13.5,35.0,0.0
9344,20260619,280,5051,849.58,58.7,23.0,0.0
9345,20260806,283,5034,323.28,17.1,27.0,3.0
9346,20260709,177,5001,151.46,68.3,34.9,0.0
9347,20251122,201,5068,1243.3,89.1,20.3,0.0
9348,20260614,257,5030,905.84,38.7,30.1,1.0
9349,20260104,145,5006,1426.06,64.5,31.5,0.0
9350,20260703,207,5029,561.1,12.0,34.8,0.0
9351,20260712,164,5058,624.9,90.4,21.1,2.0
9352,20250824,146,5031,1212.08,11.0,27.5,2.0
9353,20260402,259,5051,824.86,77.3,33.2,
9354,20250904,288,5001,,16.6,32.7,3.0
9355,20250913,211,5056,990.02,54.4,23.9,1.0
9356,20260530,218,5007,1270.19,76.2,33.9,0.0
9357,20260501,199,5010,497.14,15.2,18.4,1.0
9358,20251118,269,5036,671.37,39.1,18.3,0.0
9359,20260512,147,5069,,48.0,33.2,1.0
9360,20260103,279,5070,994.66,77.6,,0.0
9361,20260301,246,5054,1172.11,10.2,19.8,0.0
9362,20251202,125,5003,56.33,32.1,18.7,2.0
9363,20260322,201,5065,925.03,37.2,23.0,0.0
9364,20251231,279,5094,429.74,56.6,27.0,2.0
9365,20260421,112,5099,911.83,45.1,26.4,1.0
9366,20260123,162,5082,,51.6,25.2,1.0
9367,20260616,141,5040,808.14,15.3,18.4,0.0
9368,20260729,171,5099,698.45,76.4,24.1,0.0
9369,20250923,261,5077,1261.14,52.9,26.8,0.0
9370,20251224,238,5085,762.35,47.1,31.0,0.0
9371,20260324,175,5007,977.21,61.8,31.6,0.0
9372,20250820,271,5064,1489.01,14.2,33.5,
9373,20250827,118,5075,958.37,10.6,22.1,3.0
9374,20250813,279,5028,,65.7,34.9,0.0
9375,20250917,286,5069,1172.22,29.3,31.8,3.0
9376,20251206,285,5085,904.99,12.0,19.2,1.0
9377,20260418,156,5071,76.13,48.2,28.3,3.0
9378,20260116,227,5037,197.43,33.2,20.5,1.0
9379,20251011,206,5100,1321.92,35.0,,0.0
9380,20251018,296,5015,542.85,13.4,30.6,1.0
9381,20260706,242,5031,69.13,89.4,23.9,3.0
9382,20251223,132,5050,983.43,29.7,30.8,0.0
9383,20260706,195,5072,617.57,37.9,26.6,
9384,20260807,120,5093,957.07,,21.4,1.0
9385,20260717,294,5043,765.44,17.2,26.4,0.0
9386,20260623,127,5023,297.83,86.7,26.9,0.0
9387,20251113,230,5070,1143.64,47.6,23.2,1.0
9388,20260524,297,5084,83.29,48.6,26.4,3.0
9389,20250919,300,5026,1009.27,,33.4,1.0
9390,20260722,184,5002,921.05,47.6,23.2,
9391,20250906,205,5088,266.39,89.0,33.0,0.0
9392,20251208,216,5055,312.68,21.7,18.4,
9393,20260322,143,5011,379.24,25.9,31.6,0.0
9394,20260603,165,5043,324.1,12.2,23.2,1.0
9395,20251116,154,5083,926.86,82.0,26.9,0.0
9396,20251011,230,5032,1240.22,56.5,20.3,0.0
9397,20250929,112,5062,,30.1,32.0,0.0
9398,20260125,219,5003,72.73,10.9,28.1,2.0
9399,20250925,107,5013,293.81,19.2,32.0,
9400,20260621,119,5017,110.68,73.9,19.0,0.0
9401,20260512,264,5096,1184.57,15.4,30.1,0.0
9402,20260630,278,5094,772.79,26.4,18.9,2.0
9403,20260729,273,5034,333.57,,26.6,
9404,20260108,292,5022,1413.61,86.1,25.6,0.0
9405,20260120,219,5085,1227.96,82.2,32.7,0.0
9406,20250923,198,5038,1188.97,55.4,23.7,2.0
9407,20260219,188,5086,1361.81,16.2,18.6,
9408,20260309,291,5033,994.25,62.5,23.5,0.0
9409,20260409,203,5054,664.04,13.4,34.5,0.0
9410,20260802,150,5021,426.37,12.5,23.4,
9411,20251205,202,5055,1217.15,35.7,31.5,0.0
9412,20260504,110,5027,,44.1,32.5,2.0
9413,20251031,103,5094,396.87,15.5,28.7,2.0
9414,20251114,165,5021,1420.53,67.3,31.9,
9415,20251126,130,5047,1115.43,64.2,30.1,2.0
9416,20250909,282,5013,468.01,80.7,29.1,0.0
9417,20260302,135,5098,86.08,82.7,24.7,2.0
9418,20260625,184,5037,1223.01,50.3,25.7,3.0
9419,20260408,272,5040,767.49,,21.7,0.0
9420,20260506,292,5070,1183.75,17.5,24.6,2.0
9421,20251024,219,5089,183.43,,22.6,
9422,20250907,225,5071,980.9,43.4,34.5,1.0
9423,20260731,219,5082,451.78,56.0,26.0,0.0
9424,20250901,118,5009,616.99,89.8,19.4,
9425,20250814,122,5010,1011.85,82.9,24.1,
9426,20251028,241,5020,916.46,,32.1,0.0
9427,20260605,269,5016,1356.87,87.6,32.1,2.0
9428,20251017,163,5001,1033.52,57.3,30.5,1.0
9429,20250917,283,5031,1367.06,90.9,20.5,2.0
9430,20251025,213,5009,420.78,63.6,23.4,1.0
9431,20260314,136,5100,1094.52,17.6,25.1,
9432,20260219,221,5099,836.99,86.0,19.1,1.0
9433,20260620,172,5098,764.77,76.8,22.7,1.0
9434,20260515,142,5035,352.0,31.6,33.0,2.0
9435,20251202,144,5023,986.61,14.8,31.5,
9436,20260123,105,5015,417.07,72.8,29.7,2.0
9437,20251005,256,5098,590.38,61.4,34.3,
9438,20260210,126,5058,418.86,36.2,22.5,0.0
9439,20260710,146,5044,1100.6,35.3,22.1,0.0
9440,20251029,176,5016,457.0,68.2,23.1,2.0
9441,20251221,132,5065,1000.21,89.9,23.8,0.0
9442,20260801,237,5099,1349.67,56.1,25.5,0.0
9443,20260623,290,5100,1464.02,65.9,20.8,
9444,20260213,201,5069,1010.86,20.2,25.6,3.0
9445,20260522,144,5060,657.31,15.3,24.1,
9446,20251017,120,5066,1394.84,20.6,26.4,
9447,20251119,272,5016,795.46,94.7,21.5,0.0
9448,20251009,296,5062,1016.07,90.7,31.0,
9449,20251130,103,5086,1315.24,33.3,19.2,
9450,20260624,274,5079,784.68,87.2,32.8,0.0
9451,20260404,170,5036,1190.5,69.4,24.6,
9452,20251002,140,5011,864.27,52.5,19.4,
9453,20260626,213,5046,1291.42,69.1,29.4,0.0
9454,20260509,192,5012,1008.96,49.5,31.0,3.0
9455,20251106,146,5046,1393.9,45.4,28.1,1.0
9456,20260703,156,5023,,16.1,23.2,3.0
9457,20251017,283,5050,1419.81,83.1,33.3,
9458,20250820,109,5025,963.47,21.0,,0.0
9459,20260409,273,5070,1289.28,58.0,32.0,0.0
9460,20260122,237,5033,1256.58,72.7,28.0,
9461,20251115,156,5093,362.96,18.2,23.6,
9462,20260715,214,5003,1469.02,13.3,29.5,0.0
9463,20250909,279,5080,1253.31,,31.4,0.0
9464,20260114,113,5099,800.5,18.0,33.4,0.0
9465,20251004,263,5012,398.49,45.9,29.5,0.0
9466,20260209,234,5009,92.48,,33.8,3.0
9467,20260211,265,5021,1011.34,89.2,29.1,3.0
9468,20250829,270,5019,718.05,51.1,25.3,1.0
9469,20251117,284,5044,579.13,90.5,20.1,
9470,20250914,269,5021,732.95,,26.8,1.0
9471,20260404,127,5067,1390.25,13.4,,2.0
9472,20260504,200,5089,1356.58,85.2,34.4,3.0
9473,20260111,277,5069,,,26.1,3.0
9474,20251125,179,5025,280.65,57.2,26.1,
9475,20260104,214,5062,1331.54,31.4,23.6,3.0
9476,20260315,114,5097,642.34,,18.0,2.0
9477,20260219,254,5081,1216.06,91.4,21.8,1.0
9478,20260206,102,5045,863.24,36.0,34.0,1.0
9479,20260115,113,5004,1002.49,52.9,26.0,2.0
9480,20260416,298,5044,990.8,23.8,20.1,
9481,20260403,197,5050,486.11,49.1,,0.0
9482,20260726,297,5097,1313.34,21.6,33.1,
9483,20251029,152,5056,1106.76,83.3,25.7,1.0
9484,20250829,164,5014,1495.38,71.9,29.2,1.0
9485,20250823,196,5066,1051.24,15.0,18.1,
9486,20251115,162,5100,1306.45,88.0,20.2,0.0
9487,20250903,152,5052,,,29.0,
9488,20250915,124,5028,84.48,64.8,20.8,0.0
9489,20251031,105,5022,1099.89,25.5,31.9,0.0
9490,20260325,208,5025,493.12,32.8,31.6,0.0
9491,20260428,108,5080,1209.58,57.9,29.0,1.0
9492,20251231,104,5082,573.71,50.3,25.3,0.0
9493,20250916,187,5062,1095.06,30.0,,1.0
9494,20260505,150,5100,914.03,70.2,27.7,0.0
9495,20260627,275,5076,821.42,52.4,33.5,1.0
9496,20251116,272,5096,,93.2,24.4,0.0
9497,20251024,117,5090,289.52,91.4,24.2,0.0
9498,20260524,157,5009,1242.96,62.6,21.0,0.0
9499,20251215,125,5096,124.15,84.5,24.3,0.0
9500,20251123,271,5030,335.76,26.2,22.3,3.0
9501,20260316,143,5085,299.71,63.4,29.5,2.0
9502,20260505,286,5100,1479.43,38.9,,0.0
9503,20250913,143,5064,925.09,50.2,22.0,0.0
9504,20260210,112,5072,334.42,68.2,23.2,0.0
9505,20260423,207,5099,116.23,11.4,28.8,0.0
9506,20260131,232,5059,727.79,,26.7,0.0
9507,20251129,128,5050,379.55,31.7,34.8,0.0
9508,20260707,184,5042,1120.54,86.0,27.7,0.0
9509,20251105,183,5083,1365.13,62.1,28.3,
9510,20251203,244,5048,1274.58,58.9,24.1,1.0
9511,20250904,261,5026,905.92,44.1,24.1,3.0
9512,20251017,149,5006,440.98,46.0,22.0,2.0
9513,20260705,260,5005,1193.28,70.7,29.2,3.0
9514,20250930,154,5058,550.77,78.0,28.7,1.0
9515,20250814,239,5025,961.88,36.2,20.9,
9516,20260130,202,5001,1044.16,42.7,29.7,
9517,20251210,210,5074,400.45,55.4,32.6,0.0
9518,20251013,131,5046,1391.8,32.7,22.5,
9519,20251114,160,5003,141.98,67.6,18.6,2.0
9520,20250907,155,5086,249.68,31.1,22.4,0.0
9521,20260415,128,5048,,57.4,,1.0
9522,20260618,192,5084,559.19,37.1,32.7,2.0
9523,20260315,183,5044,563.8,74.5,24.1,
9524,20260730,145,5054,1031.05,77.7,32.9,
9525,20260311,104,5096,1049.24,39.5,29.9,0.0
9526,20260204,203,5001,972.24,70.4,28.4,0.0
9527,20251108,268,5041,484.85,61.2,34.6,
9528,20250919,181,5060,548.07,57.0,30.0,0.0
9529,20260605,104,5011,1004.0,57.0,34.4,
9530,20260305,200,5018,1441.16,66.2,19.2,0.0
9531,20260807,155,5013,186.61,44.4,27.6,0.0
9532,20260611,218,5077,354.09,77.1,29.1,1.0
9533,20260218,157,5067,379.11,23.2,24.5,0.0
9534,20251010,117,5072,143.86,31.2,29.8,
9535,20251002,269,5099,1367.84,92.7,28.3,2.0
9536,20250913,172,5015,915.11,,32.2,0.0
9537,20251129,267,5076,1169.08,80.6,19.1,3.0
9538,20260506,260,5018,1045.66,82.8,32.6,0.0
9539,20260122,195,5061,1042.59,86.1,26.7,3.0
9540,20260505,112,5064,1245.33,89.8,23.6,0.0
9541,20260807,118,5071,1138.37,63.6,30.3,3.0
9542,20251112,156,5071,949.64,14.8,32.7,0.0
9543,20260204,206,5093,1257.03,18.9,26.8,0.0
9544,20251221,178,5098,529.39,46.1,19.1,0.0
9545,20250814,297,5044,164.07,30.9,32.9,2.0
9546,20251217,254,5016,1096.25,76.3,31.1,0.0
9547,20260426,228,5080,1363.19,19.9,26.8,
9548,20260702,127,5005,211.93,68.7,22.6,0.0
9549,20260520,283,5082,396.55,21.3,34.5,0.0
9550,20260619,238,5041,561.26,41.8,31.2,0.0
9551,20260706,246,5032,92.33,68.6,21.8,1.0
9552,20260316,144,5040,1490.95,31.7,,2.0
9553,20250920,165,5069,291.96,68.6,27.9,1.0
9554,20260417,125,5055,569.06,39.2,29.7,0.0
9555,20260503,254,5038,1333.13,92.6,25.9,0.0
9556,20250817,184,5005,1234.82,,30.2,0.0
9557,20260803,262,5014,266.03,44.1,27.3,0.0
9558,20260619,279,5008,679.49,78.0,23.3,3.0
9559,20260408,200,5039,1029.68,54.9,32.8,0.0
9560,20250930,274,5086,1363.86,45.7,21.0,
9561,20260208,298,5018,1218.88,85.4,22.8,0.0
9562,20251107,278,5090,548.72,26.6,20.6,2.0
9563,20260508,135,5034,1053.26,49.0,33.2,
9564,20260801,186,5049,809.18,34.1,31.1,0.0
9565,20251219,145,5020,769.07,32.6,31.9,3.0
9566,20260509,263,5036,816.37,40.9,27.1,
9567,20251019,295,5044,853.31,70.9,18.1,3.0
9568,20260725,277,5053,1031.5,72.9,29.9,0.0
9569,20260331,182,5010,555.41,85.1,26.8,
9570,20260729,271,5068,546.22,,24.5,0.0
9571,20260627,224,5047,166.36,27.3,30.3,2.0
9572,20260415,118,5010,966.29,,28.7,0.0
9573,20260705,186,5064,675.51,89.4,30.1,
9574,20260121,105,5040,109.42,17.1,27.5,
9575,20260726,256,5095,925.26,,28.6,0.0
9576,20260218,250,5039,1367.84,38.9,27.2,0.0
9577,20251115,215,5053,,,25.7,
9578,20260415,198,5003,386.62,32.5,21.4,0.0
9579,20260701,231,5004,185.96,94.3,33.3,
9580,20251231,264,5037,741.12,38.3,22.3,0.0
9581,20260109,290,5042,1357.72,64.5,29.2,0.0
9582,20260808,160,5024,491.43,24.2,26.3,0.0
9583,20251201,229,5092,1251.76,79.1,23.2,0.0
9584,20250825,251,5012,503.36,63.7,31.7,
9585,20260216,281,5018,1042.18,55.2,19.8,2.0
9586,20251213,104,5068,1048.52,35.4,24.0,2.0
9587,20260322,160,5078,1062.88,82.8,27.3,0.0
9588,20260115,106,5077,1389.52,75.3,21.3,0.0
9589,20260123,258,5013,655.92,42.2,31.3,3.0
9590,20260730,295,5047,737.16,53.0,27.1,0.0
9591,20260526,132,5015,838.53,,23.8,1.0
9592,20251123,180,5013,206.1,16.3,24.9,0.0
9593,20260730,161,5034,710.66,,32.3,1.0
9594,20260208,289,5099,408.8,20.5,24.9,1.0
9595,20260417,210,5043,412.76,87.3,19.1,
9596,20260127,294,5041,188.43,33.2,26.3,2.0
9597,20251003,163,5016,1272.99,51.7,24.4,3.0
9598,20260729,259,5024,1276.49,61.9,26.1,2.0
9599,20260326,121,5074,,86.7,19.5,1.0
9600,20260410,116,5028,1254.16,66.2,30.6,1.0
9601,20251129,136,5075,593.1,34.5,30.3,2.0
9602,20251123,196,5011,663.61,59.9,21.4,2.0
9603,20260529,228,5030,1096.77,84.7,23.0,2.0
9604,20250815,176,5007,,94.2,29.9,3.0
9605,20250824,152,5036,,24.8,34.7,3.0
9606,20251121,139,5040,666.83,,33.4,3.0
9607,20260315,197,5098,1330.31,27.4,27.7,1.0
9608,20250829,153,5071,302.01,28.2,32.3,
9609,20251129,265,5097,665.26,87.1,24.8,3.0
9610,20260114,110,5070,794.86,62.6,25.1,
9611,20260408,161,5011,812.29,85.0,31.2,
9612,20250810,286,5092,791.19,41.8,20.0,0.0
9613,20251110,254,5071,1186.13,64.8,20.9,0.0
9614,20251216,214,5074,691.01,79.0,30.7,
9615,20251121,290,5089,281.69,40.6,29.2,0.0
9616,20260620,185,5070,904.28,82.6,28.5,
9617,20260410,135,5039,1402.72,15.2,27.3,
9618,20260518,172,5071,664.65,36.9,30.3,
9619,20251005,182,5085,389.36,20.1,28.9,1.0
9620,20250910,265,5039,925.09,41.3,25.3,0.0
9621,20251117,295,5013,675.66,90.2,33.0,
9622,20260809,111,5052,79.26,16.4,24.7,0.0
9623,20251021,234,5097,1273.92,55.0,33.9,3.0
9624,20260312,207,5006,1388.27,,19.3,
9625,20250908,266,5040,916.68,50.8,20.4,0.0
9626,20251029,174,5054,1427.24,58.4,23.3,2.0
9627,20260130,293,5012,681.95,88.0,27.7,3.0
9628,20251217,107,5085,766.4,86.3,28.7,0.0
9629,20260603,159,5043,136.01,14.1,21.1,0.0
9630,20260331,288,5035,536.6,91.4,22.4,2.0
9631,20260111,185,5095,1082.8,79.1,,0.0
9632,20260729,188,5007,1095.6,57.4,34.6,0.0
9633,20250914,163,5018,1241.18,32.1,33.8,
9634,20251113,153,5009,832.79,72.9,25.2,2.0
9635,20251128,239,5013,1380.64,94.8,18.7,
9636,20251201,114,5076,,12.2,29.7,0.0
9637,20260304,271,5001,1031.91,,19.7,0.0
9638,20260415,164,5014,1099.18,21.9,32.3,0.0
9639,20251206,276,5062,689.03,44.4,19.6,
9640,20260309,279,5006,1031.21,35.5,22.6,2.0
9641,20260417,285,5061,194.94,90.8,29.3,
9642,20251022,157,5047,301.2,73.1,24.1,0.0
9643,20250928,256,5052,1152.85,55.5,28.4,0.0
9644,20260228,198,5070,456.58,67.8,23.7,1.0
9645,20251128,234,5014,382.27,93.2,27.1,
9646,20250910,183,5034,1174.33,89.9,29.8,0.0
9647,20260305,147,5021,,36.2,21.3,0.0
9648,20260327,214,5076,819.36,73.3,23.4,3.0
9649,20260225,262,5072,,94.0,20.6,3.0
9650,20251225,102,5032,778.02,64.0,26.5,1.0
9651,20260626,117,5011,1282.8,88.3,34.7,2.0
9652,20260116,226,5043,181.15,63.7,18.4,0.0
9653,20250929,118,5022,473.04,11.1,28.5,0.0
9654,20260118,150,5024,270.77,45.8,23.0,0.0
9655,20251202,114,5084,260.61,73.2,19.2,0.0
9656,20260718,263,5073,931.32,43.1,31.2,3.0
9657,20260427,137,5090,401.32,71.7,22.1,0.0
9658,20260128,153,5014,481.78,42.1,23.8,3.0
9659,20260113,133,5081,116.99,83.5,20.2,0.0
9660,20260110,124,5003,1035.31,63.3,22.9,0.0
9661,20260107,145,5061,851.82,30.6,32.1,0.0
9662,20250820,252,5028,1188.88,47.9,31.9,0.0
9663,20260302,241,5094,394.44,36.3,19.6,0.0
9664,20260726,153,5091,407.16,18.7,19.1,0.0
9665,20260111,161,5017,,79.0,32.9,
9666,20260513,230,5022,,77.9,,3.0
9667,20260323,121,5095,588.07,77.6,21.2,3.0
9668,20251128,210,5088,598.97,54.1,21.1,3.0
9669,20251106,286,5066,317.97,51.7,19.1,
9670,20260213,220,5031,933.97,91.2,19.9,2.0
9671,20250925,180,5053,209.79,63.5,27.6,0.0
9672,20260224,143,5001,530.29,42.8,19.4,
9673,20260305,285,5088,906.18,10.8,19.6,0.0
9674,20251125,151,5067,1135.31,16.6,28.3,2.0
9675,20260513,163,5035,961.63,75.7,,0.0
9676,20251231,209,5074,331.42,47.2,32.0,
9677,20260104,146,5094,173.37,39.7,25.4,
9678,20250812,256,5100,1283.72,10.8,26.0,
9679,20260601,164,5025,344.53,,25.3,0.0
9680,20260626,178,5064,483.77,24.0,29.3,0.0
9681,20260125,174,5071,682.02,10.2,21.4,3.0
9682,20250829,248,5031,,71.8,32.8,3.0
9683,20250830,215,5008,,26.2,21.6,0.0
9684,20260609,263,5056,1203.54,45.3,31.5,0.0
9685,20260404,152,5028,1335.57,,24.7,0.0
9686,20251210,170,5079,1044.23,31.6,32.7,0.0
9687,20250914,224,5086,1290.84,14.5,23.3,0.0
9688,20251124,121,5050,1013.49,87.4,27.4,
9689,20260202,193,5025,898.62,50.9,21.3,1.0
9690,20251209,202,5068,751.28,57.4,33.1,1.0
9691,20250901,197,5038,1033.4,79.0,20.7,
9692,20260508,143,5045,205.44,56.0,23.5,
9693,20260413,221,5018,72.91,77.1,18.1,1.0
9694,20260507,213,5052,263.26,91.8,21.8,0.0
9695,20250829,209,5076,897.59,53.5,24.1,
9696,20251024,230,5053,1425.65,29.3,22.1,2.0
9697,20251001,257,5075,1407.39,21.4,33.6,0.0
9698,20260507,289,5037,927.19,88.7,30.7,0.0
9699,20260207,211,5035,615.25,15.1,34.4,0.0
9700,20251030,295,5032,1184.28,43.2,31.9,0.0
9701,20260414,140,5079,542.61,16.8,19.5,
9702,20260617,224,5016,143.14,73.5,19.7,0.0
9703,20251128,106,5091,705.28,62.5,23.7,2.0
9704,20251201,296,5054,1292.99,35.1,23.1,0.0
9705,20260807,198,5033,788.39,41.6,24.9,2.0
9706,20250812,210,5083,1270.69,82.3,23.6,0.0
9707,20260203,122,5078,254.82,62.6,32.5,
9708,20260418,295,5064,940.86,74.8,19.2,0.0
9709,20250920,177,5001,,62.5,27.8,2.0
9710,20250810,253,5015,1110.17,79.2,29.4,2.0
9711,20260318,238,5052,759.3,74.0,24.1,0.0
9712,20250923,140,5076,1239.14,48.5,27.7,2.0
9713,20250914,242,5025,275.65,84.4,32.5,0.0
9714,20251023,287,5096,192.03,23.9,,0.0
9715,20260130,145,5033,847.42,89.2,18.7,0.0
9716,20260610,166,5089,625.75,65.0,19.6,
9717,20260119,198,5017,1354.84,34.3,31.7,
9718,20250830,219,5074,1190.93,,18.0,0.0
9719,20250923,179,5024,,32.9,25.3,0.0
9720,20260105,217,5083,1035.13,31.9,29.2,2.0
9721,20260804,173,5075,680.97,11.2,20.1,
9722,20260606,197,5016,751.87,50.4,27.4,1.0
9723,20260614,244,5086,1170.67,81.6,21.2,1.0
9724,20260226,256,5032,570.53,24.4,19.1,0.0
9725,20260606,224,5017,869.08,,22.5,3.0
9726,20260416,119,5092,1039.54,55.3,33.7,3.0
9727,20260620,186,5006,756.62,46.0,23.6,
9728,20260323,135,5030,691.0,71.1,24.3,
9729,20260115,284,5032,473.43,40.1,31.7,
9730,20260330,221,5096,1283.14,41.3,32.7,0.0
9731,20251016,151,5006,1123.7,54.1,31.4,0.0
9732,20260605,140,5094,1268.71,,32.9,
9733,20260407,149,5010,167.41,37.4,28.5,0.0
9734,20251011,102,5088,1301.91,60.9,26.8,
9735,20260508,104,5051,131.9,83.7,31.7,0.0
9736,20260226,229,5018,447.54,33.2,34.5,1.0
9737,20260131,287,5028,124.12,92.9,25.4,
9738,20251124,286,5036,1222.85,66.1,25.4,0.0
9739,20260411,196,5015,307.49,69.3,25.1,0.0
9740,20260727,226,5074,,28.1,32.5,
9741,20260206,204,5001,986.99,74.0,23.1,1.0
9742,20260411,207,5084,1126.48,51.6,29.4,0.0
9743,20251231,202,5027,805.08,75.0,30.2,0.0
9744,20260422,291,5092,862.67,52.8,33.3,3.0
9745,20250918,196,5015,854.68,60.4,26.6,
9746,20260109,199,5090,99.61,12.4,20.0,0.0
9747,20260112,226,5002,358.92,36.7,29.2,
9748,20250820,179,5053,1413.19,50.6,33.8,3.0
9749,20260124,265,5014,975.03,49.9,21.3,0.0
9750,20260304,251,5044,1326.72,,20.2,
9751,20250814,119,5027,296.65,64.5,25.0,0.0
9752,20251128,205,5058,,82.1,25.6,0.0
9753,20260403,110,5019,629.66,27.8,,0.0
9754,20260702,132,5019,1153.79,,20.4,2.0
9755,20260324,199,5093,118.48,11.3,18.5,1.0
9756,20250825,245,5083,990.43,36.5,32.0,
9757,20260707,142,5016,118.91,63.2,31.3,1.0
9758,20260728,150,5048,62.34,13.4,22.7,1.0
9759,20260128,296,5042,1182.26,59.9,32.7,2.0
9760,20260501,212,5053,1193.58,,27.9,0.0
9761,20251119,166,5049,446.06,72.0,20.5,0.0
9762,20260804,298,5085,1043.02,55.5,28.4,0.0
9763,20251218,293,5067,715.9,36.9,20.4,
9764,20260619,285,5088,554.58,75.6,19.3,0.0
9765,20260210,190,5036,956.88,79.5,28.4,
9766,20251215,231,5057,827.88,29.5,21.0,
9767,20260425,282,5085,1099.22,14.7,25.6,0.0
9768,20251230,226,5026,398.14,30.1,34.3,0.0
9769,20250901,263,5082,664.75,92.7,28.9,3.0
9770,20260407,277,5019,782.23,46.9,31.5,0.0
9771,20251216,195,5027,114.75,12.2,23.8,1.0
9772,20260430,279,5050,1338.57,21.3,25.3,0.0
9773,20251212,115,5046,1253.65,40.2,29.3,2.0
9774,20260428,267,5025,1014.29,56.9,27.2,2.0
9775,20260524,199,5086,697.29,44.8,20.9,0.0
9776,20251119,209,5085,153.92,63.8,27.8,1.0
9777,20260516,289,5032,1313.45,42.6,30.5,0.0
9778,20251128,164,5063,504.68,70.9,26.5,0.0
9779,20260101,163,5063,403.34,82.6,20.3,3.0
9780,20260711,223,5036,457.19,45.6,20.0,0.0
9781,20260403,109,5056,137.15,40.4,20.4,0.0
9782,20251225,193,5007,840.96,67.5,18.3,
9783,20260129,262,5033,281.54,87.1,26.7,3.0
9784,20260408,281,5001,54.24,,30.3,2.0
9785,20260308,274,5056,390.78,87.1,28.5,1.0
9786,20260715,108,5060,1003.42,37.8,21.3,0.0
9787,20260520,279,5021,,17.0,30.9,0.0
9788,20260218,271,5008,1204.34,24.6,34.5,0.0
9789,20250926,266,5008,302.03,14.8,33.0,0.0
9790,20251206,138,5096,1167.87,52.5,33.6,1.0
9791,20260725,167,5059,1123.34,21.0,19.8,0.0
9792,20251215,255,5068,1043.45,24.0,33.1,0.0
9793,20260323,217,5038,161.36,21.6,31.3,0.0
9794,20260104,275,5027,1140.78,36.4,34.2,
9795,20250826,138,5053,610.77,65.7,29.5,
9796,20260617,166,5015,226.26,87.8,24.2,0.0
9797,20251007,164,5037,1180.62,54.7,23.9,3.0
9798,20250914,255,5019,646.06,84.5,,2.0
9799,20250917,249,5037,652.24,21.1,34.7,
9800,20260717,270,5036,,33.6,19.3,2.0
9801,20260131,142,5023,829.33,,27.5,1.0
9802,20260515,104,5055,1031.27,15.2,30.8,
9803,20260804,130,5099,1036.32,39.7,30.3,0.0
9804,20260601,298,5002,990.34,76.8,34.6,0.0
9805,20260505,124,5061,1067.05,63.8,26.7,
9806,20251104,265,5098,1486.02,37.3,34.2,0.0
9807,20260705,283,5068,1120.51,41.7,18.6,0.0
9808,20251012,199,5009,920.34,38.6,30.4,2.0
9809,20260702,202,5076,725.49,78.1,32.5,1.0
9810,20260513,281,5059,789.91,64.5,18.1,
9811,20260110,251,5045,1074.32,50.0,34.5,0.0
9812,20250902,121,5039,989.62,48.5,,0.0
9813,20260321,233,5083,671.2,72.0,29.8,0.0
9814,20250920,149,5029,317.07,60.2,32.8,
9815,20260615,209,5058,111.98,13.2,26.9,1.0
9816,20250905,143,5026,562.7,48.0,19.3,
9817,20260516,210,5089,167.15,86.0,29.9,0.0
9818,20260319,165,5036,1063.19,88.3,21.4,1.0
9819,20260613,278,5062,194.6,88.8,31.9,0.0
9820,20260714,178,5050,123.01,75.7,33.3,0.0
9821,20251205,229,5035,737.14,37.4,21.6,
9822,20260422,237,5021,62.81,86.2,22.1,2.0
9823,20251226,269,5062,,,18.0,0.0
9824,20260806,198,5029,400.09,,24.1,0.0
9825,20260308,251,5057,862.91,57.6,22.5,
9826,20251022,179,5018,1313.47,73.7,21.2,1.0
9827,20251110,288,5003,90.0,,30.5,0.0
9828,20260117,206,5100,998.61,71.8,19.8,2.0
9829,20251122,293,5031,823.04,73.7,33.5,0.0
9830,20251022,287,5083,929.65,38.1,23.8,0.0
9831,20251008,123,5063,201.09,24.5,27.8,
9832,20260603,128,5050,364.2,90.2,28.5,0.0
9833,20260601,263,5029,59.31,89.7,30.6,0.0
9834,20251019,247,5071,588.41,73.3,29.0,3.0
9835,20260311,299,5066,1158.88,80.5,20.2,0.0
9836,20260328,189,5083,1329.12,,19.4,
9837,20260411,137,5019,897.0,77.4,29.6,
9838,20251023,169,5015,166.73,81.9,28.1,2.0
9839,20260602,292,5035,434.01,14.4,34.5,2.0
9840,20260702,154,5093,981.74,66.1,28.1,0.0
9841,20251219,292,5048,574.62,78.5,32.3,
9842,20260106,202,5067,1405.37,75.7,34.9,0.0
9843,20260226,279,5033,659.46,82.4,28.6,0.0
9844,20250905,179,5089,735.29,82.4,29.2,1.0
9845,20251016,102,5013,944.41,60.1,,1.0
9846,20260504,144,5035,548.97,63.9,19.1,0.0
9847,20260709,226,5085,614.75,24.9,24.4,3.0
9848,20260402,101,5067,216.58,33.3,19.1,3.0
9849,20260207,125,5040,319.79,68.3,28.9,3.0
9850,20260610,118,5096,670.29,82.0,23.4,0.0
9851,20260306,299,5052,163.46,46.4,,0.0
9852,20260130,279,5003,686.83,84.6,20.2,0.0
9853,20251216,207,5009,1114.82,27.8,33.4,3.0
9854,20260324,235,5073,1225.78,63.1,32.1,1.0
9855,20260302,207,5014,1047.74,52.2,34.6,
9856,20250929,268,5031,1029.81,67.7,23.1,0.0
9857,20250903,174,5037,775.69,59.7,28.8,3.0
9858,20260113,288,5033,1137.62,89.5,31.4,0.0
9859,20251225,211,5032,1277.36,62.4,18.4,2.0
9860,20250904,144,5097,398.75,22.1,27.7,1.0
9861,20250907,146,5086,563.84,79.7,18.5,
9862,20260523,196,5072,204.5,66.5,32.9,3.0
9863,20251127,148,5079,1126.17,38.9,19.3,1.0
9864,20250922,281,5074,1159.12,13.2,32.0,2.0
9865,20251102,135,5068,603.44,10.1,18.2,0.0
9866,20260318,151,5024,,57.6,30.9,0.0
9867,20251209,225,5081,838.66,74.6,,
9868,20251030,147,5064,1412.94,39.1,34.7,2.0
9869,20260720,229,5068,589.77,70.7,29.2,3.0
9870,20260713,129,5001,766.91,90.0,34.8,
9871,20251110,216,5020,715.21,34.0,25.1,2.0
9872,20260424,246,5003,333.62,45.3,28.6,0.0
9873,20250903,155,5042,1276.8,72.9,23.0,0.0
9874,20260624,148,5099,810.89,49.9,28.3,0.0
9875,20260730,152,5089,1133.79,37.2,24.2,2.0
9876,20250906,116,5099,1243.59,81.2,32.4,2.0
9877,20260308,292,5071,117.48,,21.3,
9878,20260618,147,5054,1107.69,15.9,22.5,2.0
9879,20260717,295,5073,365.25,94.4,28.3,3.0
9880,20260209,150,5044,1000.15,67.4,21.5,3.0
9881,20260103,167,5001,1090.21,61.7,19.0,0.0
9882,20250830,205,5062,1435.28,,32.5,0.0
9883,20260422,213,5025,1017.46,,25.0,1.0
9884,20250919,261,5024,1444.05,38.4,34.1,0.0
9885,20260129,260,5014,487.79,62.3,24.3,0.0
9886,20260711,128,5094,1191.82,45.5,23.7,
9887,20251114,263,5040,1334.33,36.5,31.7,0.0
9888,20250820,143,5093,305.07,71.5,34.7,3.0
9889,20251211,121,5098,665.18,73.6,31.4,
9890,20251113,176,5055,1104.91,11.9,24.1,0.0
9891,20251210,122,5033,51.23,15.1,21.0,0.0
9892,20260516,197,5090,1429.57,,31.1,0.0
9893,20250929,132,5035,210.15,11.9,34.4,3.0
9894,20260226,171,5076,1218.03,77.2,30.7,0.0
9895,20260505,117,5026,653.34,27.4,33.8,0.0
9896,20260714,188,5081,190.31,85.2,29.5,0.0
9897,20260409,108,5052,482.38,16.5,35.0,1.0
9898,20260627,250,5086,958.0,54.8,27.3,
9899,20251104,161,5078,198.29,52.3,32.6,0.0
9900,20250905,223,5073,319.07,52.2,29.0,
9901,20260722,225,5073,791.47,48.2,29.7,0.0
9902,20260706,273,5046,213.41,54.3,34.5,
9903,20260424,295,5013,625.33,65.3,18.3,
9904,20260517,126,5049,821.2,86.7,31.6,0.0
9905,20250822,103,5061,661.17,,34.9,0.0
9906,20260804,116,5080,1336.4,85.9,26.4,
9907,20260723,169,5026,652.7,26.0,22.5,0.0
9908,20260316,293,5032,,28.6,,0.0
9909,20260322,102,5042,1270.49,53.1,33.0,0.0
9910,20250908,271,5006,613.03,34.4,23.6,0.0
9911,20260227,250,5044,596.81,70.5,24.1,2.0
9912,20260722,111,5046,1466.59,62.1,34.8,3.0
9913,20251117,125,5061,611.87,50.9,29.6,0.0
9914,20250825,155,5098,790.25,78.4,27.7,2.0
9915,20250823,234,5031,750.4,78.5,21.6,1.0
9916,20260211,102,5069,81.68,,30.2,0.0
9917,20260405,197,5043,597.24,30.8,18.5,
9918,20260114,255,5064,860.16,,23.7,1.0
9919,20251129,234,5030,1443.87,72.7,31.0,
9920,20260617,295,5056,54.34,67.6,33.2,
9921,20260731,169,5072,453.54,,30.9,
9922,20250817,225,5003,368.84,79.3,29.4,0.0
9923,20250830,222,5089,1040.22,34.8,31.3,1.0
9924,20260520,294,5010,1384.77,17.4,19.7,0.0
9925,20260602,187,5014,380.36,65.3,33.5,
9926,20260221,255,5073,1106.96,31.2,27.6,2.0
9927,20260620,210,5018,1050.64,65.5,24.3,3.0
9928,20260416,187,5030,164.2,83.5,27.6,2.0
9929,20260507,195,5053,549.55,14.6,28.7,0.0
9930,20260228,275,5006,1464.52,25.4,22.0,2.0
9931,20250829,188,5027,1132.89,11.4,28.9,
9932,20260517,181,5060,,61.4,27.8,0.0
9933,20260421,162,5053,1434.67,26.9,29.8,
9934,20260114,193,5069,1482.36,28.9,31.8,3.0
9935,20260113,271,5095,911.1,87.4,24.8,0.0
9936,20250929,203,5010,1008.91,55.9,25.5,2.0
9937,20260117,197,5014,293.12,72.1,18.5,
9938,20260704,257,5088,1405.81,68.2,32.7,0.0
9939,20260804,115,5071,,15.7,34.7,3.0
9940,20251222,192,5057,917.55,59.3,20.6,0.0
9941,20251019,185,5092,456.23,89.0,34.7,3.0
9942,20260116,126,5018,113.34,51.3,33.5,0.0
9943,20250831,101,5029,433.12,93.0,23.6,3.0
9944,20251102,217,5095,596.82,89.2,,
9945,20260313,279,5028,1408.13,52.4,34.6,0.0
9946,20251101,203,5028,260.47,48.9,27.0,0.0
9947,20260510,286,5048,186.57,49.4,30.2,0.0
9948,20260701,136,5013,837.66,30.4,22.4,3.0
9949,20260527,107,5005,296.99,45.4,34.9,3.0
9950,20260305,255,5033,794.67,75.0,28.3,2.0
9951,20260807,132,5002,457.11,48.8,20.5,0.0
9952,20250815,236,5076,229.91,36.4,18.2,
9953,20260430,172,5053,329.24,39.6,34.9,0.0
9954,20260603,280,5016,176.88,38.1,26.8,1.0
9955,20250907,293,5036,215.61,85.3,29.2,0.0
9956,20250925,164,5083,1059.96,27.7,28.0,0.0
9957,20251015,195,5076,1170.38,86.5,20.4,0.0
9958,20250826,216,5058,1421.7,52.9,31.2,0.0
9959,20251215,259,5027,995.41,62.1,31.4,3.0
9960,20260406,276,5012,1279.57,78.5,32.1,2.0
9961,20251107,269,5044,746.66,69.1,23.5,0.0
9962,20251125,222,5031,,,26.7,0.0
9963,20260319,232,5079,812.44,75.6,21.4,2.0
9964,20260201,206,5016,1107.19,71.4,30.2,3.0
9965,20250923,270,5012,1262.94,19.2,34.3,0.0
9966,20250907,149,5033,804.93,14.3,18.8,
9967,20251109,101,5077,415.46,42.5,26.1,0.0
9968,20260224,264,5069,886.0,27.4,21.6,0.0
9969,20260207,183,5096,1346.87,36.8,26.0,0.0
9970,20260506,105,5081,893.37,27.5,30.8,
9971,20251218,263,5098,700.75,,20.6,
9972,20260710,193,5031,920.39,55.7,24.3,0.0
9973,20251029,112,5006,507.8,72.2,27.4,0.0
9974,20260428,289,5061,1398.29,,27.4,0.0
9975,20260720,184,5089,245.49,68.7,27.6,0.0
9976,20260522,274,5036,760.98,26.0,29.7,0.0
9977,20251125,214,5070,210.05,90.4,26.8,2.0
9978,20260406,160,5022,842.11,17.0,21.5,2.0
9979,20260218,256,5085,643.37,41.0,19.0,2.0
9980,20251115,225,5097,536.84,73.3,22.3,1.0
9981,20260422,203,5090,655.39,15.9,25.8,0.0
9982,20260210,290,5094,799.34,92.8,27.4,2.0
9983,20250829,257,5001,187.64,,31.7,
9984,20260705,121,5063,948.73,38.6,22.4,1.0
9985,20260425,190,5028,1011.22,76.8,18.4,0.0
9986,20260325,210,5053,1492.61,49.5,28.1,3.0
9987,20251120,222,5043,1342.51,22.2,29.8,0.0
9988,20251023,269,5013,63.65,31.3,20.0,0.0
9989,20250929,280,5012,161.61,46.7,22.7,0.0
9990,20260802,126,5065,356.33,78.0,23.4,0.0
9991,20251102,288,5075,1211.14,45.9,30.6,
9992,20260508,199,5030,1288.53,42.8,27.4,0.0
9993,20251026,176,5074,1304.62,33.9,22.1,0.0
9994,20251224,256,5036,504.41,19.0,32.4,0.0
9995,20260604,150,5001,1299.28,63.7,24.6,3.0
9996,20250930,283,5055,187.33,20.5,26.4,0.0
9997,20260802,137,5090,641.51,80.1,18.6,0.0
9998,20260422,234,5045,1252.18,36.0,18.6,3.0
9999,20260404,247,5046,293.84,53.1,22.7,0.0
10000,20260123,284,5097,718.45,47.1,31.9,
